Order ID,Order Date,Ship Date,Ship Mode,Customer ID,Customer Name,Segment,City,State,Postal Code,Product ID,Category,Sub-Category,Product Name,Sales,Quantity,Discount,Profit
CA-2011-130813,2016-01-06,2016-01-08,Second Class,LS-17230,Lycoris Saunders,Consumer,Los Angeles,California,90049,OFF-PA-10002005,Office Supplies,Paper,Xerox 225,19.44,3,0.0,9.3312
CA-2011-157147,2016-01-13,2016-01-18,Standard Class,BD-11605,Brian Dahlen,Consumer,San Francisco,California,94109,OFF-ST-10000078,Office Supplies,Storage,Tennsco 6- and 18-Compartment Lockers,1325.8500000000001,5,0.0,238.6529999999999
CA-2011-157147,2016-01-13,2016-01-18,Standard Class,BD-11605,Brian Dahlen,Consumer,San Francisco,California,94109,FUR-BO-10003034,Furniture,Bookcases,"O'Sullivan Elevations Bookcase, Cherry Finish",333.99899999999997,3,0.15,3.929400000000008
CA-2011-157147,2016-01-13,2016-01-18,Standard Class,BD-11605,Brian Dahlen,Consumer,San Francisco,California,94109,OFF-AR-10003514,Office Supplies,Art,4009 Highlighters by Sanford,19.9,5,0.0,6.566999999999998
CA-2011-123477,2016-01-18,2016-01-21,Second Class,DW-13195,David Wiener,Corporate,Springfield,Oregon,97477,OFF-AP-10000692,Office Supplies,Appliances,Fellowes Mighty 8 Compact Surge Protector,64.864,4,0.2,6.486400000000003
CA-2011-146591,2016-01-19,2016-01-20,First Class,TS-21340,Toby Swindell,Consumer,Scottsdale,Arizona,85254,OFF-BI-10003676,Office Supplies,Binders,"GBC Standard Recycled Report Covers, Clear Plastic Sheets",32.34,10,0.7,-23.716
CA-2011-146591,2016-01-19,2016-01-20,First Class,TS-21340,Toby Swindell,Consumer,Scottsdale,Arizona,85254,OFF-PA-10000659,Office Supplies,Paper,"TOPS Carbonless Receipt Book, Four 2-3/4 x 7-1/4 Money Receipts per Page",56.064,4,0.2,19.6224
CA-2011-146591,2016-01-19,2016-01-20,First Class,TS-21340,Toby Swindell,Consumer,Scottsdale,Arizona,85254,OFF-EN-10002504,Office Supplies,Envelopes,"Tyvek  Top-Opening Peel & Seel Envelopes, Plain White",108.72,5,0.2,36.693
CA-2011-146591,2016-01-19,2016-01-20,First Class,TS-21340,Toby Swindell,Consumer,Scottsdale,Arizona,85254,FUR-BO-10001972,Furniture,Bookcases,O'Sullivan 4-Shelf Bookcase in Odessa Pine,181.47000000000003,5,0.7,-320.597
CA-2011-148614,2016-01-20,2016-01-25,Standard Class,MV-17485,Mark Van Huff,Consumer,Los Angeles,California,90049,OFF-PA-10002893,Office Supplies,Paper,"Wirebound Service Call Books, 5 1/2"" x 4""",19.36,2,0.0,9.2928
CA-2011-148614,2016-01-20,2016-01-25,Standard Class,MV-17485,Mark Van Huff,Consumer,Los Angeles,California,90049,FUR-FU-10003194,Furniture,Furnishings,"Eldon Expressions Desk Accessory, Wood Pencil Holder, Oak",19.3,2,0.0,5.789999999999999
CA-2011-102645,2016-01-23,2016-01-28,Standard Class,IM-15055,Ionia McGrath,Consumer,Las Vegas,Nevada,89115,OFF-PA-10001804,Office Supplies,Paper,Xerox 195,40.08,6,0.0,19.2384
US-2011-117163,2016-01-27,2016-02-02,Standard Class,EJ-13720,Ed Jacobs,Consumer,San Diego,California,92037,OFF-ST-10003692,Office Supplies,Storage,Recycled Steel Personal File for Hanging File Folders,57.23,1,0.0,14.307499999999997
US-2011-117163,2016-01-27,2016-02-02,Standard Class,EJ-13720,Ed Jacobs,Consumer,San Diego,California,92037,FUR-TA-10003469,Furniture,Tables,Balt Split Level Computer Training Table,333.0,3,0.2,-16.64999999999999
US-2011-117163,2016-01-27,2016-02-02,Standard Class,EJ-13720,Ed Jacobs,Consumer,San Diego,California,92037,OFF-AR-10003179,Office Supplies,Art,Dixon Ticonderoga Core-Lock Colored Pencils,36.44,4,0.0,12.025199999999998
CA-2011-115161,2016-01-31,2016-02-02,First Class,LC-17050,Liz Carlisle,Consumer,Mission Viejo,California,92691,FUR-BO-10003966,Furniture,Bookcases,"Sauder Facets Collection Library, Sky Alder Finish",290.666,2,0.15,3.4195999999999884
CA-2011-139857,2016-02-02,2016-02-06,Standard Class,CD-12790,Cynthia Delaney,Home Office,San Diego,California,92037,OFF-FA-10001843,Office Supplies,Fasteners,Staples,12.350000000000001,5,0.0,5.8045
CA-2011-111059,2016-02-03,2016-02-06,Second Class,TB-21400,Tom Boeckenhauer,Consumer,Seattle,Washington,98105,OFF-BI-10004593,Office Supplies,Binders,Ibico Laser Imprintable Binding System Covers,83.84,2,0.2,27.247999999999998
CA-2011-111059,2016-02-03,2016-02-06,Second Class,TB-21400,Tom Boeckenhauer,Consumer,Seattle,Washington,98105,OFF-BI-10002827,Office Supplies,Binders,Avery Durable Poly Binders,13.272000000000002,3,0.2,4.3134
CA-2011-107181,2016-02-04,2016-02-08,Standard Class,DB-13270,Deborah Brumfield,Home Office,San Diego,California,92024,OFF-BI-10004230,Office Supplies,Binders,GBC Recycled Grain Textured Covers,82.896,3,0.2,29.0136
CA-2011-107181,2016-02-04,2016-02-08,Standard Class,DB-13270,Deborah Brumfield,Home Office,San Diego,California,92024,OFF-PA-10000350,Office Supplies,Paper,"Message Book, Standard Line ""While You Were Out"", 5 1/2"" X 4"", 200 Sets/Book",34.24,4,0.0,16.0928
CA-2011-104808,2016-02-04,2016-02-08,Second Class,MH-17440,Mark Haberlin,Corporate,Escondido,California,92025,OFF-BI-10003676,Office Supplies,Binders,"GBC Standard Recycled Report Covers, Clear Plastic Sheets",17.248,2,0.2,6.036799999999999
CA-2011-125759,2016-02-08,2016-02-09,First Class,NM-18445,Nathan Mautz,Home Office,North Las Vegas,Nevada,89031,FUR-FU-10002111,Furniture,Furnishings,"Master Caster Door Stop, Large Brown",14.56,2,0.0,5.5328
US-2011-110674,2016-02-12,2016-02-18,Standard Class,SC-20095,Sanjit Chand,Consumer,Concord,California,94521,FUR-CH-10000225,Furniture,Chairs,"Global Geo Office Task Chair, Gray",129.568,2,0.2,-24.29400000000002
CA-2011-121762,2016-02-14,2016-02-18,Standard Class,ML-17395,Marina Lichtenstein,Corporate,Seattle,Washington,98103,TEC-AC-10000736,Technology,Accessories,Logitech G600 MMO Gaming Mouse,239.96999999999997,3,0.0,86.38919999999999
CA-2011-121762,2016-02-14,2016-02-18,Standard Class,ML-17395,Marina Lichtenstein,Corporate,Seattle,Washington,98103,OFF-AP-10001293,Office Supplies,Appliances,Belkin 8 Outlet Surge Protector,81.96,2,0.0,22.9488
CA-2011-121762,2016-02-14,2016-02-18,Standard Class,ML-17395,Marina Lichtenstein,Corporate,Seattle,Washington,98103,OFF-SU-10000157,Office Supplies,Supplies,Compact Automatic Electric Letter Opener,238.62,2,0.0,4.772400000000005
CA-2011-165568,2016-02-15,2016-02-19,Standard Class,BF-11020,Barry Französisch,Corporate,Seattle,Washington,98105,OFF-BI-10001031,Office Supplies,Binders,Pressboard Data Binders by Wilson Jones,21.36,5,0.2,7.209
CA-2011-164903,2016-02-20,2016-02-24,Standard Class,SR-20740,Steven Roelle,Home Office,Los Angeles,California,90049,OFF-PA-10003363,Office Supplies,Paper,Xerox 204,12.96,2,0.0,6.2208000000000006
CA-2011-133354,2016-02-22,2016-02-24,First Class,SA-20830,Sue Ann Reed,Consumer,Moreno Valley,California,92553,OFF-PA-10001800,Office Supplies,Paper,Xerox 220,19.44,3,0.0,9.3312
US-2011-137680,2016-02-24,2016-03-02,Standard Class,JH-15430,Jennifer Halladay,Consumer,Medford,Oregon,97504,OFF-PA-10000174,Office Supplies,Paper,"Message Book, Wirebound, Four 5 1/2"" X 4"" Forms/Pg., 200 Dupl. Sets/Book",32.896,4,0.2,11.102399999999996
US-2011-137680,2016-02-24,2016-03-02,Standard Class,JH-15430,Jennifer Halladay,Consumer,Medford,Oregon,97504,OFF-PA-10000069,Office Supplies,Paper,"TOPS 4 x 6 Fluorescent Color Memo Sheets, 500 Sheets per Pack",22.776000000000003,3,0.2,7.6869
CA-2011-104269,2016-03-01,2016-03-06,Second Class,DB-13060,Dave Brooks,Consumer,Seattle,Washington,98115,FUR-CH-10004063,Furniture,Chairs,Global Deluxe High-Back Manager's Chair,457.56800000000004,2,0.2,51.47639999999994
CA-2011-105648,2016-03-03,2016-03-07,Standard Class,EJ-14155,Eva Jacobs,Consumer,San Diego,California,92037,FUR-TA-10002958,Furniture,Tables,"Bevis Oval Conference Table, Walnut",626.3520000000001,3,0.2,-23.48820000000009
CA-2011-156587,2016-03-07,2016-03-08,First Class,AB-10015,Aaron Bergman,Consumer,Seattle,Washington,98103,FUR-CH-10004477,Furniture,Chairs,"Global Push Button Manager's Chair, Indigo",48.712,1,0.2,5.480099999999997
CA-2011-156587,2016-03-07,2016-03-08,First Class,AB-10015,Aaron Bergman,Consumer,Seattle,Washington,98103,OFF-AR-10001427,Office Supplies,Art,Newell 330,17.94,3,0.0,4.6644000000000005
CA-2011-156587,2016-03-07,2016-03-08,First Class,AB-10015,Aaron Bergman,Consumer,Seattle,Washington,98103,OFF-ST-10002344,Office Supplies,Storage,"Carina 42""Hx23 3/4""W Media Storage Unit",242.94,3,0.0,4.858800000000016
US-2011-131982,2016-03-07,2016-03-11,Second Class,NP-18685,Nora Pelletier,Home Office,Des Moines,Washington,98198,OFF-BI-10004224,Office Supplies,Binders,Catalog Binders with Expanding Posts,107.64800000000001,2,0.2,33.639999999999986
CA-2011-104563,2016-03-07,2016-03-12,Standard Class,CM-12715,Craig Molinari,Corporate,Seattle,Washington,98103,OFF-AR-10000390,Office Supplies,Art,Newell Chalk Holder,20.65,5,0.0,9.498999999999999
CA-2011-104563,2016-03-07,2016-03-12,Standard Class,CM-12715,Craig Molinari,Corporate,Seattle,Washington,98103,OFF-ST-10000934,Office Supplies,Storage,"Contico 72""H Heavy-Duty Storage System",204.89999999999998,5,0.0,0.0
CA-2011-104563,2016-03-07,2016-03-12,Standard Class,CM-12715,Craig Molinari,Corporate,Seattle,Washington,98103,FUR-CH-10002780,Furniture,Chairs,Office Star - Task Chair with Contemporary Loop Arms,436.70400000000006,6,0.2,21.835199999999986
CA-2011-104563,2016-03-07,2016-03-12,Standard Class,CM-12715,Craig Molinari,Corporate,Seattle,Washington,98103,FUR-CH-10004495,Furniture,Chairs,"Global Leather and Oak Executive Chair, Black",481.56800000000004,2,0.2,54.17639999999993
US-2011-140116,2016-03-10,2016-03-17,Standard Class,KT-16480,Kean Thornton,Consumer,Denver,Colorado,80219,OFF-ST-10000078,Office Supplies,Storage,Tennsco 6- and 18-Compartment Lockers,636.4080000000001,3,0.2,-15.910200000000088
US-2011-140116,2016-03-10,2016-03-17,Standard Class,KT-16480,Kean Thornton,Consumer,Denver,Colorado,80219,OFF-AR-10001044,Office Supplies,Art,"BOSTON Ranger #55 Pencil Sharpener, Black",83.168,4,0.2,9.356399999999994
US-2011-103338,2016-03-11,2016-03-15,Standard Class,RB-19435,Richard Bierner,Consumer,Roseville,California,95661,OFF-AR-10001770,Office Supplies,Art,Economy #2 Pencils,7.98,3,0.0,2.0747999999999998
CA-2011-157623,2016-03-14,2016-03-18,Standard Class,DK-13225,Dean Katz,Corporate,Huntington Beach,California,92646,OFF-PA-10001204,Office Supplies,Paper,Xerox 1972,10.56,2,0.0,4.752
CA-2011-157623,2016-03-14,2016-03-18,Standard Class,DK-13225,Dean Katz,Corporate,Huntington Beach,California,92646,OFF-AR-10003723,Office Supplies,Art,Avery Hi-Liter Fluorescent Desk Style Markers,3.38,1,0.0,1.2506
CA-2011-114510,2016-03-14,2016-03-19,Standard Class,JF-15295,Jason Fortune-,Consumer,Logan,Utah,84321,OFF-BI-10001617,Office Supplies,Binders,GBC Wire Binding Combs,33.088,4,0.2,11.1672
CA-2011-114510,2016-03-14,2016-03-19,Standard Class,JF-15295,Jason Fortune-,Consumer,Logan,Utah,84321,OFF-ST-10000736,Office Supplies,Storage,Carina Double Wide Media Storage Towers in Natural & Black,80.98,1,0.0,3.2391999999999967
CA-2011-114510,2016-03-14,2016-03-19,Standard Class,JF-15295,Jason Fortune-,Consumer,Logan,Utah,84321,TEC-AC-10004877,Technology,Accessories,Imation 30456 USB Flash Drive 8GB,82.80000000000001,12,0.0,6.623999999999995
CA-2011-114510,2016-03-14,2016-03-19,Standard Class,JF-15295,Jason Fortune-,Consumer,Logan,Utah,84321,OFF-ST-10003221,Office Supplies,Storage,Staple magnet,21.36,2,0.0,5.767200000000001
CA-2011-114510,2016-03-14,2016-03-19,Standard Class,JF-15295,Jason Fortune-,Consumer,Logan,Utah,84321,OFF-BI-10003007,Office Supplies,Binders,"Premium Transparent Presentation Covers, No Pattern/Clear, 8 1/2"" x 11""",62.048,2,0.2,20.165599999999998
CA-2011-111871,2016-03-18,2016-03-21,Second Class,EK-13795,Eileen Kiefer,Home Office,San Francisco,California,94110,FUR-BO-10004218,Furniture,Bookcases,"Bush Heritage Pine Collection 5-Shelf Bookcase, Albany Pine Finish, *Special Order",1198.33,10,0.15,70.49000000000001
US-2011-131275,2016-03-18,2016-03-24,Standard Class,SC-20050,Sample Company A,Home Office,Burbank,California,91505,FUR-FU-10004597,Furniture,Furnishings,Eldon Cleatmat Chair Mats for Medium Pile Carpets,111.0,2,0.0,14.430000000000007
US-2011-131275,2016-03-18,2016-03-24,Standard Class,SC-20050,Sample Company A,Home Office,Burbank,California,91505,TEC-MA-10001148,Technology,Machines,Swingline SM12-08 MicroCut Jam Free Shredder,1279.968,4,0.2,415.98959999999994
US-2011-131275,2016-03-18,2016-03-24,Standard Class,SC-20050,Sample Company A,Home Office,Burbank,California,91505,OFF-ST-10000078,Office Supplies,Storage,Tennsco 6- and 18-Compartment Lockers,1856.19,7,0.0,334.11419999999987
CA-2011-148040,2016-03-22,2016-03-26,Standard Class,BF-11275,Beth Fritzler,Corporate,Tucson,Arizona,85705,OFF-PA-10002581,Office Supplies,Paper,Xerox 1951,74.352,3,0.2,23.234999999999992
CA-2011-148040,2016-03-22,2016-03-26,Standard Class,BF-11275,Beth Fritzler,Corporate,Tucson,Arizona,85705,FUR-CH-10001482,Furniture,Chairs,Office Star - Mesh Screen back chair with Vinyl seat,314.352,3,0.2,-35.36460000000001
CA-2011-120838,2016-03-23,2016-03-26,Second Class,PO-18865,Patrick O'Donnell,Consumer,Los Angeles,California,90036,OFF-ST-10000585,Office Supplies,Storage,Economy Rollaway Files,330.4,2,0.0,85.904
CA-2011-120838,2016-03-23,2016-03-26,Second Class,PO-18865,Patrick O'Donnell,Consumer,Los Angeles,California,90036,TEC-PH-10003484,Technology,Phones,Ooma Telo VoIP Home Phone System,604.752,6,0.2,37.797000000000025
CA-2011-143637,2016-03-24,2016-03-29,Second Class,MS-17710,Maurice Satty,Consumer,Fresno,California,93727,FUR-FU-10002813,Furniture,Furnishings,"DAX Contemporary Wood Frame with Silver Metal Mat, Desktop, 11 x 14 Size",40.48,2,0.0,14.572799999999997
CA-2011-128237,2016-03-25,2016-03-30,Standard Class,CA-12265,Christina Anderson,Consumer,San Francisco,California,94110,OFF-AR-10003829,Office Supplies,Art,Newell 35,6.56,2,0.0,1.9023999999999992
CA-2011-128237,2016-03-25,2016-03-30,Standard Class,CA-12265,Christina Anderson,Consumer,San Francisco,California,94110,OFF-AR-10003338,Office Supplies,Art,"Eberhard Faber 3 1/2"" Golf Pencils",14.88,2,0.0,3.7200000000000006
CA-2011-128237,2016-03-25,2016-03-30,Standard Class,CA-12265,Christina Anderson,Consumer,San Francisco,California,94110,TEC-AC-10002558,Technology,Accessories,Imation Swivel Flash Drive USB flash drive - 8 GB,45.48,4,0.0,15.918
CA-2011-128237,2016-03-25,2016-03-30,Standard Class,CA-12265,Christina Anderson,Consumer,San Francisco,California,94110,OFF-AR-10000034,Office Supplies,Art,"BIC Brite Liner Grip Highlighters, Assorted, 5/Pack",25.44,6,0.0,9.9216
CA-2011-138436,2016-03-26,2016-03-30,Standard Class,JD-15895,Jonathan Doherty,Corporate,Los Angeles,California,90036,TEC-AC-10002323,Technology,Accessories,SanDisk Ultra 32 GB MicroSDHC Class 10 Memory Card,66.30000000000001,3,0.0,8.619000000000003
CA-2011-141838,2016-03-26,2016-03-31,Second Class,DK-12835,Damala Kotsonis,Corporate,San Francisco,California,94122,OFF-AR-10004272,Office Supplies,Art,Newell 308,3.36,2,0.0,0.8399999999999999
CA-2011-141838,2016-03-26,2016-03-31,Second Class,DK-12835,Damala Kotsonis,Corporate,San Francisco,California,94122,OFF-BI-10003291,Office Supplies,Binders,Wilson Jones Leather-Like Binders with DublLock Round Rings,27.936000000000003,4,0.2,9.428399999999996
CA-2011-141838,2016-03-26,2016-03-31,Second Class,DK-12835,Damala Kotsonis,Corporate,San Francisco,California,94122,TEC-PH-10004100,Technology,Phones,Griffin GC17055 Auxiliary Audio Cable,28.784,2,0.2,2.878400000000001
CA-2011-100860,2016-03-26,2016-03-30,Second Class,CS-12505,Cindy Stewart,Consumer,Pomona,California,91767,OFF-LA-10001982,Office Supplies,Labels,Smead Alpha-Z Color-Coded Name Labels First Letter Starter Set,18.75,5,0.0,9.0
CA-2011-100881,2016-03-28,2016-04-01,Standard Class,DR-12940,Daniel Raglin,Home Office,Albuquerque,New Mexico,87105,TEC-PH-10003273,Technology,Phones,AT&T TR1909W,302.376,3,0.2,22.678200000000018
CA-2011-133424,2016-03-30,2016-04-04,Standard Class,Dl-13600,Dorris liebe,Corporate,Seattle,Washington,98105,OFF-ST-10002957,Office Supplies,Storage,Sterilite Show Offs Storage Containers,15.84,3,0.0,0.0
CA-2011-133424,2016-03-30,2016-04-04,Standard Class,Dl-13600,Dorris liebe,Corporate,Seattle,Washington,98105,OFF-LA-10002312,Office Supplies,Labels,Avery 490,44.400000000000006,3,0.0,22.200000000000003
CA-2011-131247,2016-03-30,2016-04-04,Standard Class,GA-14725,Guy Armstrong,Consumer,San Francisco,California,94110,FUR-BO-10001337,Furniture,Bookcases,O'Sullivan Living Dimensions 2-Shelf Bookcases,205.666,2,0.15,-12.097999999999999
CA-2011-128055,2016-03-31,2016-04-05,Standard Class,AA-10315,Alex Avila,Consumer,San Francisco,California,94122,OFF-BI-10004390,Office Supplies,Binders,GBC DocuBind 200 Manual Binding Machine,673.5680000000001,2,0.2,252.588
CA-2011-128055,2016-03-31,2016-04-05,Standard Class,AA-10315,Alex Avila,Consumer,San Francisco,California,94122,OFF-AP-10002765,Office Supplies,Appliances,Fellowes Advanced Computer Series Surge Protectors,52.98,2,0.0,14.834400000000002
US-2011-157021,2016-04-01,2016-04-06,Second Class,KM-16720,Kunst Miller,Consumer,Vallejo,California,94591,OFF-LA-10002312,Office Supplies,Labels,Avery 490,29.6,2,0.0,14.8
US-2011-157021,2016-04-01,2016-04-06,Second Class,KM-16720,Kunst Miller,Consumer,Vallejo,California,94591,OFF-BI-10000042,Office Supplies,Binders,"Pressboard Data Binder, Crimson, 12"" X 8 1/2""",17.088,4,0.2,5.553599999999999
CA-2011-112291,2016-04-03,2016-04-08,Standard Class,KE-16420,Katrina Edelman,Corporate,Los Angeles,California,90008,OFF-EN-10001415,Office Supplies,Envelopes,Staple envelope,11.16,2,0.0,5.58
CA-2011-112291,2016-04-03,2016-04-08,Standard Class,KE-16420,Katrina Edelman,Corporate,Los Angeles,California,90008,TEC-AC-10001284,Technology,Accessories,Enermax Briskie RF Wireless Keyboard and Mouse Combo,62.31,3,0.0,22.4316
CA-2011-112291,2016-04-03,2016-04-08,Standard Class,KE-16420,Katrina Edelman,Corporate,Los Angeles,California,90008,TEC-AC-10000736,Technology,Accessories,Logitech G600 MMO Gaming Mouse,159.98,2,0.0,57.5928
CA-2011-105172,2016-04-04,2016-04-09,Standard Class,PK-18910,Paul Knutson,Home Office,San Francisco,California,94109,OFF-LA-10001641,Office Supplies,Labels,Avery 518,18.9,6,0.0,9.072
US-2011-128685,2016-04-04,2016-04-05,First Class,MZ-17515,Mary Zewe,Corporate,Los Angeles,California,90008,OFF-BI-10004140,Office Supplies,Binders,Avery Non-Stick Binders,7.184000000000001,2,0.2,2.244999999999999
CA-2011-169803,2016-04-06,2016-04-12,Standard Class,SC-20260,Scott Cohen,Corporate,Seattle,Washington,98115,FUR-TA-10000688,Furniture,Tables,"Chromcraft Bull-Nose Wood Round Conference Table Top, Wood Base",653.55,3,0.0,111.10349999999994
CA-2011-169803,2016-04-06,2016-04-12,Standard Class,SC-20260,Scott Cohen,Corporate,Seattle,Washington,98115,TEC-AC-10003441,Technology,Accessories,Kingston Digital DataTraveler 32GB USB 2.0,33.9,2,0.0,2.033999999999999
CA-2011-102652,2016-04-06,2016-04-12,Standard Class,AY-10555,Andy Yotov,Corporate,Los Angeles,California,90049,FUR-FU-10000747,Furniture,Furnishings,Tenex B1-RE Series Chair Mats for Low Pile Carpets,91.96,2,0.0,15.633199999999988
CA-2011-102652,2016-04-06,2016-04-12,Standard Class,AY-10555,Andy Yotov,Corporate,Los Angeles,California,90049,FUR-FU-10001918,Furniture,Furnishings,C-Line Cubicle Keepers Polyproplyene Holder With Velcro Backings,33.11,7,0.0,12.912900000000004
CA-2011-102652,2016-04-06,2016-04-12,Standard Class,AY-10555,Andy Yotov,Corporate,Los Angeles,California,90049,OFF-PA-10003309,Office Supplies,Paper,Xerox 211,19.44,3,0.0,9.3312
CA-2011-102652,2016-04-06,2016-04-12,Standard Class,AY-10555,Andy Yotov,Corporate,Los Angeles,California,90049,OFF-PA-10001977,Office Supplies,Paper,Xerox 194,55.48,1,0.0,26.630399999999998
CA-2011-153808,2016-04-06,2016-04-10,Second Class,FH-14275,Frank Hawley,Corporate,Los Angeles,California,90004,OFF-AR-10001725,Office Supplies,Art,Boston Home & Office Model 2000 Electric Pencil Sharpeners,70.94999999999999,3,0.0,18.447000000000003
CA-2011-153808,2016-04-06,2016-04-10,Second Class,FH-14275,Frank Hawley,Corporate,Los Angeles,California,90004,OFF-BI-10002794,Office Supplies,Binders,"Avery Trapezoid Ring Binder, 3"" Capacity, Black, 1040 sheets",65.568,2,0.2,23.768399999999996
CA-2011-153808,2016-04-06,2016-04-10,Second Class,FH-14275,Frank Hawley,Corporate,Los Angeles,California,90004,TEC-AC-10004171,Technology,Accessories,Razer Kraken 7.1 Surround Sound Over Ear USB Gaming Headset,299.96999999999997,3,0.0,131.98680000000002
CA-2011-100363,2016-04-08,2016-04-15,Standard Class,JM-15655,Jim Mitchum,Corporate,Glendale,Arizona,85301,OFF-FA-10000611,Office Supplies,Fasteners,Binder Clips by OIC,2.368,2,0.2,0.8287999999999999
CA-2011-100363,2016-04-08,2016-04-15,Standard Class,JM-15655,Jim Mitchum,Corporate,Glendale,Arizona,85301,OFF-PA-10004733,Office Supplies,Paper,Things To Do Today Spiral Book,19.008000000000003,3,0.2,6.890399999999998
US-2011-163797,2016-04-08,2016-04-13,Standard Class,PC-19000,Pauline Chand,Home Office,Chandler,Arizona,85224,OFF-FA-10001883,Office Supplies,Fasteners,"Alliance Super-Size Bands, Assorted Sizes",49.792,8,0.2,-11.825600000000001
CA-2011-150581,2016-04-08,2016-04-12,Standard Class,NM-18445,Nathan Mautz,Home Office,Concord,California,94521,FUR-TA-10003748,Furniture,Tables,Bevis 36 x 72 Conference Tables,99.592,1,0.2,2.489799999999999
CA-2011-150581,2016-04-08,2016-04-12,Standard Class,NM-18445,Nathan Mautz,Home Office,Concord,California,94521,TEC-AC-10001908,Technology,Accessories,Logitech Wireless Headset h800,399.96,4,0.0,139.986
US-2011-121734,2016-04-11,2016-04-16,Standard Class,SE-20110,Sanjit Engle,Consumer,Lewiston,Idaho,83501,OFF-BI-10004817,Office Supplies,Binders,GBC Personal VeloBind Strips,9.584000000000001,1,0.2,3.3543999999999996
CA-2011-110555,2016-04-11,2016-04-18,Standard Class,MM-18055,Michelle Moray,Consumer,Great Falls,Montana,59405,OFF-ST-10000876,Office Supplies,Storage,Eldon Simplefile Box Office,87.08,7,0.0,24.3824
CA-2011-110555,2016-04-11,2016-04-18,Standard Class,MM-18055,Michelle Moray,Consumer,Great Falls,Montana,59405,TEC-PH-10000586,Technology,Phones,AT&T SB67148 SynJ,105.584,2,0.2,9.238600000000005
CA-2011-110555,2016-04-11,2016-04-18,Standard Class,MM-18055,Michelle Moray,Consumer,Great Falls,Montana,59405,TEC-AC-10003399,Technology,Accessories,Memorex Mini Travel Drive 64 GB USB 2.0 Flash Drive,217.44,6,0.0,91.32480000000001
CA-2011-154599,2016-04-12,2016-04-17,Standard Class,KN-16450,Kean Nguyen,Corporate,Redondo Beach,California,90278,TEC-PH-10001557,Technology,Phones,Pyle PMP37LED,1075.088,14,0.2,94.07019999999994
CA-2011-154599,2016-04-12,2016-04-17,Standard Class,KN-16450,Kean Nguyen,Corporate,Redondo Beach,California,90278,TEC-PH-10000576,Technology,Phones,AT&T 1080 Corded phone,438.36800000000005,4,0.2,38.357200000000006
CA-2011-154599,2016-04-12,2016-04-17,Standard Class,KN-16450,Kean Nguyen,Corporate,Redondo Beach,California,90278,OFF-BI-10002764,Office Supplies,Binders,Recycled Pressboard Report Cover with Reinforced Top Hinge,18.088,7,0.2,6.556900000000001
CA-2011-154599,2016-04-12,2016-04-17,Standard Class,KN-16450,Kean Nguyen,Corporate,Redondo Beach,California,90278,FUR-BO-10001337,Furniture,Bookcases,O'Sullivan Living Dimensions 2-Shelf Bookcases,308.499,3,0.15,-18.147
CA-2011-142979,2016-04-12,2016-04-18,Standard Class,EH-13765,Edward Hooks,Corporate,Lodi,California,95240,OFF-AR-10002987,Office Supplies,Art,Prismacolor Color Pencil Set,39.68,2,0.0,16.268800000000002
US-2011-120740,2016-04-15,2016-04-15,Same Day,PS-18970,Paul Stevenson,Home Office,Los Angeles,California,90049,OFF-AP-10000240,Office Supplies,Appliances,Belkin F9G930V10-GRY 9 Outlet Surge,106.96,2,0.0,31.018399999999986
US-2011-120740,2016-04-15,2016-04-15,Same Day,PS-18970,Paul Stevenson,Home Office,Los Angeles,California,90049,FUR-FU-10004091,Furniture,Furnishings,"Howard Miller 13"" Diameter Goldtone Round Wall Clock",187.76,4,0.0,76.9816
CA-2011-110849,2016-04-18,2016-04-23,Standard Class,JL-15835,John Lee,Consumer,Los Angeles,California,90049,TEC-MA-10002859,Technology,Machines,Ativa MDM8000 8-Sheet Micro-Cut Shredder,287.968,4,0.2,97.18919999999999
CA-2011-110849,2016-04-18,2016-04-23,Standard Class,JL-15835,John Lee,Consumer,Los Angeles,California,90049,OFF-AR-10002375,Office Supplies,Art,Newell 351,13.12,4,0.0,3.8047999999999984
CA-2011-110849,2016-04-18,2016-04-23,Standard Class,JL-15835,John Lee,Consumer,Los Angeles,California,90049,OFF-AR-10000657,Office Supplies,Art,"Binney & Smith inkTank Desk Highlighter, Chisel Tip, Yellow, 12/Box",10.75,5,0.0,3.547499999999999
CA-2011-110849,2016-04-18,2016-04-23,Standard Class,JL-15835,John Lee,Consumer,Los Angeles,California,90049,OFF-FA-10000134,Office Supplies,Fasteners,"Advantus Push Pins, Aluminum Head",11.62,2,0.0,3.6022
CA-2011-169460,2016-04-19,2016-04-21,Second Class,NF-18595,Nicole Fjeld,Home Office,San Jose,California,95123,FUR-FU-10004017,Furniture,Furnishings,"Executive Impressions 13"" Chairman Wall Clock",76.14,3,0.0,26.648999999999997
CA-2011-101462,2016-04-20,2016-04-25,Standard Class,BP-11230,Benjamin Patterson,Consumer,Los Angeles,California,90045,FUR-FU-10000409,Furniture,Furnishings,"GE 4 Foot Flourescent Tube, 40 Watt",59.92,4,0.0,27.563200000000002
CA-2011-158064,2016-04-21,2016-04-25,Standard Class,AA-10375,Allen Armold,Consumer,Los Angeles,California,90008,OFF-BI-10002976,Office Supplies,Binders,ACCOHIDE Binder by Acco,16.520000000000003,5,0.2,5.5755
CA-2011-111857,2016-04-23,2016-04-26,Second Class,NM-18445,Nathan Mautz,Home Office,San Francisco,California,94109,OFF-PA-10001878,Office Supplies,Paper,Xerox 1891,48.91,1,0.0,22.987699999999997
CA-2011-166954,2016-04-25,2016-04-30,Standard Class,BT-11305,Beth Thompson,Home Office,San Gabriel,California,91776,FUR-FU-10003708,Furniture,Furnishings,"Tenex Traditional Chairmats for Medium Pile Carpet, Standard Lip, 36"" x 48""",303.25,5,0.0,63.6825
CA-2011-166954,2016-04-25,2016-04-30,Standard Class,BT-11305,Beth Thompson,Home Office,San Gabriel,California,91776,OFF-AP-10001391,Office Supplies,Appliances,Kensington 6 Outlet MasterPiece HOMEOFFICE Power Control Center,270.71999999999997,3,0.0,78.50879999999997
CA-2011-166954,2016-04-25,2016-04-30,Standard Class,BT-11305,Beth Thompson,Home Office,San Gabriel,California,91776,FUR-CH-10003973,Furniture,Chairs,GuestStacker Chair with Chrome Finish Legs,1487.04,5,0.2,148.70400000000006
CA-2011-147298,2016-04-26,2016-05-03,Standard Class,AG-10300,Aleksandra Gannaway,Corporate,Los Angeles,California,90049,FUR-CH-10004886,Furniture,Chairs,Bevis Steel Folding Chairs,230.28000000000003,3,0.2,23.02799999999999
CA-2011-147298,2016-04-26,2016-05-03,Standard Class,AG-10300,Aleksandra Gannaway,Corporate,Los Angeles,California,90049,OFF-BI-10001525,Office Supplies,Binders,"Acco Pressboard Covers with Storage Hooks, 14 7/8"" x 11"", Executive Red",18.288,6,0.2,5.714999999999999
CA-2011-116785,2016-04-26,2016-04-30,Standard Class,MH-17290,Marc Harrigan,Home Office,Los Angeles,California,90036,OFF-AR-10003504,Office Supplies,Art,Newell 347,21.400000000000002,5,0.0,6.205999999999998
CA-2011-116785,2016-04-26,2016-04-30,Standard Class,MH-17290,Marc Harrigan,Home Office,Los Angeles,California,90036,OFF-LA-10000305,Office Supplies,Labels,Avery 495,12.6,2,0.0,5.795999999999999
CA-2011-131387,2016-04-28,2016-04-30,First Class,AI-10855,Arianne Irving,Consumer,San Francisco,California,94122,TEC-PH-10001459,Technology,Phones,Samsung Galaxy Mega 6.3,1679.96,5,0.2,125.99700000000007
US-2011-148194,2016-05-04,2016-05-07,First Class,BS-11365,Bill Shonely,Corporate,Seattle,Washington,98105,FUR-FU-10001852,Furniture,Furnishings,"Eldon Regeneration Recycled Desk Accessories, Smoke",12.18,7,0.0,3.8975999999999997
US-2011-148194,2016-05-04,2016-05-07,First Class,BS-11365,Bill Shonely,Corporate,Seattle,Washington,98105,OFF-AP-10000696,Office Supplies,Appliances,Holmes Odor Grabber,57.68,4,0.0,19.034399999999998
CA-2011-121664,2016-05-06,2016-05-10,Standard Class,HP-14815,Harold Pawlan,Home Office,Los Angeles,California,90049,OFF-BI-10003684,Office Supplies,Binders,Wilson Jones Legal Size Ring Binders,140.736,8,0.2,52.775999999999996
US-2011-154879,2016-05-06,2016-05-11,Standard Class,SN-20710,Steve Nguyen,Home Office,Los Angeles,California,90004,OFF-LA-10004425,Office Supplies,Labels,Staple-on labels,5.78,2,0.0,2.7166
US-2011-154879,2016-05-06,2016-05-11,Standard Class,SN-20710,Steve Nguyen,Home Office,Los Angeles,California,90004,OFF-AR-10001897,Office Supplies,Art,Model L Table or Wall-Mount Pencil Sharpener,107.94,6,0.0,30.223200000000002
US-2011-102071,2016-05-09,2016-05-15,Standard Class,PG-18820,Patrick Gardner,Consumer,San Francisco,California,94110,TEC-AC-10003441,Technology,Accessories,Kingston Digital DataTraveler 32GB USB 2.0,67.8,4,0.0,4.067999999999998
US-2011-102071,2016-05-09,2016-05-15,Standard Class,PG-18820,Patrick Gardner,Consumer,San Francisco,California,94110,TEC-AC-10000109,Technology,Accessories,Sony Micro Vault Click 16 GB USB 2.0 Flash Drive,167.97,3,0.0,40.31280000000001
CA-2011-159709,2016-05-10,2016-05-15,Standard Class,AI-10855,Arianne Irving,Consumer,Kent,Washington,98031,OFF-EN-10001434,Office Supplies,Envelopes,"Strathmore #10 Envelopes, Ultimate White",158.13,3,0.0,77.4837
CA-2011-159709,2016-05-10,2016-05-15,Standard Class,AI-10855,Arianne Irving,Consumer,Kent,Washington,98031,TEC-PH-10003988,Technology,Phones,"LF Elite 3D Dazzle Designer Hard Case Cover, Lf Stylus Pen and Wiper For Apple Iphone 5c Mini Lite",43.6,5,0.2,4.360000000000001
CA-2011-103310,2016-05-10,2016-05-15,Standard Class,GM-14680,Greg Matthias,Consumer,San Jose,California,95123,OFF-PA-10004353,Office Supplies,Paper,Southworth 25% Cotton Premium Laser Paper and Envelopes,39.96,2,0.0,19.1808
CA-2011-103310,2016-05-10,2016-05-15,Standard Class,GM-14680,Greg Matthias,Consumer,San Jose,California,95123,TEC-PH-10001817,Technology,Phones,Wilson Electronics DB Pro Signal Booster,1432.0000000000002,5,0.2,125.30000000000007
CA-2011-103310,2016-05-10,2016-05-15,Standard Class,GM-14680,Greg Matthias,Consumer,San Jose,California,95123,OFF-SU-10004737,Office Supplies,Supplies,Acme Design Stainless Steel Bent Scissors,41.04,6,0.0,11.0808
CA-2011-103310,2016-05-10,2016-05-15,Standard Class,GM-14680,Greg Matthias,Consumer,San Jose,California,95123,FUR-CH-10002320,Furniture,Chairs,Hon Pagoda Stacking Chairs,256.78400000000005,1,0.2,32.09799999999997
CA-2011-167164,2016-05-13,2016-05-15,Second Class,AG-10270,Alejandro Grove,Consumer,West Jordan,Utah,84084,OFF-ST-10000107,Office Supplies,Storage,Fellowes Super Stor/Drawer,55.5,2,0.0,9.989999999999995
CA-2011-114433,2016-05-13,2016-05-17,Standard Class,NP-18325,Naresj Patel,Consumer,Oakland,California,94601,TEC-AC-10002800,Technology,Accessories,Plantronics Audio 478 Stereo USB Headset,149.97,3,0.0,52.48949999999999
CA-2011-113768,2016-05-13,2016-05-19,Standard Class,AH-10030,Aaron Hawkins,Corporate,Los Angeles,California,90004,FUR-CH-10002439,Furniture,Chairs,"Iceberg Nesting Folding Chair, 19w x 6d x 43h",279.456,6,0.2,20.959199999999996
CA-2011-113768,2016-05-13,2016-05-19,Standard Class,AH-10030,Aaron Hawkins,Corporate,Los Angeles,California,90004,OFF-PA-10003063,Office Supplies,Paper,EcoTones Memo Sheets,8.0,2,0.0,3.84
CA-2011-125150,2016-05-16,2016-05-23,Standard Class,PW-19030,Pauline Webber,Corporate,Los Angeles,California,90036,FUR-CH-10002439,Furniture,Chairs,"Iceberg Nesting Folding Chair, 19w x 6d x 43h",232.88,5,0.2,17.466000000000008
US-2011-163146,2016-05-16,2016-05-20,Standard Class,CC-12475,Cindy Chapman,Consumer,San Francisco,California,94122,TEC-AC-10002217,Technology,Accessories,Imation Clip USB flash drive - 8 GB,56.400000000000006,3,0.0,3.3840000000000003
CA-2011-104780,2016-05-21,2016-05-25,Standard Class,BT-11530,Bradley Talbott,Home Office,San Diego,California,92037,OFF-AR-10003514,Office Supplies,Art,4009 Highlighters by Sanford,31.84,8,0.0,10.507199999999997
CA-2011-138513,2016-05-23,2016-05-27,Standard Class,EH-13990,Erica Hackney,Consumer,Bellevue,Washington,98006,OFF-PA-10003177,Office Supplies,Paper,Xerox 1999,12.96,2,0.0,6.2208000000000006
CA-2011-156349,2016-05-26,2016-05-30,Standard Class,ML-17395,Marina Lichtenstein,Corporate,Los Angeles,California,90008,FUR-BO-10000362,Furniture,Bookcases,Sauder Inglewood Library Bookcases,290.666,2,0.15,27.356800000000007
CA-2011-156349,2016-05-26,2016-05-30,Standard Class,ML-17395,Marina Lichtenstein,Corporate,Los Angeles,California,90008,TEC-PH-10000441,Technology,Phones,VTech DS6151,201.584,2,0.2,20.158400000000015
CA-2011-156349,2016-05-26,2016-05-30,Standard Class,ML-17395,Marina Lichtenstein,Corporate,Los Angeles,California,90008,TEC-PH-10002726,Technology,Phones,netTALK DUO VoIP Telephone Service,83.98400000000001,2,0.2,31.494
CA-2011-158029,2016-05-26,2016-05-30,Standard Class,HF-14995,Herbert Flentye,Consumer,Los Angeles,California,90008,FUR-CH-10000988,Furniture,Chairs,Hon Olson Stacker Stools,225.29600000000002,2,0.2,22.529599999999995
CA-2011-129574,2016-05-26,2016-05-29,First Class,Dp-13240,Dean percer,Home Office,Murray,Utah,84107,OFF-PA-10002893,Office Supplies,Paper,"Wirebound Service Call Books, 5 1/2"" x 4""",48.4,5,0.0,23.232
CA-2011-124429,2016-05-27,2016-05-27,Same Day,MH-17785,Maya Herman,Corporate,San Diego,California,92105,FUR-TA-10002607,Furniture,Tables,KI Conference Tables,567.12,10,0.2,-28.355999999999952
CA-2011-124429,2016-05-27,2016-05-27,Same Day,MH-17785,Maya Herman,Corporate,San Diego,California,92105,OFF-ST-10001809,Office Supplies,Storage,Fellowes Officeware Wire Shelving,359.32,4,0.0,7.186399999999992
CA-2011-139192,2016-05-27,2016-06-01,Second Class,LC-16885,Lena Creighton,Consumer,San Francisco,California,94109,TEC-PH-10000486,Technology,Phones,Plantronics HL10 Handset Lifter,1113.504,12,0.2,125.2691999999999
CA-2011-139192,2016-05-27,2016-06-01,Second Class,LC-16885,Lena Creighton,Consumer,San Francisco,California,94109,TEC-AC-10001606,Technology,Accessories,Logitech Wireless Performance Mouse MX for PC and Mac,99.99,1,0.0,37.9962
CA-2011-135993,2016-05-28,2016-06-02,Standard Class,PJ-18835,Patrick Jones,Corporate,Seattle,Washington,98115,TEC-PH-10001552,Technology,Phones,I Need's 3d Hello Kitty Hybrid Silicone Case Cover for HTC One X 4g with 3d Hello Kitty Stylus Pen Green/pink,57.40800000000001,6,0.2,5.740800000000002
CA-2011-135993,2016-05-28,2016-06-02,Standard Class,PJ-18835,Patrick Jones,Corporate,Seattle,Washington,98115,TEC-AC-10004877,Technology,Accessories,Imation 30456 USB Flash Drive 8GB,27.6,4,0.0,2.2079999999999984
CA-2011-108861,2016-05-28,2016-06-01,Standard Class,MM-17260,Magdelene Morse,Consumer,Seattle,Washington,98105,OFF-BI-10003876,Office Supplies,Binders,"Green Canvas Binder for 8-1/2"" x 14"" Sheets",136.96,4,0.2,51.35999999999999
CA-2011-104472,2016-06-02,2016-06-07,Standard Class,CK-12325,Christine Kargatis,Home Office,Orem,Utah,84057,OFF-BI-10001658,Office Supplies,Binders,GBC Standard Therm-A-Bind Covers,59.80800000000001,3,0.2,19.4376
CA-2011-104472,2016-06-02,2016-06-07,Standard Class,CK-12325,Christine Kargatis,Home Office,Orem,Utah,84057,FUR-FU-10000246,Furniture,Furnishings,Aluminum Document Frame,73.32000000000001,6,0.0,21.99599999999999
CA-2011-135657,2016-06-03,2016-06-07,Second Class,SC-20725,Steven Cartwright,Consumer,Seattle,Washington,98115,FUR-TA-10004086,Furniture,Tables,KI Adjustable-Height Table,515.88,6,0.0,113.49359999999999
US-2011-141257,2016-06-08,2016-06-14,Standard Class,CS-11950,Carlos Soltero,Consumer,Seattle,Washington,98115,FUR-CH-10002758,Furniture,Chairs,"Hon Deluxe Fabric Upholstered Stacking Chairs, Squared Back",585.552,3,0.2,73.19399999999996
CA-2011-115812,2016-06-09,2016-06-14,Standard Class,BH-11710,Brosina Hoffman,Consumer,Los Angeles,California,90032,FUR-FU-10001487,Furniture,Furnishings,"Eldon Expressions Wood and Plastic Desk Accessories, Cherry Wood",48.86,7,0.0,14.169399999999996
CA-2011-115812,2016-06-09,2016-06-14,Standard Class,BH-11710,Brosina Hoffman,Consumer,Los Angeles,California,90032,OFF-AR-10002833,Office Supplies,Art,Newell 322,7.28,4,0.0,1.9656000000000002
CA-2011-115812,2016-06-09,2016-06-14,Standard Class,BH-11710,Brosina Hoffman,Consumer,Los Angeles,California,90032,TEC-PH-10002275,Technology,Phones,Mitel 5320 IP Phone VoIP phone,907.152,6,0.2,90.71520000000004
CA-2011-115812,2016-06-09,2016-06-14,Standard Class,BH-11710,Brosina Hoffman,Consumer,Los Angeles,California,90032,OFF-BI-10003910,Office Supplies,Binders,DXL Angle-View Binders with Locking Rings by Samsill,18.504,3,0.2,5.7825
CA-2011-115812,2016-06-09,2016-06-14,Standard Class,BH-11710,Brosina Hoffman,Consumer,Los Angeles,California,90032,OFF-AP-10002892,Office Supplies,Appliances,Belkin F5C206VTEL 6 Outlet Surge,114.9,5,0.0,34.46999999999999
CA-2011-115812,2016-06-09,2016-06-14,Standard Class,BH-11710,Brosina Hoffman,Consumer,Los Angeles,California,90032,FUR-TA-10001539,Furniture,Tables,Chromcraft Rectangular Conference Tables,1706.1840000000002,9,0.2,85.3091999999998
CA-2011-115812,2016-06-09,2016-06-14,Standard Class,BH-11710,Brosina Hoffman,Consumer,Los Angeles,California,90032,TEC-PH-10002033,Technology,Phones,Konftel 250 Conference phone - Charcoal black,911.424,4,0.2,68.35680000000002
CA-2011-133851,2016-06-09,2016-06-16,Standard Class,CM-12445,Chuck Magee,Consumer,San Francisco,California,94122,OFF-SU-10001225,Office Supplies,Supplies,Staple remover,7.36,2,0.0,0.14719999999999978
CA-2011-133851,2016-06-09,2016-06-16,Standard Class,CM-12445,Chuck Magee,Consumer,San Francisco,California,94122,OFF-AR-10003752,Office Supplies,Art,Deluxe Chalkboard Eraser Cleaner,23.1,2,0.0,10.626
CA-2011-160262,2016-06-09,2016-06-13,Second Class,TS-21205,Thomas Seio,Corporate,North Las Vegas,Nevada,89031,OFF-AR-10002335,Office Supplies,Art,DIXON Oriole Pencils,18.060000000000002,7,0.0,4.695600000000001
CA-2011-160262,2016-06-09,2016-06-13,Second Class,TS-21205,Thomas Seio,Corporate,North Las Vegas,Nevada,89031,OFF-PA-10003641,Office Supplies,Paper,Xerox 1909,79.14,3,0.0,36.404399999999995
CA-2011-160262,2016-06-09,2016-06-13,Second Class,TS-21205,Thomas Seio,Corporate,North Las Vegas,Nevada,89031,FUR-FU-10002685,Furniture,Furnishings,"Executive Impressions 13-1/2"" Indoor/Outdoor Wall Clock",37.4,2,0.0,14.212
CA-2011-114643,2016-06-13,2016-06-17,Standard Class,FM-14215,Filia McAdams,Corporate,Los Angeles,California,90032,OFF-AR-10003631,Office Supplies,Art,Staples in misc. colors,14.52,3,0.0,4.7916
CA-2011-144414,2016-06-17,2016-06-21,Standard Class,GH-14425,Gary Hwang,Consumer,Seattle,Washington,98105,FUR-FU-10003981,Furniture,Furnishings,Eldon Wave Desk Accessories,6.24,3,0.0,2.6208000000000005
CA-2011-144414,2016-06-17,2016-06-21,Standard Class,GH-14425,Gary Hwang,Consumer,Seattle,Washington,98105,OFF-FA-10000624,Office Supplies,Fasteners,OIC Binder Clips,17.9,5,0.0,8.95
CA-2011-144414,2016-06-17,2016-06-21,Standard Class,GH-14425,Gary Hwang,Consumer,Seattle,Washington,98105,OFF-BI-10004995,Office Supplies,Binders,GBC DocuBind P400 Electric Binding System,3266.376,3,0.2,1061.5721999999998
CA-2011-123855,2016-06-18,2016-06-23,Standard Class,MC-18100,Mick Crebagga,Consumer,Los Angeles,California,90036,TEC-PH-10000215,Technology,Phones,Plantronics Cordless Phone Headset with In-line Volume - M214C,139.8,5,0.2,12.232500000000009
US-2011-160780,2016-06-21,2016-06-21,Same Day,SV-20785,Stewart Visinsky,Consumer,Pueblo,Colorado,81001,OFF-BI-10001116,Office Supplies,Binders,"Wilson Jones 1"" Hanging DublLock Ring Binders",11.088000000000003,7,0.7,-8.1312
US-2011-160780,2016-06-21,2016-06-21,Same Day,SV-20785,Stewart Visinsky,Consumer,Pueblo,Colorado,81001,OFF-BI-10002931,Office Supplies,Binders,"Avery Trapezoid Extra Heavy Duty 4"" Binders",25.164,2,0.7,-16.775999999999996
CA-2011-142048,2016-06-22,2016-06-25,First Class,JE-15745,Joel Eaton,Consumer,Louisville,Colorado,80027,TEC-AC-10004114,Technology,Accessories,KeyTronic 6101 Series - Keyboard - Black,196.752,6,0.2,56.56620000000001
CA-2011-133389,2016-06-22,2016-06-22,Same Day,TB-21280,Toby Braunhardt,Consumer,Phoenix,Arizona,85023,OFF-BI-10001553,Office Supplies,Binders,SpineVue Locking Slant-D Ring Binders by Cardinal,8.226,3,0.7,-6.032399999999999
CA-2011-159814,2016-06-24,2016-06-28,Standard Class,LP-17080,Liz Pelletier,Consumer,Tucson,Arizona,85705,FUR-FU-10001731,Furniture,Furnishings,Acrylic Self-Standing Desk Frames,4.272,2,0.2,0.9611999999999998
CA-2011-159338,2016-06-25,2016-06-28,First Class,NS-18640,Noel Staavos,Corporate,Los Angeles,California,90049,FUR-TA-10004147,Furniture,Tables,Hon 4060 Series Tables,447.84,5,0.2,11.19599999999997
CA-2011-164469,2016-06-25,2016-06-27,Second Class,GK-14620,Grace Kelly,Corporate,Salem,Oregon,97301,TEC-PH-10002115,Technology,Phones,Plantronics 81402,263.96000000000004,5,0.2,19.796999999999997
CA-2011-164469,2016-06-25,2016-06-27,Second Class,GK-14620,Grace Kelly,Corporate,Salem,Oregon,97301,OFF-AR-10003478,Office Supplies,Art,"Avery Hi-Liter EverBold Pen Style Fluorescent Highlighters, 4/Pack",71.632,11,0.2,17.908
CA-2011-164469,2016-06-25,2016-06-27,Second Class,GK-14620,Grace Kelly,Corporate,Salem,Oregon,97301,OFF-AR-10000475,Office Supplies,Art,"Hunt BOSTON Vista Battery-Operated Pencil Sharpener, Black",9.328000000000001,1,0.2,0.8162000000000007
CA-2011-109218,2016-06-30,2016-07-03,Second Class,AR-10825,Anthony Rawles,Corporate,Los Angeles,California,90004,OFF-AR-10001374,Office Supplies,Art,"BIC Brite Liner Highlighters, Chisel Tip",32.400000000000006,5,0.0,10.367999999999999
CA-2011-153150,2016-07-01,2016-07-06,Second Class,Dl-13600,Dorris liebe,Corporate,Seattle,Washington,98105,OFF-BI-10003355,Office Supplies,Binders,Cardinal Holdit Business Card Pockets,19.92,5,0.2,6.9719999999999995
CA-2011-120096,2016-07-04,2016-07-07,First Class,KE-16420,Katrina Edelman,Corporate,Aurora,Colorado,80013,OFF-PA-10001977,Office Supplies,Paper,Xerox 194,177.536,4,0.2,62.13759999999999
CA-2011-120096,2016-07-04,2016-07-07,First Class,KE-16420,Katrina Edelman,Corporate,Aurora,Colorado,80013,OFF-AP-10000692,Office Supplies,Appliances,Fellowes Mighty 8 Compact Surge Protector,32.432,2,0.2,3.2432000000000016
CA-2011-107139,2016-07-05,2016-07-11,Standard Class,DP-13390,Dennis Pardue,Home Office,Los Angeles,California,90004,OFF-BI-10001670,Office Supplies,Binders,Vinyl Sectional Post Binders,180.96000000000004,6,0.2,67.86
CA-2011-147543,2016-07-06,2016-07-12,Standard Class,BC-11125,Becky Castell,Home Office,El Cajon,California,92020,FUR-CH-10000155,Furniture,Chairs,Global Comet Stacking Armless Chair,478.48,2,0.2,47.84800000000001
CA-2011-100090,2016-07-08,2016-07-12,Standard Class,EB-13705,Ed Braxton,Corporate,San Francisco,California,94122,FUR-TA-10003715,Furniture,Tables,Hon 2111 Invitation Series Corner Table,502.48800000000006,3,0.2,-87.93540000000004
CA-2011-100090,2016-07-08,2016-07-12,Standard Class,EB-13705,Ed Braxton,Corporate,San Francisco,California,94122,OFF-BI-10001597,Office Supplies,Binders,"Wilson Jones Ledger-Size, Piano-Hinge Binder, 2"", Blue",196.704,6,0.2,68.84639999999997
CA-2011-114125,2016-07-09,2016-07-13,Standard Class,GH-14410,Gary Hansen,Home Office,Los Angeles,California,90049,OFF-LA-10004559,Office Supplies,Labels,Avery 49,2.88,1,0.0,1.4112
CA-2011-114125,2016-07-09,2016-07-13,Standard Class,GH-14410,Gary Hansen,Home Office,Los Angeles,California,90049,OFF-BI-10003291,Office Supplies,Binders,Wilson Jones Leather-Like Binders with DublLock Round Rings,41.904,6,0.2,14.142599999999996
CA-2011-114125,2016-07-09,2016-07-13,Standard Class,GH-14410,Gary Hansen,Home Office,Los Angeles,California,90049,OFF-ST-10001505,Office Supplies,Storage,"Perma STOR-ALL Hanging File Box, 13 1/8""W x 12 1/4""D x 10 1/2""H",23.92,4,0.0,4.066399999999998
CA-2011-113271,2016-07-09,2016-07-14,Standard Class,DS-13030,Darrin Sayre,Home Office,San Francisco,California,94122,OFF-BI-10002609,Office Supplies,Binders,Avery Hidden Tab Dividers for Binding Systems,14.303999999999998,6,0.2,4.648799999999999
CA-2011-113271,2016-07-09,2016-07-14,Standard Class,DS-13030,Darrin Sayre,Home Office,San Francisco,California,94122,FUR-BO-10004218,Furniture,Bookcases,"Bush Heritage Pine Collection 5-Shelf Bookcase, Albany Pine Finish, *Special Order",119.83299999999998,1,0.15,7.0489999999999995
CA-2011-113271,2016-07-09,2016-07-14,Standard Class,DS-13030,Darrin Sayre,Home Office,San Francisco,California,94122,OFF-AR-10003251,Office Supplies,Art,Prang Drawing Pencil Set,5.56,2,0.0,2.2239999999999998
CA-2011-113271,2016-07-09,2016-07-14,Standard Class,DS-13030,Darrin Sayre,Home Office,San Francisco,California,94122,OFF-PA-10002365,Office Supplies,Paper,Xerox 1967,32.400000000000006,5,0.0,15.552000000000001
CA-2011-129924,2016-07-12,2016-07-17,Standard Class,AC-10420,Alyssa Crouse,Corporate,San Francisco,California,94122,OFF-BI-10003314,Office Supplies,Binders,Tuff Stuff Recycled Round Ring Binders,7.712000000000001,2,0.2,2.7956000000000003
CA-2011-129924,2016-07-12,2016-07-17,Standard Class,AC-10420,Alyssa Crouse,Corporate,San Francisco,California,94122,FUR-TA-10004575,Furniture,Tables,Hon 5100 Series Wood Tables,698.3520000000001,3,0.2,-17.458800000000053
CA-2011-110184,2016-07-12,2016-07-16,Standard Class,BF-11170,Ben Ferrer,Home Office,Los Angeles,California,90036,OFF-ST-10000107,Office Supplies,Storage,Fellowes Super Stor/Drawer,249.75,9,0.0,44.95499999999998
CA-2011-110184,2016-07-12,2016-07-16,Standard Class,BF-11170,Ben Ferrer,Home Office,Los Angeles,California,90036,TEC-PH-10000439,Technology,Phones,GE DSL Phone Line Filter,255.93600000000004,8,0.2,28.79279999999997
CA-2011-131310,2016-07-12,2016-07-18,Standard Class,CL-12565,Clay Ludtke,Consumer,Seattle,Washington,98115,FUR-CH-10001797,Furniture,Chairs,"Safco Chair Connectors, 6/Carton",123.136,4,0.2,13.85279999999998
CA-2011-131310,2016-07-12,2016-07-18,Standard Class,CL-12565,Clay Ludtke,Consumer,Seattle,Washington,98115,OFF-BI-10003094,Office Supplies,Binders,Self-Adhesive Ring Binder Labels,11.264000000000001,4,0.2,3.801599999999999
US-2011-165862,2016-07-13,2016-07-17,Standard Class,GK-14620,Grace Kelly,Corporate,Los Angeles,California,90049,FUR-TA-10002855,Furniture,Tables,Bevis Round Conference Table Top & Single Column Base,351.216,3,0.2,4.390199999999979
US-2011-150532,2016-07-14,2016-07-21,Standard Class,PB-19150,Philip Brown,Consumer,Phoenix,Arizona,85023,OFF-ST-10000760,Office Supplies,Storage,Eldon Fold 'N Roll Cart System,55.92,5,0.2,6.291
CA-2011-123295,2016-07-18,2016-07-18,Same Day,AH-10120,Adrian Hane,Home Office,Tucson,Arizona,85705,FUR-CH-10002372,Furniture,Chairs,Office Star - Ergonomically Designed Knee Chair,259.136,4,0.2,-25.913599999999988
CA-2011-168158,2016-07-19,2016-07-24,Standard Class,EM-14140,Eugene Moren,Home Office,Great Falls,Montana,59405,OFF-BI-10001759,Office Supplies,Binders,"Acco Pressboard Covers with Storage Hooks, 14 7/8"" x 11"", Dark Blue",6.096,2,0.2,2.2098
CA-2011-141726,2016-07-20,2016-07-22,First Class,CC-12145,Charles Crestani,Consumer,San Diego,California,92105,OFF-PA-10000418,Office Supplies,Paper,Xerox 189,104.85,1,0.0,50.327999999999996
CA-2011-141726,2016-07-20,2016-07-22,First Class,CC-12145,Charles Crestani,Consumer,San Diego,California,92105,OFF-BI-10001982,Office Supplies,Binders,Wilson Jones Custom Binder Spines & Labels,8.704,2,0.2,3.1552
CA-2011-141726,2016-07-20,2016-07-22,First Class,CC-12145,Charles Crestani,Consumer,San Diego,California,92105,OFF-PA-10002230,Office Supplies,Paper,Xerox 1897,19.92,4,0.0,9.760800000000001
CA-2011-141726,2016-07-20,2016-07-22,First Class,CC-12145,Charles Crestani,Consumer,San Diego,California,92105,FUR-FU-10003577,Furniture,Furnishings,Nu-Dell Leatherette Frames,43.019999999999996,3,0.0,15.4872
CA-2011-157546,2016-07-20,2016-07-22,First Class,RD-19720,Roger Demir,Consumer,San Francisco,California,94122,OFF-BI-10002498,Office Supplies,Binders,Clear Mylar Reinforcing Strips,89.71200000000002,6,0.2,30.277799999999992
CA-2011-157546,2016-07-20,2016-07-22,First Class,RD-19720,Roger Demir,Consumer,San Francisco,California,94122,OFF-PA-10004569,Office Supplies,Paper,"Wirebound Message Books, Two 4 1/4"" x 5"" Forms per Page",22.830000000000002,3,0.0,10.7301
CA-2011-127866,2016-07-20,2016-07-23,First Class,JD-15895,Jonathan Doherty,Corporate,Riverside,California,92503,TEC-AC-10000023,Technology,Accessories,"Maxell 74 Minute CD-R Spindle, 50/Pack",41.94,2,0.0,15.098399999999998
CA-2011-127866,2016-07-20,2016-07-23,First Class,JD-15895,Jonathan Doherty,Corporate,Riverside,California,92503,OFF-PA-10003971,Office Supplies,Paper,Xerox 1965,11.96,2,0.0,5.8604
CA-2011-127866,2016-07-20,2016-07-23,First Class,JD-15895,Jonathan Doherty,Corporate,Riverside,California,92503,OFF-AR-10003481,Office Supplies,Art,Newell 348,13.12,4,0.0,3.8047999999999984
CA-2011-127866,2016-07-20,2016-07-23,First Class,JD-15895,Jonathan Doherty,Corporate,Riverside,California,92503,OFF-ST-10001490,Office Supplies,Storage,"Hot File 7-Pocket, Floor Stand",535.41,3,0.0,160.62299999999993
CA-2011-116932,2016-07-21,2016-07-25,Standard Class,ME-18010,Michelle Ellison,Corporate,San Francisco,California,94122,OFF-AR-10002067,Office Supplies,Art,Newell 334,99.2,5,0.0,25.792
CA-2011-116932,2016-07-21,2016-07-25,Standard Class,ME-18010,Michelle Ellison,Corporate,San Francisco,California,94122,FUR-CH-10001215,Furniture,Chairs,Global Troy Executive Leather Low-Back Tilter,801.5680000000001,2,0.2,50.097999999999985
CA-2011-116932,2016-07-21,2016-07-25,Standard Class,ME-18010,Michelle Ellison,Corporate,San Francisco,California,94122,FUR-TA-10004175,Furniture,Tables,"Hon 30"" x 60"" Table with Locking Drawer",272.848,1,0.2,27.284800000000004
CA-2011-117464,2016-07-22,2016-07-24,Second Class,NP-18325,Naresj Patel,Consumer,San Francisco,California,94122,OFF-AR-10003190,Office Supplies,Art,Newell 32,11.52,4,0.0,3.2256
CA-2011-117464,2016-07-22,2016-07-24,Second Class,NP-18325,Naresj Patel,Consumer,San Francisco,California,94122,FUR-CH-10000155,Furniture,Chairs,Global Comet Stacking Armless Chair,717.72,3,0.2,71.77200000000002
CA-2011-117464,2016-07-22,2016-07-24,Second Class,NP-18325,Naresj Patel,Consumer,San Francisco,California,94122,OFF-ST-10003058,Office Supplies,Storage,Eldon Mobile Mega Data Cart  Mega Stackable  Add-On Trays,236.5,10,0.0,68.585
CA-2011-117464,2016-07-22,2016-07-24,Second Class,NP-18325,Naresj Patel,Consumer,San Francisco,California,94122,FUR-TA-10004767,Furniture,Tables,Safco Drafting Table,170.35200000000003,3,0.2,19.16459999999998
CA-2011-122679,2016-07-22,2016-07-28,Standard Class,AB-10255,Alejandro Ballentine,Home Office,Los Angeles,California,90008,OFF-AR-10004757,Office Supplies,Art,Crayola Colored Pencils,19.68,6,0.0,6.494399999999999
US-2011-119137,2016-07-23,2016-07-27,Standard Class,AG-10900,Arthur Gainer,Consumer,Tucson,Arizona,85705,OFF-BI-10001982,Office Supplies,Binders,Wilson Jones Custom Binder Spines & Labels,8.160000000000002,5,0.7,-5.712
US-2011-119137,2016-07-23,2016-07-27,Standard Class,AG-10900,Arthur Gainer,Consumer,Tucson,Arizona,85705,TEC-AC-10003911,Technology,Accessories,NETGEAR AC1750 Dual Band Gigabit Smart WiFi Router,1023.9360000000001,8,0.2,179.1887999999999
US-2011-119137,2016-07-23,2016-07-27,Standard Class,AG-10900,Arthur Gainer,Consumer,Tucson,Arizona,85705,OFF-AR-10000658,Office Supplies,Art,Newell 324,9.24,1,0.2,0.9239999999999999
US-2011-119137,2016-07-23,2016-07-27,Standard Class,AG-10900,Arthur Gainer,Consumer,Tucson,Arizona,85705,TEC-AC-10002076,Technology,Accessories,Microsoft Natural Keyboard Elite,479.04,10,0.2,-29.940000000000012
CA-2011-145254,2016-07-23,2016-07-27,Standard Class,NC-18535,Nick Crebassa,Corporate,San Francisco,California,94122,TEC-PH-10000441,Technology,Phones,VTech DS6151,604.752,6,0.2,60.47520000000006
CA-2011-145254,2016-07-23,2016-07-27,Standard Class,NC-18535,Nick Crebassa,Corporate,San Francisco,California,94122,OFF-SU-10004664,Office Supplies,Supplies,Acme Softgrip Scissors,40.7,5,0.0,11.802999999999999
CA-2011-145254,2016-07-23,2016-07-27,Standard Class,NC-18535,Nick Crebassa,Corporate,San Francisco,California,94122,TEC-PH-10004531,Technology,Phones,AT&T CL2909,302.376,3,0.2,37.797
CA-2011-145254,2016-07-23,2016-07-27,Standard Class,NC-18535,Nick Crebassa,Corporate,San Francisco,California,94122,TEC-AC-10002167,Technology,Accessories,Imation 8gb Micro Traveldrive Usb 2.0 Flash Drive,45.0,3,0.0,4.950000000000001
CA-2011-143917,2016-07-25,2016-07-27,Second Class,KL-16645,Ken Lonsdale,Consumer,San Francisco,California,94122,OFF-ST-10001228,Office Supplies,Storage,"Fellowes Personal Hanging Folder Files, Navy",53.72,4,0.0,15.041600000000003
CA-2011-143917,2016-07-25,2016-07-27,Second Class,KL-16645,Ken Lonsdale,Consumer,San Francisco,California,94122,OFF-SU-10000151,Office Supplies,Supplies,High Speed Automatic Electric Letter Opener,8187.65,5,0.0,327.50599999999963
CA-2011-143917,2016-07-25,2016-07-27,Second Class,KL-16645,Ken Lonsdale,Consumer,San Francisco,California,94122,FUR-FU-10004351,Furniture,Furnishings,Staple-based wall hangings,77.92,8,0.0,34.284800000000004
CA-2011-146528,2016-07-25,2016-07-27,Second Class,VF-21715,Vicky Freymann,Home Office,Los Angeles,California,90045,OFF-PA-10002195,Office Supplies,Paper,Xerox 1966,6.48,1,0.0,3.1752000000000002
CA-2011-146528,2016-07-25,2016-07-27,Second Class,VF-21715,Vicky Freymann,Home Office,Los Angeles,California,90045,OFF-SU-10002522,Office Supplies,Supplies,Acme Kleen Earth Office Shears,15.52,4,0.0,4.500799999999998
CA-2011-126760,2016-07-26,2016-08-02,Standard Class,KM-16720,Kunst Miller,Consumer,North Las Vegas,Nevada,89031,TEC-PH-10001363,Technology,Phones,Apple iPhone 5S,911.984,2,0.2,113.9979999999999
CA-2011-126760,2016-07-26,2016-08-02,Standard Class,KM-16720,Kunst Miller,Consumer,North Las Vegas,Nevada,89031,FUR-CH-10003312,Furniture,Chairs,Hon 2090 “Pillow Soft” Series Mid Back Swivel/Tilt Chairs,674.3520000000001,3,0.2,-109.58220000000011
CA-2011-126760,2016-07-26,2016-08-02,Standard Class,KM-16720,Kunst Miller,Consumer,North Las Vegas,Nevada,89031,FUR-FU-10004018,Furniture,Furnishings,Tensor Computer Mounted Lamp,134.01,9,0.0,36.182700000000004
CA-2011-126760,2016-07-26,2016-08-02,Standard Class,KM-16720,Kunst Miller,Consumer,North Las Vegas,Nevada,89031,TEC-AC-10004814,Technology,Accessories,Logitech Illuminated Ultrathin Keyboard with Backlighting,170.97,3,0.0,70.0977
CA-2011-159121,2016-07-26,2016-08-01,Standard Class,JO-15145,Jack O'Briant,Corporate,Draper,Utah,84020,TEC-AC-10002006,Technology,Accessories,Memorex Micro Travel Drive 16 GB,111.93,7,0.0,34.698299999999996
CA-2011-124709,2016-07-27,2016-07-29,Second Class,GW-14605,Giulietta Weimer,Consumer,San Francisco,California,94122,TEC-AC-10002842,Technology,Accessories,WD My Passport Ultra 2TB Portable External Hard Drive,238.0,2,0.0,38.08000000000001
CA-2011-169642,2016-07-27,2016-07-30,Second Class,BB-10990,Barry Blumstein,Corporate,Los Angeles,California,90036,OFF-ST-10002574,Office Supplies,Storage,"SAFCO Commercial Wire Shelving, Black",276.28,2,0.0,0.0
CA-2011-111192,2016-07-30,2016-08-05,Standard Class,TS-21430,Tom Stivers,Corporate,Seattle,Washington,98103,FUR-BO-10002916,Furniture,Bookcases,"Rush Hierlooms Collection 1"" Thick Stackable Bookcases",1367.84,8,0.0,259.8896
CA-2011-152296,2016-08-01,2016-08-03,First Class,IL-15100,Ivan Liston,Consumer,San Francisco,California,94122,OFF-BI-10004506,Office Supplies,Binders,Wilson Jones data.warehouse D-Ring Binders with DublLock,19.752000000000002,3,0.2,6.9132
CA-2011-133690,2016-08-03,2016-08-05,First Class,BS-11755,Bruce Stewart,Consumer,Denver,Colorado,80219,FUR-TA-10004289,Furniture,Tables,BoxOffice By Design Rectangular and Half-Moon Meeting Room Tables,218.75,2,0.5,-161.875
CA-2011-133690,2016-08-03,2016-08-05,First Class,BS-11755,Bruce Stewart,Consumer,Denver,Colorado,80219,OFF-AP-10003622,Office Supplies,Appliances,"Bravo II Megaboss 12-Amp Hard Body Upright, Replacement Belts, 2 Belts per Pack",2.6,1,0.2,0.29249999999999987
CA-2011-128986,2016-08-03,2016-08-05,Second Class,GH-14410,Gary Hansen,Home Office,Glendale,Arizona,85301,OFF-PA-10001289,Office Supplies,Paper,White Computer Printout Paper by Universal,93.024,3,0.2,33.721199999999996
CA-2011-126361,2016-08-04,2016-08-09,Second Class,VD-21670,Valerie Dominguez,Consumer,Pleasant Grove,Utah,84062,OFF-AP-10003590,Office Supplies,Appliances,Hoover WindTunnel Plus Canister Vacuum,1089.75,3,0.0,305.1300000000001
CA-2011-126361,2016-08-04,2016-08-09,Second Class,VD-21670,Valerie Dominguez,Consumer,Pleasant Grove,Utah,84062,OFF-PA-10000806,Office Supplies,Paper,Xerox 1934,447.84,8,0.0,219.4416
CA-2011-126361,2016-08-04,2016-08-09,Second Class,VD-21670,Valerie Dominguez,Consumer,Pleasant Grove,Utah,84062,OFF-AR-10000896,Office Supplies,Art,Newell 329,16.4,5,0.0,4.263999999999999
CA-2011-126361,2016-08-04,2016-08-09,Second Class,VD-21670,Valerie Dominguez,Consumer,Pleasant Grove,Utah,84062,TEC-PH-10002310,Technology,Phones,Panasonic KX T7731-B Digital phone,399.96000000000004,5,0.2,34.99649999999997
CA-2011-126361,2016-08-04,2016-08-09,Second Class,VD-21670,Valerie Dominguez,Consumer,Pleasant Grove,Utah,84062,OFF-ST-10002289,Office Supplies,Storage,"Safco Wire Cube Shelving System, For Use as 4 or 5 14"" Cubes, Black",158.9,5,0.0,7.944999999999993
CA-2011-126361,2016-08-04,2016-08-09,Second Class,VD-21670,Valerie Dominguez,Consumer,Pleasant Grove,Utah,84062,OFF-BI-10002852,Office Supplies,Binders,Ibico Standard Transparent Covers,13.184000000000001,1,0.2,4.7792
CA-2011-118962,2016-08-05,2016-08-09,Standard Class,CS-12130,Chad Sievert,Consumer,Los Angeles,California,90004,OFF-PA-10000659,Office Supplies,Paper,"Adams Phone Message Book, Professional, 400 Message Capacity, 5 3/6” x 11”",20.94,3,0.0,9.841800000000001
CA-2011-118962,2016-08-05,2016-08-09,Standard Class,CS-12130,Chad Sievert,Consumer,Los Angeles,California,90004,OFF-PA-10001144,Office Supplies,Paper,Xerox 1913,110.96,2,0.0,53.260799999999996
CA-2011-118962,2016-08-05,2016-08-09,Standard Class,CS-12130,Chad Sievert,Consumer,Los Angeles,California,90004,FUR-CH-10003817,Furniture,Chairs,"Global Value Steno Chair, Gray",340.14400000000006,7,0.2,21.259
CA-2011-150490,2016-08-05,2016-08-11,Standard Class,SS-20590,Sonia Sunley,Consumer,San Francisco,California,94122,TEC-AC-10004510,Technology,Accessories,Logitech Desktop MK120 Mouse and keyboard Combo,16.36,1,0.0,1.6359999999999992
CA-2011-150490,2016-08-05,2016-08-11,Standard Class,SS-20590,Sonia Sunley,Consumer,San Francisco,California,94122,OFF-ST-10000321,Office Supplies,Storage,Akro Stacking Bins,15.78,2,0.0,0.631199999999998
CA-2011-150490,2016-08-05,2016-08-11,Standard Class,SS-20590,Sonia Sunley,Consumer,San Francisco,California,94122,OFF-AR-10004602,Office Supplies,Art,Boston KS Multi-Size Manual Pencil Sharpener,45.98,2,0.0,12.874400000000001
CA-2011-131450,2016-08-08,2016-08-15,Standard Class,LR-16915,Lena Radford,Consumer,San Diego,California,92024,OFF-AP-10004708,Office Supplies,Appliances,Fellowes Superior 10 Outlet Split Surge Protector,76.12,2,0.0,22.074799999999996
CA-2011-131450,2016-08-08,2016-08-15,Standard Class,LR-16915,Lena Radford,Consumer,San Diego,California,92024,TEC-CO-10004115,Technology,Copiers,Sharp AL-1530CS Digital Copier,1199.976,3,0.2,434.9913
CA-2011-131450,2016-08-08,2016-08-15,Standard Class,LR-16915,Lena Radford,Consumer,San Diego,California,92024,TEC-PH-10002398,Technology,Phones,AT&T 1070 Corded Phone,445.96000000000004,5,0.2,55.74499999999995
CA-2011-131450,2016-08-08,2016-08-15,Standard Class,LR-16915,Lena Radford,Consumer,San Diego,California,92024,FUR-FU-10001979,Furniture,Furnishings,Dana Halogen Swing-Arm Architect Lamp,327.76,8,0.0,91.77280000000002
CA-2011-151708,2016-08-08,2016-08-14,Standard Class,MB-17305,Maria Bertelson,Consumer,Glendale,Arizona,85301,FUR-FU-10001602,Furniture,Furnishings,"Eldon Delta Triangular Chair Mat, 52"" x 58"", Clear",121.376,4,0.2,-3.034400000000012
CA-2011-151708,2016-08-08,2016-08-14,Standard Class,MB-17305,Maria Bertelson,Consumer,Glendale,Arizona,85301,TEC-AC-10001767,Technology,Accessories,SanDisk Ultra 64 GB MicroSDHC Class 10 Memory Card,95.97600000000001,3,0.2,-10.79730000000001
CA-2011-154669,2016-08-08,2016-08-11,Second Class,TM-21010,Tamara Manning,Consumer,Vacaville,California,95687,OFF-ST-10000532,Office Supplies,Storage,Advantus Rolling Drawer Organizers,423.28,11,0.0,110.05279999999999
CA-2011-110527,2016-08-09,2016-08-16,Standard Class,ED-13885,Emily Ducich,Home Office,San Diego,California,92037,OFF-LA-10000262,Office Supplies,Labels,Avery 494,20.88,8,0.0,9.6048
CA-2011-166471,2016-08-09,2016-08-13,Standard Class,MG-17650,Matthew Grinstein,Home Office,Seattle,Washington,98103,TEC-PH-10001530,Technology,Phones,Cisco Unified IP Phone 7945G VoIP phone,1091.1680000000001,4,0.2,68.19799999999998
CA-2011-166471,2016-08-09,2016-08-13,Standard Class,MG-17650,Matthew Grinstein,Home Office,Seattle,Washington,98103,TEC-PH-10000038,Technology,Phones,Jawbone MINI JAMBOX Wireless Bluetooth Speaker,219.168,2,0.2,-43.83360000000002
CA-2011-169726,2016-08-09,2016-08-13,Standard Class,JH-15985,Joseph Holt,Consumer,Seattle,Washington,98103,OFF-BI-10004600,Office Supplies,Binders,Ibico Ibimaster 300 Manual Binding System,2060.744,7,0.2,643.9825
CA-2011-141901,2016-08-09,2016-08-14,Standard Class,GM-14500,Gene McClure,Consumer,Fresno,California,93727,OFF-PA-10001667,Office Supplies,Paper,Great White Multi-Use Recycled Paper (20Lb. and 84 Bright),5.98,1,0.0,2.691
CA-2011-161249,2016-08-09,2016-08-13,Standard Class,RD-19720,Roger Demir,Consumer,Phoenix,Arizona,85023,OFF-FA-10004838,Office Supplies,Fasteners,"Super Bands, 12/Pack",4.464,3,0.2,-0.9485999999999999
CA-2011-161249,2016-08-09,2016-08-13,Standard Class,RD-19720,Roger Demir,Consumer,Phoenix,Arizona,85023,OFF-BI-10001097,Office Supplies,Binders,Avery Hole Reinforcements,9.345000000000002,5,0.7,-6.541499999999999
CA-2011-127012,2016-08-11,2016-08-15,Standard Class,GM-14680,Greg Matthias,Consumer,Seattle,Washington,98105,FUR-FU-10003691,Furniture,Furnishings,"Eldon Image Series Desk Accessories, Ebony",12.35,1,0.0,5.434
CA-2011-127012,2016-08-11,2016-08-15,Standard Class,GM-14680,Greg Matthias,Consumer,Seattle,Washington,98105,OFF-AR-10003903,Office Supplies,Art,Sanford 52201 APSCO Electric Pencil Sharpener,40.97,1,0.0,10.6522
CA-2011-127012,2016-08-11,2016-08-15,Standard Class,GM-14680,Greg Matthias,Consumer,Seattle,Washington,98105,OFF-FA-10004854,Office Supplies,Fasteners,"Vinyl Coated Wire Paper Clips in Organizer Box, 800/Box",22.96,2,0.0,10.7912
CA-2011-109897,2016-08-12,2016-08-16,Standard Class,BW-11200,Ben Wallace,Consumer,San Francisco,California,94122,TEC-PH-10003691,Technology,Phones,BlackBerry Q10,806.336,8,0.2,50.396000000000015
CA-2011-109897,2016-08-12,2016-08-16,Standard Class,BW-11200,Ben Wallace,Consumer,San Francisco,California,94122,FUR-FU-10002878,Furniture,Furnishings,"Seth Thomas 14"" Day/Date Wall Clock",85.44,3,0.0,31.612800000000004
US-2011-164406,2016-08-15,2016-08-19,Standard Class,BD-11605,Brian Dahlen,Consumer,San Francisco,California,94122,OFF-AP-10003287,Office Supplies,Appliances,Tripp Lite TLP810NET Broadband Surge for Modem/Fax,152.91,3,0.0,42.8148
US-2011-164406,2016-08-15,2016-08-19,Standard Class,BD-11605,Brian Dahlen,Consumer,San Francisco,California,94122,OFF-PA-10000167,Office Supplies,Paper,Xerox 1925,92.94,3,0.0,41.82299999999999
US-2011-164406,2016-08-15,2016-08-19,Standard Class,BD-11605,Brian Dahlen,Consumer,San Francisco,California,94122,OFF-BI-10002309,Office Supplies,Binders,Avery Heavy-Duty EZD  Binder With Locking Rings,17.856,4,0.2,6.249599999999999
US-2011-164406,2016-08-15,2016-08-19,Standard Class,BD-11605,Brian Dahlen,Consumer,San Francisco,California,94122,OFF-BI-10003638,Office Supplies,Binders,GBC Durable Plastic Covers,46.440000000000005,3,0.2,15.092999999999998
US-2011-164406,2016-08-15,2016-08-19,Standard Class,BD-11605,Brian Dahlen,Consumer,San Francisco,California,94122,FUR-CH-10003833,Furniture,Chairs,Novimex Fabric Task Chair,195.136,4,0.2,-12.196000000000005
CA-2011-133158,2016-08-19,2016-08-21,Second Class,DW-13195,David Wiener,Corporate,Los Angeles,California,90045,FUR-FU-10000723,Furniture,Furnishings,"Deflect-o EconoMat Studded, No Bevel Mat for Low Pile Carpeting",289.24,7,0.0,26.03160000000001
CA-2011-133158,2016-08-19,2016-08-21,Second Class,DW-13195,David Wiener,Corporate,Los Angeles,California,90045,OFF-BI-10000632,Office Supplies,Binders,Satellite Sectional Post Binders,69.456,2,0.2,22.573199999999996
CA-2011-154837,2016-08-23,2016-08-27,Second Class,RB-19645,Robert Barroso,Corporate,Los Angeles,California,90032,OFF-BI-10001575,Office Supplies,Binders,GBC Linen Binding Covers,49.568000000000005,2,0.2,17.348799999999997
CA-2011-124737,2016-08-23,2016-08-27,Standard Class,AP-10915,Arthur Prichep,Consumer,Denver,Colorado,80219,OFF-PA-10001837,Office Supplies,Paper,Xerox 1976,15.552000000000003,3,0.2,5.4432
CA-2011-124737,2016-08-23,2016-08-27,Standard Class,AP-10915,Arthur Prichep,Consumer,Denver,Colorado,80219,OFF-SU-10004661,Office Supplies,Supplies,Acme Titanium Bonded Scissors,6.800000000000001,1,0.2,0.5099999999999998
CA-2011-124737,2016-08-23,2016-08-27,Standard Class,AP-10915,Arthur Prichep,Consumer,Denver,Colorado,80219,FUR-FU-10003274,Furniture,Furnishings,Regeneration Desk Collection,4.224,3,0.2,1.2672000000000003
CA-2011-124737,2016-08-23,2016-08-27,Standard Class,AP-10915,Arthur Prichep,Consumer,Denver,Colorado,80219,TEC-PH-10000149,Technology,Phones,Cisco SPA525G2 IP Phone - Wireless,143.64000000000001,9,0.2,10.772999999999989
CA-2011-124737,2016-08-23,2016-08-27,Standard Class,AP-10915,Arthur Prichep,Consumer,Denver,Colorado,80219,OFF-PA-10000019,Office Supplies,Paper,Xerox 1931,31.104000000000006,6,0.2,10.8864
CA-2011-124737,2016-08-23,2016-08-27,Standard Class,AP-10915,Arthur Prichep,Consumer,Denver,Colorado,80219,OFF-PA-10001125,Office Supplies,Paper,Xerox 1988,223.056,9,0.2,69.70499999999998
CA-2011-106719,2016-08-24,2016-08-24,Same Day,RB-19645,Robert Barroso,Corporate,Billings,Montana,59102,OFF-BI-10002799,Office Supplies,Binders,"SlimView Poly Binder, 3/8""",8.288,2,0.2,2.693599999999999
CA-2011-104178,2016-08-25,2016-08-29,Standard Class,JM-15265,Janet Molinari,Corporate,Los Angeles,California,90036,FUR-FU-10000771,Furniture,Furnishings,"Eldon 200 Class Desk Accessories, Smoke",6.28,1,0.0,2.6376000000000004
CA-2011-104178,2016-08-25,2016-08-29,Standard Class,JM-15265,Janet Molinari,Corporate,Los Angeles,California,90036,TEC-AC-10002399,Technology,Accessories,SanDisk Cruzer 32 GB USB Flash Drive,95.1,5,0.0,30.431999999999995
CA-2011-104178,2016-08-25,2016-08-29,Standard Class,JM-15265,Janet Molinari,Corporate,Los Angeles,California,90036,OFF-PA-10004983,Office Supplies,Paper,Xerox 23,25.92,4,0.0,12.441600000000001
CA-2011-104178,2016-08-25,2016-08-29,Standard Class,JM-15265,Janet Molinari,Corporate,Los Angeles,California,90036,OFF-ST-10004258,Office Supplies,Storage,Portable Personal File Box,48.84,4,0.0,13.186800000000005
CA-2011-103660,2016-08-25,2016-08-30,Standard Class,MW-18220,Mitch Webber,Consumer,Seattle,Washington,98103,TEC-PH-10000895,Technology,Phones,Polycom VVX 310 VoIP phone,1007.9440000000002,7,0.2,75.5958
CA-2011-123260,2016-08-26,2016-08-30,Standard Class,FM-14290,Frank Merwin,Home Office,Los Angeles,California,90032,TEC-AC-10002323,Technology,Accessories,SanDisk Ultra 32 GB MicroSDHC Class 10 Memory Card,176.8,8,0.0,22.98400000000001
CA-2011-143336,2016-08-27,2016-09-01,Second Class,ZD-21925,Zuschuss Donatelli,Consumer,San Francisco,California,94109,OFF-AR-10003056,Office Supplies,Art,Newell 341,8.56,2,0.0,2.4823999999999993
CA-2011-143336,2016-08-27,2016-09-01,Second Class,ZD-21925,Zuschuss Donatelli,Consumer,San Francisco,California,94109,TEC-PH-10001949,Technology,Phones,Cisco SPA 501G IP Phone,213.48000000000002,3,0.2,16.01099999999998
CA-2011-143336,2016-08-27,2016-09-01,Second Class,ZD-21925,Zuschuss Donatelli,Consumer,San Francisco,California,94109,OFF-BI-10002215,Office Supplies,Binders,"Wilson Jones Hanging View Binder, White, 1""",22.72,4,0.2,7.383999999999999
CA-2011-135699,2016-08-29,2016-08-29,Same Day,HH-15010,Hilary Holden,Corporate,San Francisco,California,94110,OFF-PA-10004475,Office Supplies,Paper,Xerox 1940,109.92,2,0.0,53.8608
CA-2011-135699,2016-08-29,2016-08-29,Same Day,HH-15010,Hilary Holden,Corporate,San Francisco,California,94110,OFF-PA-10003001,Office Supplies,Paper,Xerox 1986,13.36,2,0.0,6.4128
CA-2011-143385,2016-08-31,2016-09-05,Standard Class,SJ-20500,Shirley Jackson,Consumer,Santa Fe,New Mexico,87505,TEC-AC-10001635,Technology,Accessories,KeyTronic KT400U2 - Keyboard - Black,92.52,9,0.0,18.50399999999999
CA-2011-126522,2016-09-01,2016-09-05,Second Class,LT-16765,Larry Tron,Consumer,Escondido,California,92025,OFF-AR-10004042,Office Supplies,Art,"BOSTON Model 1800 Electric Pencil Sharpeners, Putty/Woodgrain",53.94,3,0.0,15.642599999999995
CA-2011-130449,2016-09-06,2016-09-09,First Class,VP-21760,Victoria Pisteka,Corporate,San Francisco,California,94109,FUR-FU-10001487,Furniture,Furnishings,"Eldon Expressions Wood and Plastic Desk Accessories, Cherry Wood",41.88,6,0.0,12.145199999999997
CA-2011-130449,2016-09-06,2016-09-09,First Class,VP-21760,Victoria Pisteka,Corporate,San Francisco,California,94109,OFF-LA-10001934,Office Supplies,Labels,Avery 516,58.48,8,0.0,27.485599999999998
CA-2011-109918,2016-09-07,2016-09-12,Second Class,LR-17035,Lisa Ryan,Corporate,Santa Clara,California,95051,OFF-SU-10004290,Office Supplies,Supplies,"Acme Design Line 8"" Stainless Steel Bent Scissors w/Champagne Handles, 3-1/8"" Cut",27.36,4,0.0,7.3872
CA-2011-109918,2016-09-07,2016-09-12,Second Class,LR-17035,Lisa Ryan,Corporate,Santa Clara,California,95051,OFF-PA-10000174,Office Supplies,Paper,"Message Book, Wirebound, Four 5 1/2"" X 4"" Forms/Pg., 200 Dupl. Sets/Book",20.56,2,0.0,9.663199999999998
CA-2011-109918,2016-09-07,2016-09-12,Second Class,LR-17035,Lisa Ryan,Corporate,Santa Clara,California,95051,OFF-BI-10004308,Office Supplies,Binders,Avery Legal 4-Ring Binder,83.92000000000002,5,0.2,31.47
CA-2011-132500,2016-09-08,2016-09-12,Standard Class,GZ-14470,Gary Zandusky,Consumer,San Francisco,California,94110,TEC-AC-10001383,Technology,Accessories,Logitech Wireless Touch Keyboard K400,49.98,2,0.0,8.496599999999994
CA-2011-168592,2016-09-08,2016-09-14,Standard Class,DP-13390,Dennis Pardue,Home Office,San Francisco,California,94110,OFF-AP-10004785,Office Supplies,Appliances,"Holmes Replacement Filter for HEPA Air Cleaner, Medium Room",56.65,5,0.0,24.359500000000004
CA-2011-168592,2016-09-08,2016-09-14,Standard Class,DP-13390,Dennis Pardue,Home Office,San Francisco,California,94110,OFF-ST-10002406,Office Supplies,Storage,Pizazz Global Quick File,14.97,1,0.0,4.191600000000001
CA-2011-168592,2016-09-08,2016-09-14,Standard Class,DP-13390,Dennis Pardue,Home Office,San Francisco,California,94110,OFF-FA-10002988,Office Supplies,Fasteners,Ideal Clamps,4.02,2,0.0,1.9697999999999998
CA-2011-107818,2016-09-08,2016-09-14,Standard Class,MC-17275,Marc Crier,Consumer,Pasco,Washington,99301,OFF-AR-10003045,Office Supplies,Art,Prang Colored Pencils,5.88,2,0.0,2.646
CA-2011-107818,2016-09-08,2016-09-14,Standard Class,MC-17275,Marc Crier,Consumer,Pasco,Washington,99301,FUR-CH-10000454,Furniture,Chairs,"Hon Deluxe Fabric Upholstered Stacking Chairs, Rounded Back",975.92,5,0.2,121.98999999999992
CA-2011-107818,2016-09-08,2016-09-14,Standard Class,MC-17275,Marc Crier,Consumer,Pasco,Washington,99301,OFF-AR-10000380,Office Supplies,Art,"Hunt PowerHouse Electric Pencil Sharpener, Blue",303.84,8,0.0,91.15199999999996
CA-2011-107818,2016-09-08,2016-09-14,Standard Class,MC-17275,Marc Crier,Consumer,Pasco,Washington,99301,OFF-ST-10000736,Office Supplies,Storage,Carina Double Wide Media Storage Towers in Natural & Black,485.88,6,0.0,19.43519999999998
CA-2011-140032,2016-09-08,2016-09-13,Standard Class,TS-21340,Toby Swindell,Consumer,San Francisco,California,94109,OFF-BI-10000822,Office Supplies,Binders,"Acco PRESSTEX Data Binder with Storage Hooks, Light Blue, 9 1/2"" X 11""",8.608,2,0.2,3.0127999999999995
CA-2011-125731,2016-09-10,2016-09-16,Standard Class,CL-12565,Clay Ludtke,Consumer,Gresham,Oregon,97030,OFF-EN-10003072,Office Supplies,Envelopes,Peel & Seel Envelopes,21.728,7,0.2,7.604799999999999
CA-2011-125731,2016-09-10,2016-09-16,Standard Class,CL-12565,Clay Ludtke,Consumer,Gresham,Oregon,97030,FUR-CH-10003973,Furniture,Chairs,GuestStacker Chair with Chrome Finish Legs,1487.04,5,0.2,148.70400000000006
CA-2011-112837,2016-09-11,2016-09-16,Standard Class,LW-17125,Liz Willingham,Consumer,Oxnard,California,93030,FUR-FU-10004006,Furniture,Furnishings,"Deflect-o DuraMat Lighweight, Studded, Beveled Mat for Low Pile Carpeting",127.94999999999999,3,0.0,21.751499999999986
CA-2011-140039,2016-09-13,2016-09-17,Standard Class,ON-18715,Odella Nelson,Corporate,Tempe,Arizona,85281,OFF-ST-10001034,Office Supplies,Storage,Eldon File Chest Portable File,79.4,5,0.2,5.955000000000005
CA-2011-142769,2016-09-13,2016-09-13,Same Day,RP-19390,Resi Pölking,Consumer,Seattle,Washington,98103,OFF-FA-10000840,Office Supplies,Fasteners,OIC Thumb-Tacks,5.699999999999999,5,0.0,2.679
CA-2011-142769,2016-09-13,2016-09-13,Same Day,RP-19390,Resi Pölking,Consumer,Seattle,Washington,98103,FUR-FU-10001918,Furniture,Furnishings,C-Line Cubicle Keepers Polyproplyene Holder With Velcro Backings,14.190000000000001,3,0.0,5.534100000000001
CA-2011-142769,2016-09-13,2016-09-13,Same Day,RP-19390,Resi Pölking,Consumer,Seattle,Washington,98103,OFF-SU-10001574,Office Supplies,Supplies,Acme Value Line Scissors,7.3,2,0.0,2.1899999999999995
CA-2011-142769,2016-09-13,2016-09-13,Same Day,RP-19390,Resi Pölking,Consumer,Seattle,Washington,98103,TEC-AC-10001606,Technology,Accessories,Logitech Wireless Performance Mouse MX for PC and Mac,199.98,2,0.0,75.9924
CA-2011-142769,2016-09-13,2016-09-13,Same Day,RP-19390,Resi Pölking,Consumer,Seattle,Washington,98103,TEC-AC-10003399,Technology,Accessories,Memorex Mini Travel Drive 64 GB USB 2.0 Flash Drive,144.96,4,0.0,60.8832
CA-2011-142769,2016-09-13,2016-09-13,Same Day,RP-19390,Resi Pölking,Consumer,Seattle,Washington,98103,TEC-AC-10000865,Technology,Accessories,WD My Passport Ultra 500GB Portable External Hard Drive,118.0,2,0.0,20.059999999999988
CA-2011-142769,2016-09-13,2016-09-13,Same Day,RP-19390,Resi Pölking,Consumer,Seattle,Washington,98103,OFF-PA-10002923,Office Supplies,Paper,Xerox 1942,48.94,1,0.0,24.47
CA-2011-142769,2016-09-13,2016-09-13,Same Day,RP-19390,Resi Pölking,Consumer,Seattle,Washington,98103,OFF-AP-10004785,Office Supplies,Appliances,"Holmes Replacement Filter for HEPA Air Cleaner, Medium Room",22.66,2,0.0,9.743800000000002
CA-2011-103940,2016-09-17,2016-09-21,Standard Class,BN-11515,Bradley Nguyen,Consumer,Seattle,Washington,98103,OFF-ST-10004963,Office Supplies,Storage,Eldon Gobal File Keepers,30.28,2,0.0,1.211199999999998
CA-2011-103940,2016-09-17,2016-09-21,Standard Class,BN-11515,Bradley Nguyen,Consumer,Seattle,Washington,98103,OFF-ST-10000943,Office Supplies,Storage,Eldon ProFile File 'N Store Portable File Tub Letter/Legal Size Black,57.92999999999999,3,0.0,16.2204
CA-2011-103940,2016-09-17,2016-09-21,Standard Class,BN-11515,Bradley Nguyen,Consumer,Seattle,Washington,98103,FUR-FU-10004671,Furniture,Furnishings,"Executive Impressions 12"" Wall Clock",35.34,2,0.0,13.429200000000002
CA-2011-103940,2016-09-17,2016-09-21,Standard Class,BN-11515,Bradley Nguyen,Consumer,Seattle,Washington,98103,OFF-BI-10002735,Office Supplies,Binders,GBC Prestige Therm-A-Bind Covers,137.24,5,0.2,46.3185
CA-2011-112851,2016-09-17,2016-09-21,Standard Class,NR-18550,Nick Radford,Consumer,Chula Vista,California,91911,OFF-EN-10001453,Office Supplies,Envelopes,"Tyvek Interoffice Envelopes, 9 1/2"" x 12 1/2"", 100/Box",182.94,3,0.0,85.98179999999999
CA-2011-131947,2016-09-17,2016-09-22,Standard Class,JA-15970,Joseph Airdo,Consumer,Springfield,Oregon,97477,OFF-AR-10001473,Office Supplies,Art,Newell 313,5.248,2,0.2,0.4592000000000003
CA-2011-131947,2016-09-17,2016-09-22,Standard Class,JA-15970,Joseph Airdo,Consumer,Springfield,Oregon,97477,OFF-AR-10000411,Office Supplies,Art,Boston 16701 Slimline Battery Pencil Sharpener,38.256,3,0.2,4.781999999999995
CA-2011-131947,2016-09-17,2016-09-22,Standard Class,JA-15970,Joseph Airdo,Consumer,Springfield,Oregon,97477,OFF-PA-10000246,Office Supplies,Paper,Riverleaf Stik-Withit Designer Note Cubes,40.24,5,0.2,13.078000000000001
CA-2011-131947,2016-09-17,2016-09-22,Standard Class,JA-15970,Joseph Airdo,Consumer,Springfield,Oregon,97477,TEC-MA-10004086,Technology,Machines,Plantronics Single Ear Headset,29.925,5,0.7,-21.944999999999993
CA-2011-131947,2016-09-17,2016-09-22,Standard Class,JA-15970,Joseph Airdo,Consumer,Springfield,Oregon,97477,OFF-PA-10003039,Office Supplies,Paper,Xerox 1960,148.704,6,0.2,46.469999999999985
CA-2011-131947,2016-09-17,2016-09-22,Standard Class,JA-15970,Joseph Airdo,Consumer,Springfield,Oregon,97477,TEC-AC-10004633,Technology,Accessories,"Verbatim 25 GB 6x Blu-ray Single Layer Recordable Disc, 3/Pack",55.92,10,0.2,16.776000000000007
CA-2011-156601,2016-09-19,2016-09-24,Standard Class,FA-14230,Frank Atkinson,Corporate,Long Beach,California,90805,OFF-FA-10000624,Office Supplies,Fasteners,OIC Binder Clips,7.16,2,0.0,3.58
CA-2011-132787,2016-09-19,2016-09-23,Standard Class,MC-18130,Mike Caudle,Corporate,Seattle,Washington,98115,OFF-ST-10001321,Office Supplies,Storage,"Decoflex Hanging Personal Folder File, Blue",92.52,6,0.0,24.980400000000007
CA-2011-159849,2016-09-19,2016-09-19,Same Day,JK-15640,Jim Kriz,Home Office,San Francisco,California,94110,OFF-FA-10000053,Office Supplies,Fasteners,Revere Boxed Rubber Bands by Revere,5.67,3,0.0,0.11340000000000017
CA-2011-138177,2016-09-19,2016-09-24,Standard Class,ND-18460,Neil Ducich,Corporate,Chandler,Arizona,85224,FUR-TA-10004607,Furniture,Tables,Hon 2111 Invitation Series Straight Table,73.915,1,0.5,-45.82730000000001
CA-2011-156433,2016-09-20,2016-09-26,Standard Class,ES-14020,Erica Smith,Consumer,San Francisco,California,94110,OFF-LA-10001569,Office Supplies,Labels,Avery 499,9.96,2,0.0,4.5816
CA-2011-156433,2016-09-20,2016-09-26,Standard Class,ES-14020,Erica Smith,Consumer,San Francisco,California,94110,OFF-PA-10003724,Office Supplies,Paper,"Wirebound Message Book, 4 per Page",21.72,4,0.0,10.6428
CA-2011-133704,2016-09-20,2016-09-26,Standard Class,MA-17995,Michelle Arnett,Home Office,Los Angeles,California,90004,OFF-AP-10001366,Office Supplies,Appliances,Staple holder,43.92,4,0.0,11.858400000000003
CA-2011-133704,2016-09-20,2016-09-26,Standard Class,MA-17995,Michelle Arnett,Home Office,Los Angeles,California,90004,OFF-BI-10001636,Office Supplies,Binders,Ibico Plastic and Wire Spiral Binding Combs,20.232,3,0.2,6.575399999999998
CA-2011-126480,2016-09-20,2016-09-24,Standard Class,HG-14965,Henry Goldwyn,Corporate,San Diego,California,92024,OFF-PA-10004610,Office Supplies,Paper,Xerox 1900,8.56,2,0.0,3.8519999999999994
US-2011-135972,2016-09-21,2016-09-23,Second Class,JG-15115,Jack Garza,Consumer,Des Moines,Washington,98198,TEC-PH-10003012,Technology,Phones,Nortel Meridian M3904 Professional Digital phone,246.38400000000001,2,0.2,27.718199999999968
US-2011-135972,2016-09-21,2016-09-23,Second Class,JG-15115,Jack Garza,Consumer,Des Moines,Washington,98198,TEC-CO-10002313,Technology,Copiers,Canon PC1080F Personal Copier,1799.97,3,0.0,701.9883
CA-2011-153969,2016-09-21,2016-09-25,Standard Class,HF-14995,Herbert Flentye,Consumer,San Francisco,California,94109,OFF-EN-10001539,Office Supplies,Envelopes,Staple envelope,15.56,2,0.0,7.3132
CA-2011-153969,2016-09-21,2016-09-25,Standard Class,HF-14995,Herbert Flentye,Consumer,San Francisco,California,94109,OFF-EN-10004483,Office Supplies,Envelopes,"#10 White Business Envelopes,4 1/8 x 9 1/2",78.35,5,0.0,36.82449999999999
CA-2011-153969,2016-09-21,2016-09-25,Standard Class,HF-14995,Herbert Flentye,Consumer,San Francisco,California,94109,OFF-AR-10001615,Office Supplies,Art,Newell 34,59.519999999999996,3,0.0,15.475200000000001
CA-2011-153969,2016-09-21,2016-09-25,Standard Class,HF-14995,Herbert Flentye,Consumer,San Francisco,California,94109,OFF-PA-10000327,Office Supplies,Paper,Xerox 1971,38.52,9,0.0,17.333999999999996
CA-2011-153969,2016-09-21,2016-09-25,Standard Class,HF-14995,Herbert Flentye,Consumer,San Francisco,California,94109,TEC-PH-10001299,Technology,Phones,Polycom CX300 Desktop Phone USB VoIP phone,239.98400000000004,2,0.2,23.998400000000004
CA-2011-153969,2016-09-21,2016-09-25,Standard Class,HF-14995,Herbert Flentye,Consumer,San Francisco,California,94109,OFF-PA-10002246,Office Supplies,Paper,"Wirebound Four 2-3/4 x 5 Forms per Page, 400 Sets per Book",19.35,3,0.0,9.4815
CA-2011-158225,2016-09-22,2016-09-28,Standard Class,SE-20110,Sanjit Engle,Consumer,San Jose,California,95123,OFF-ST-10000675,Office Supplies,Storage,"File Shuttle II and Handi-File, Black",169.45,5,0.0,42.3625
CA-2011-158225,2016-09-22,2016-09-28,Standard Class,SE-20110,Sanjit Engle,Consumer,San Jose,California,95123,OFF-ST-10002301,Office Supplies,Storage,Tennsco Commercial Shelving,40.68,2,0.0,0.40679999999999694
US-2011-134733,2016-09-23,2016-09-28,Standard Class,BM-11650,Brian Moss,Corporate,San Diego,California,92037,FUR-BO-10002916,Furniture,Bookcases,"Rush Hierlooms Collection 1"" Thick Stackable Bookcases",435.999,3,0.15,20.517599999999987
US-2011-134733,2016-09-23,2016-09-28,Standard Class,BM-11650,Brian Moss,Corporate,San Diego,California,92037,TEC-PH-10002726,Technology,Phones,netTALK DUO VoIP Telephone Service,83.98400000000001,2,0.2,31.494
CA-2011-123344,2016-09-24,2016-09-29,Standard Class,JD-16060,Julia Dunbar,Consumer,San Francisco,California,94109,OFF-ST-10001713,Office Supplies,Storage,"Gould Plastics 9-Pocket Panel Bin, 18-3/8w x 5-1/4d x 20-1/2h, Black",211.96,4,0.0,8.478399999999993
CA-2011-141355,2016-09-25,2016-09-30,Standard Class,BF-11005,Barry Franz,Home Office,Aurora,Colorado,80013,OFF-AR-10003179,Office Supplies,Art,Dixon Ticonderoga Core-Lock Colored Pencils,14.576,2,0.2,2.368599999999999
US-2011-151925,2016-09-26,2016-10-01,Second Class,KT-16465,Kean Takahito,Consumer,Los Angeles,California,90049,FUR-CH-10002961,Furniture,Chairs,"Leather Task Chair, Black",145.568,2,0.2,0.0
CA-2011-127586,2016-09-26,2016-09-30,Standard Class,CS-12400,Christopher Schild,Home Office,Seattle,Washington,98115,OFF-ST-10002615,Office Supplies,Storage,"Dual Level, Single-Width Filing Carts",310.12,2,0.0,80.6312
CA-2011-132451,2016-09-26,2016-09-27,First Class,KF-16285,Karen Ferguson,Home Office,San Diego,California,92105,FUR-CH-10000454,Furniture,Chairs,"Hon Deluxe Fabric Upholstered Stacking Chairs, Rounded Back",585.552,3,0.2,73.19399999999996
CA-2011-132451,2016-09-26,2016-09-27,First Class,KF-16285,Karen Ferguson,Home Office,San Diego,California,92105,OFF-PA-10004888,Office Supplies,Paper,Xerox 217,19.44,3,0.0,9.3312
US-2011-133130,2016-09-27,2016-10-01,Standard Class,TH-21100,Thea Hendricks,Consumer,San Diego,California,92037,FUR-CH-10002602,Furniture,Chairs,DMI Arturo Collection Mission-style Design Wood Chair,603.92,5,0.2,45.29400000000001
US-2011-133130,2016-09-27,2016-10-01,Standard Class,TH-21100,Thea Hendricks,Consumer,San Diego,California,92037,OFF-PA-10000675,Office Supplies,Paper,Xerox 1919,81.98,2,0.0,40.1702
CA-2011-146969,2016-09-29,2016-10-03,Standard Class,AP-10915,Arthur Prichep,Consumer,Los Angeles,California,90045,FUR-FU-10004188,Furniture,Furnishings,Luxo Professional Combination Clamp-On Lamps,204.6,2,0.0,53.196
CA-2011-146969,2016-09-29,2016-10-03,Standard Class,AP-10915,Arthur Prichep,Consumer,Los Angeles,California,90045,OFF-FA-10001561,Office Supplies,Fasteners,Stockwell Push Pins,8.72,4,0.0,2.8776
CA-2011-146969,2016-09-29,2016-10-03,Standard Class,AP-10915,Arthur Prichep,Consumer,Los Angeles,California,90045,OFF-PA-10002105,Office Supplies,Paper,Xerox 223,6.48,1,0.0,3.1104000000000003
CA-2011-146969,2016-09-29,2016-10-03,Standard Class,AP-10915,Arthur Prichep,Consumer,Los Angeles,California,90045,TEC-MA-10004241,Technology,Machines,Star Micronics TSP800 TSP847IIU Receipt Printer,686.32,2,0.2,223.05399999999995
CA-2011-146969,2016-09-29,2016-10-03,Standard Class,AP-10915,Arthur Prichep,Consumer,Los Angeles,California,90045,OFF-ST-10004340,Office Supplies,Storage,"Fellowes Mobile File Cart, Black",62.18,1,0.0,16.788600000000002
CA-2011-126683,2016-09-29,2016-10-01,Second Class,PP-18955,Paul Prost,Home Office,Seattle,Washington,98115,FUR-FU-10001706,Furniture,Furnishings,Longer-Life Soft White Bulbs,6.16,2,0.0,2.9568
CA-2011-126683,2016-09-29,2016-10-01,Second Class,PP-18955,Paul Prost,Home Office,Seattle,Washington,98115,FUR-TA-10002958,Furniture,Tables,"Bevis Oval Conference Table, Walnut",2348.82,9,0.0,399.29939999999976
CA-2011-111962,2016-09-29,2016-10-04,Standard Class,EB-14170,Evan Bailliet,Consumer,Seattle,Washington,98115,OFF-BI-10001308,Office Supplies,Binders,GBC Standard Plastic Binding Systems' Combs,10.048000000000002,2,0.2,3.139999999999999
CA-2011-111962,2016-09-29,2016-10-04,Standard Class,EB-14170,Evan Bailliet,Consumer,Seattle,Washington,98115,OFF-ST-10000046,Office Supplies,Storage,Fellowes Super Stor/Drawer Files,807.75,5,0.0,153.47250000000003
CA-2011-137351,2016-09-30,2016-10-04,Standard Class,DB-13615,Doug Bickford,Consumer,Seattle,Washington,98105,OFF-BI-10003910,Office Supplies,Binders,DXL Angle-View Binders with Locking Rings by Samsill,43.176,7,0.2,13.4925
US-2011-132745,2016-10-01,2016-10-05,Standard Class,NF-18475,Neil Französisch,Home Office,Reno,Nevada,89502,OFF-FA-10000254,Office Supplies,Fasteners,Sterling Rubber Bands by Alliance,4.71,1,0.0,0.0
CA-2011-108189,2016-10-02,2016-10-05,First Class,ES-14080,Erin Smith,Corporate,Tempe,Arizona,85281,OFF-PA-10001838,Office Supplies,Paper,"Adams Telephone Message Book W/Dividers/Space For Phone Numbers, 5 1/4""X8 1/2"", 300/Messages",9.408,2,0.2,3.4103999999999997
CA-2011-108189,2016-10-02,2016-10-05,First Class,ES-14080,Erin Smith,Corporate,Tempe,Arizona,85281,OFF-FA-10000735,Office Supplies,Fasteners,Staples,4.672,2,0.2,1.4599999999999997
CA-2011-108189,2016-10-02,2016-10-05,First Class,ES-14080,Erin Smith,Corporate,Tempe,Arizona,85281,TEC-PH-10001760,Technology,Phones,Bose SoundLink Bluetooth Speaker,318.40000000000003,2,0.2,107.46
CA-2011-108189,2016-10-02,2016-10-05,First Class,ES-14080,Erin Smith,Corporate,Tempe,Arizona,85281,OFF-EN-10004846,Office Supplies,Envelopes,Letter or Legal Size Expandable Poly String Tie Envelopes,12.768,6,0.2,4.628400000000001
CA-2011-108189,2016-10-02,2016-10-05,First Class,ES-14080,Erin Smith,Corporate,Tempe,Arizona,85281,OFF-SU-10003567,Office Supplies,Supplies,Stiletto Hand Letter Openers,15.36,2,0.2,-3.2639999999999993
CA-2011-108189,2016-10-02,2016-10-05,First Class,ES-14080,Erin Smith,Corporate,Tempe,Arizona,85281,TEC-PH-10001557,Technology,Phones,Pyle PMP37LED,230.376,3,0.2,20.15789999999999
CA-2011-108189,2016-10-02,2016-10-05,First Class,ES-14080,Erin Smith,Corporate,Tempe,Arizona,85281,TEC-AC-10003038,Technology,Accessories,Kingston Digital DataTraveler 16GB USB 2.0,7.16,1,0.2,-0.08950000000000102
CA-2011-157882,2016-10-03,2016-10-08,Second Class,AR-10405,Allen Rosenblatt,Corporate,Los Angeles,California,90036,FUR-TA-10001866,Furniture,Tables,Bevis Round Conference Room Tables and Bases,143.432,1,0.2,3.5857999999999848
CA-2011-157882,2016-10-03,2016-10-08,Second Class,AR-10405,Allen Rosenblatt,Corporate,Los Angeles,California,90036,FUR-CH-10002774,Furniture,Chairs,"Global Deluxe Stacking Chair, Gray",122.352,3,0.2,13.764599999999994
CA-2011-153479,2016-10-04,2016-10-08,Standard Class,DF-13135,David Flashing,Consumer,Vallejo,California,94591,OFF-LA-10004689,Office Supplies,Labels,Avery 512,14.450000000000001,5,0.0,6.7915
CA-2011-153479,2016-10-04,2016-10-08,Standard Class,DF-13135,David Flashing,Consumer,Vallejo,California,94591,OFF-BI-10002867,Office Supplies,Binders,GBC Recycled Regency Composition Covers,95.64800000000001,2,0.2,31.08559999999999
CA-2011-102085,2016-10-04,2016-10-09,Standard Class,JD-16015,Joy Daniels,Consumer,Seattle,Washington,98115,OFF-LA-10002475,Office Supplies,Labels,Avery 519,29.24,4,0.0,13.742799999999999
CA-2011-152233,2016-10-05,2016-10-06,First Class,KH-16510,Keith Herrera,Consumer,Pomona,California,91767,TEC-AC-10002800,Technology,Accessories,Plantronics Audio 478 Stereo USB Headset,99.98,2,0.0,34.992999999999995
CA-2011-134677,2016-10-06,2016-10-10,Standard Class,XP-21865,Xylona Preis,Consumer,San Diego,California,92024,TEC-AC-10001445,Technology,Accessories,Imation USB 2.0 Swivel Flash Drive USB flash drive - 4 GB - Pink,9.09,3,0.0,1.9088999999999996
CA-2011-138240,2016-10-09,2016-10-14,Standard Class,SJ-20500,Shirley Jackson,Consumer,San Francisco,California,94122,OFF-AR-10002135,Office Supplies,Art,Boston Heavy-Duty Trimline Electric Pencil Sharpeners,144.60000000000002,3,0.0,41.93399999999998
CA-2011-138240,2016-10-09,2016-10-14,Standard Class,SJ-20500,Shirley Jackson,Consumer,San Francisco,California,94122,TEC-PH-10002583,Technology,Phones,iOttie HLCRIO102 Car Mount,15.991999999999999,1,0.2,-2.998500000000002
CA-2011-140403,2016-10-10,2016-10-10,Same Day,TN-21040,Tanja Norvell,Home Office,Manteca,California,95336,FUR-CH-10002774,Furniture,Chairs,"Global Deluxe Stacking Chair, Gray",122.352,3,0.2,13.764599999999994
CA-2011-140403,2016-10-10,2016-10-10,Same Day,TN-21040,Tanja Norvell,Home Office,Manteca,California,95336,OFF-EN-10001219,Office Supplies,Envelopes,"#10- 4 1/8"" x 9 1/2"" Security-Tint Envelopes",15.28,2,0.0,7.4872
CA-2011-150329,2016-10-10,2016-10-14,Standard Class,SD-20485,Shirley Daniels,Home Office,Phoenix,Arizona,85023,FUR-FU-10003724,Furniture,Furnishings,Westinghouse Clip-On Gooseneck Lamps,46.872,7,0.2,3.515399999999998
US-2011-134054,2016-10-10,2016-10-10,Same Day,FC-14335,Fred Chung,Corporate,Albuquerque,New Mexico,87105,OFF-AR-10000937,Office Supplies,Art,"Dixon Ticonderoga Core-Lock Colored Pencils, 48-Color Set",255.84999999999997,7,0.0,112.57400000000001
CA-2011-116834,2016-10-11,2016-10-16,Standard Class,Dp-13240,Dean percer,Home Office,Seattle,Washington,98115,FUR-FU-10001196,Furniture,Furnishings,DAX Cubicle Frames - 8x10,63.47,11,0.0,19.040999999999997
CA-2011-116834,2016-10-11,2016-10-16,Standard Class,Dp-13240,Dean percer,Home Office,Seattle,Washington,98115,TEC-AC-10002942,Technology,Accessories,WD My Passport Ultra 1TB Portable External Hard Drive,345.0,5,0.0,58.649999999999984
CA-2011-157924,2016-10-11,2016-10-13,First Class,HA-14920,Helen Andreada,Consumer,Pasadena,California,91104,OFF-ST-10002352,Office Supplies,Storage,Iris Project Case,31.92,4,0.0,8.299199999999999
CA-2011-157924,2016-10-11,2016-10-13,First Class,HA-14920,Helen Andreada,Consumer,Pasadena,California,91104,FUR-CH-10000229,Furniture,Chairs,Global Enterprise Series Seating High-Back Swivel/Tilt Chairs,433.56800000000004,2,0.2,-65.03520000000005
CA-2011-128538,2016-10-11,2016-10-15,Standard Class,AS-10240,Alan Shonely,Consumer,Redondo Beach,California,90278,OFF-EN-10001219,Office Supplies,Envelopes,"#10- 4 1/8"" x 9 1/2"" Security-Tint Envelopes",7.64,1,0.0,3.7436
CA-2011-139451,2016-10-12,2016-10-16,Standard Class,DN-13690,Duane Noonan,Consumer,San Francisco,California,94122,OFF-AR-10002053,Office Supplies,Art,"Premium Writing Pencils, Soft, #2 by Central Association for the Blind",14.9,5,0.0,4.172000000000001
CA-2011-139451,2016-10-12,2016-10-16,Standard Class,DN-13690,Duane Noonan,Consumer,San Francisco,California,94122,OFF-ST-10002370,Office Supplies,Storage,"Sortfiler Multipurpose Personal File Organizer, Black",21.39,1,0.0,6.203099999999999
CA-2011-151995,2016-10-13,2016-10-15,First Class,ZC-21910,Zuschuss Carroll,Consumer,Edmonds,Washington,98026,OFF-AR-10003190,Office Supplies,Art,Newell 32,11.52,4,0.0,3.2256
CA-2011-151995,2016-10-13,2016-10-15,First Class,ZC-21910,Zuschuss Carroll,Consumer,Edmonds,Washington,98026,FUR-TA-10002903,Furniture,Tables,"Bevis Round Bullnose 29"" High Table Top",1298.55,5,0.0,311.652
CA-2011-151995,2016-10-13,2016-10-15,First Class,ZC-21910,Zuschuss Carroll,Consumer,Edmonds,Washington,98026,OFF-AP-10000240,Office Supplies,Appliances,Belkin F9G930V10-GRY 9 Outlet Surge,213.92,4,0.0,62.03679999999997
CA-2011-151995,2016-10-13,2016-10-15,First Class,ZC-21910,Zuschuss Carroll,Consumer,Edmonds,Washington,98026,TEC-AC-10001101,Technology,Accessories,Sony 16GB Class 10 Micro SDHC R40 Memory Card,25.78,2,0.0,2.5779999999999994
US-2011-109456,2016-10-16,2016-10-17,Same Day,LS-17245,Lynn Smith,Consumer,San Francisco,California,94110,OFF-BI-10000136,Office Supplies,Binders,Avery Non-Stick Heavy Duty View Round Locking Ring Binders,14.352000000000002,3,0.2,5.023199999999999
US-2011-109456,2016-10-16,2016-10-17,Same Day,LS-17245,Lynn Smith,Consumer,San Francisco,California,94110,TEC-AC-10003610,Technology,Accessories,Logitech Illuminated - Keyboard,179.97,3,0.0,86.38560000000001
CA-2011-143168,2016-10-18,2016-10-23,Second Class,IG-15085,Ivan Gibson,Consumer,Seattle,Washington,98103,OFF-PA-10000167,Office Supplies,Paper,Xerox 1925,61.96,2,0.0,27.881999999999998
CA-2011-143168,2016-10-18,2016-10-23,Second Class,IG-15085,Ivan Gibson,Consumer,Seattle,Washington,98103,OFF-BI-10003784,Office Supplies,Binders,Computer Printout Index Tabs,1.344,1,0.2,0.4703999999999999
CA-2011-117317,2016-10-19,2016-10-19,Same Day,JF-15490,Jeremy Farry,Consumer,Los Angeles,California,90032,OFF-PA-10004519,Office Supplies,Paper,Spiral Phone Message Books with Labels by Adams,13.440000000000001,3,0.0,6.585600000000001
CA-2011-155264,2016-10-19,2016-10-22,Second Class,RP-19270,Rachel Payne,Corporate,San Francisco,California,94110,OFF-BI-10003196,Office Supplies,Binders,Accohide Poly Flexible Ring Binders,2.9920000000000004,1,0.2,1.1219999999999999
CA-2011-155264,2016-10-19,2016-10-22,Second Class,RP-19270,Rachel Payne,Corporate,San Francisco,California,94110,OFF-BI-10003727,Office Supplies,Binders,Avery Durable Slant Ring Binders With Label Holder,20.064,6,0.2,7.022399999999999
CA-2011-155264,2016-10-19,2016-10-22,Second Class,RP-19270,Rachel Payne,Corporate,San Francisco,California,94110,OFF-PA-10003228,Office Supplies,Paper,Xerox 1917,146.73,3,0.0,68.9631
CA-2011-155264,2016-10-19,2016-10-22,Second Class,RP-19270,Rachel Payne,Corporate,San Francisco,California,94110,OFF-LA-10002787,Office Supplies,Labels,Avery 480,18.75,5,0.0,9.0
CA-2011-155264,2016-10-19,2016-10-22,Second Class,RP-19270,Rachel Payne,Corporate,San Francisco,California,94110,TEC-PH-10001305,Technology,Phones,Panasonic KX TS208W Corded phone,117.57600000000002,3,0.2,11.75760000000001
CA-2011-100867,2016-10-19,2016-10-24,Standard Class,EH-14125,Eugene Hildebrand,Home Office,Lakewood,California,90712,TEC-PH-10004922,Technology,Phones,RCA Visys Integrated PBX 8-Line Router,321.552,6,0.2,20.09700000000001
CA-2011-169852,2016-10-21,2016-10-26,Standard Class,SF-20965,Sylvia Foulston,Corporate,San Diego,California,92024,OFF-BI-10001460,Office Supplies,Binders,Plastic Binding Combs,36.36,3,0.2,12.2715
CA-2011-130729,2016-10-24,2016-10-29,Standard Class,AA-10375,Allen Armold,Consumer,Rancho Cucamonga,California,91730,OFF-BI-10002706,Office Supplies,Binders,Avery Premier Heavy-Duty Binder with Round Locking Rings,34.272,3,0.2,11.138399999999999
US-2011-158400,2016-10-25,2016-10-28,First Class,AH-10030,Aaron Hawkins,Corporate,San Francisco,California,94109,OFF-BI-10002353,Office Supplies,Binders,GBC VeloBind Cover Sets,49.408,4,0.2,18.528
CA-2011-162278,2016-10-26,2016-10-30,Second Class,AH-10585,Angele Hood,Consumer,Seattle,Washington,98105,FUR-FU-10000448,Furniture,Furnishings,Tenex Chairmats For Use With Carpeted Floors,63.92,4,0.0,3.195999999999998
CA-2011-162278,2016-10-26,2016-10-30,Second Class,AH-10585,Angele Hood,Consumer,Seattle,Washington,98105,TEC-PH-10000526,Technology,Phones,Vtech CS6719,383.96000000000004,5,0.2,38.396000000000015
CA-2011-101931,2016-10-28,2016-10-31,First Class,TS-21370,Todd Sumrall,Corporate,Los Angeles,California,90049,OFF-BI-10004140,Office Supplies,Binders,Avery Non-Stick Binders,7.184000000000001,2,0.2,2.244999999999999
CA-2011-101931,2016-10-28,2016-10-31,First Class,TS-21370,Todd Sumrall,Corporate,Los Angeles,California,90049,OFF-SU-10002301,Office Supplies,Supplies,Serrated Blade or Curved Handle Hand Letter Openers,6.28,2,0.0,0.06280000000000019
CA-2011-101931,2016-10-28,2016-10-31,First Class,TS-21370,Todd Sumrall,Corporate,Los Angeles,California,90049,OFF-SU-10000646,Office Supplies,Supplies,Premier Automatic Letter Opener,480.74,2,0.0,14.422200000000032
CA-2011-101931,2016-10-28,2016-10-31,First Class,TS-21370,Todd Sumrall,Corporate,Los Angeles,California,90049,FUR-BO-10001337,Furniture,Bookcases,O'Sullivan Living Dimensions 2-Shelf Bookcases,616.998,6,0.15,-36.294
CA-2011-101931,2016-10-28,2016-10-31,First Class,TS-21370,Todd Sumrall,Corporate,Los Angeles,California,90049,OFF-ST-10003442,Office Supplies,Storage,Eldon Portable Mobile Manager,141.4,5,0.0,38.178
CA-2011-106439,2016-10-31,2016-11-04,Standard Class,GG-14650,Greg Guthrie,Corporate,Los Angeles,California,90049,OFF-FA-10002975,Office Supplies,Fasteners,Staples,11.34,3,0.0,5.2164
CA-2011-106439,2016-10-31,2016-11-04,Standard Class,GG-14650,Greg Guthrie,Corporate,Los Angeles,California,90049,OFF-ST-10003996,Office Supplies,Storage,"Letter/Legal File Tote with Clear Snap-On Lid, Black Granite",80.3,5,0.0,20.877999999999997
CA-2011-106439,2016-10-31,2016-11-04,Standard Class,GG-14650,Greg Guthrie,Corporate,Los Angeles,California,90049,OFF-BI-10002571,Office Supplies,Binders,"Avery Framed View Binder, EZD Ring (Locking), Navy, 1 1/2""",15.968000000000002,2,0.2,5.389199999999999
CA-2011-106439,2016-10-31,2016-11-04,Standard Class,GG-14650,Greg Guthrie,Corporate,Los Angeles,California,90049,OFF-PA-10000477,Office Supplies,Paper,Xerox 1952,64.74000000000001,13,0.0,30.427800000000005
CA-2011-106439,2016-10-31,2016-11-04,Standard Class,GG-14650,Greg Guthrie,Corporate,Los Angeles,California,90049,OFF-BI-10004209,Office Supplies,Binders,"Fellowes Twister Kit, Gray/Clear, 3/pkg",19.296,3,0.2,6.029999999999999
CA-2011-106439,2016-10-31,2016-11-04,Standard Class,GG-14650,Greg Guthrie,Corporate,Los Angeles,California,90049,OFF-ST-10001963,Office Supplies,Storage,Tennsco Regal Shelving Units,405.64,4,0.0,12.16919999999999
CA-2011-106439,2016-10-31,2016-11-04,Standard Class,GG-14650,Greg Guthrie,Corporate,Los Angeles,California,90049,FUR-CH-10003833,Furniture,Chairs,Novimex Fabric Task Chair,146.352,3,0.2,-9.147000000000006
CA-2011-106439,2016-10-31,2016-11-04,Standard Class,GG-14650,Greg Guthrie,Corporate,Los Angeles,California,90049,TEC-AC-10004568,Technology,Accessories,Maxell LTO Ultrium - 800 GB,251.91,9,0.0,47.86289999999998
CA-2011-106439,2016-10-31,2016-11-04,Standard Class,GG-14650,Greg Guthrie,Corporate,Los Angeles,California,90049,OFF-AR-10001419,Office Supplies,Art,Newell 325,12.39,3,0.0,3.7169999999999996
US-2011-167262,2016-10-31,2016-11-03,Second Class,AC-10450,Amy Cox,Consumer,Avondale,Arizona,85323,TEC-PH-10000486,Technology,Phones,Plantronics HL10 Handset Lifter,742.336,8,0.2,83.51279999999991
US-2011-120313,2016-10-31,2016-11-02,Second Class,NL-18310,Nancy Lomonaco,Home Office,San Francisco,California,94110,TEC-PH-10003092,Technology,Phones,Motorola L804,73.584,2,0.2,8.278199999999998
CA-2011-134313,2016-11-01,2016-11-07,Standard Class,RA-19915,Russell Applegate,Consumer,Denver,Colorado,80219,OFF-AR-10001897,Office Supplies,Art,Model L Table or Wall-Mount Pencil Sharpener,43.176,3,0.2,4.3176000000000005
CA-2011-134313,2016-11-01,2016-11-07,Standard Class,RA-19915,Russell Applegate,Consumer,Denver,Colorado,80219,TEC-PH-10001795,Technology,Phones,ClearOne CHATAttach 160 - speaker phone,1983.968,4,0.2,247.9959999999998
CA-2011-148915,2016-11-01,2016-11-05,Standard Class,ND-18370,Natalie DeCherney,Consumer,Portland,Oregon,97206,OFF-ST-10001128,Office Supplies,Storage,"Carina Mini System Audio Rack, Model AR050B",443.92,5,0.2,-94.33299999999997
CA-2011-148915,2016-11-01,2016-11-05,Standard Class,ND-18370,Natalie DeCherney,Consumer,Portland,Oregon,97206,TEC-PH-10000673,Technology,Phones,Plantronics Voyager Pro HD - Bluetooth Headset,155.976,3,0.2,54.5916
CA-2011-168305,2016-11-01,2016-11-08,Standard Class,PL-18925,Paul Lucas,Home Office,Los Angeles,California,90049,OFF-LA-10003498,Office Supplies,Labels,Avery 475,44.400000000000006,3,0.0,22.200000000000003
CA-2011-168305,2016-11-01,2016-11-08,Standard Class,PL-18925,Paul Lucas,Home Office,Los Angeles,California,90049,OFF-PA-10004947,Office Supplies,Paper,Easy-staple paper,21.400000000000002,5,0.0,9.629999999999999
CA-2011-115889,2016-11-02,2016-11-06,Standard Class,SH-20395,Shahid Hopkins,Consumer,San Francisco,California,94122,TEC-PH-10001615,Technology,Phones,AT&T CL82213,46.384,2,0.2,5.218199999999992
CA-2011-115889,2016-11-02,2016-11-06,Standard Class,SH-20395,Shahid Hopkins,Consumer,San Francisco,California,94122,OFF-ST-10003208,Office Supplies,Storage,Adjustable Depth Letter/Legal Cart,362.92,2,0.0,105.24679999999995
CA-2011-134726,2016-11-02,2016-11-07,Second Class,SW-20755,Steven Ward,Corporate,Seattle,Washington,98115,TEC-AC-10000023,Technology,Accessories,"Maxell 74 Minute CD-R Spindle, 50/Pack",41.94,2,0.0,15.098399999999998
CA-2011-134726,2016-11-02,2016-11-07,Second Class,SW-20755,Steven Ward,Corporate,Seattle,Washington,98115,TEC-PH-10001750,Technology,Phones,Samsung Rugby III,52.792,1,0.2,4.619300000000003
CA-2011-153619,2016-11-03,2016-11-03,Same Day,TC-21535,Tracy Collins,Home Office,Los Angeles,California,90049,OFF-AR-10001868,Office Supplies,Art,Prang Dustless Chalk Sticks,6.72,4,0.0,3.36
CA-2011-149244,2016-11-04,2016-11-08,Standard Class,MS-17530,MaryBeth Skach,Consumer,San Diego,California,92037,FUR-FU-10004671,Furniture,Furnishings,"Executive Impressions 12"" Wall Clock",35.34,2,0.0,13.429200000000002
CA-2011-125829,2016-11-04,2016-11-11,Standard Class,WB-21850,William Brown,Consumer,Los Angeles,California,90045,TEC-PH-10001079,Technology,Phones,Polycom SoundPoint Pro SE-225 Corded phone,666.344,7,0.2,66.63439999999997
CA-2011-125829,2016-11-04,2016-11-11,Standard Class,WB-21850,William Brown,Consumer,Los Angeles,California,90045,FUR-TA-10002041,Furniture,Tables,"Bevis Round Conference Table Top, X-Base",573.728,4,0.2,-64.54439999999997
CA-2011-125829,2016-11-04,2016-11-11,Standard Class,WB-21850,William Brown,Consumer,Los Angeles,California,90045,OFF-BI-10001036,Office Supplies,Binders,Cardinal EasyOpen D-Ring Binders,21.936000000000003,3,0.2,8.225999999999999
CA-2011-125829,2016-11-04,2016-11-11,Standard Class,WB-21850,William Brown,Consumer,Los Angeles,California,90045,OFF-PA-10000223,Office Supplies,Paper,Xerox 2000,19.44,3,0.0,9.3312
CA-2011-125829,2016-11-04,2016-11-11,Standard Class,WB-21850,William Brown,Consumer,Los Angeles,California,90045,TEC-MA-10003246,Technology,Machines,Hewlett-Packard Deskjet D4360 Printer,447.9680000000001,4,0.2,139.98999999999995
US-2011-134187,2016-11-04,2016-11-11,Standard Class,TH-21235,Tiffany House,Corporate,Long Beach,California,90805,OFF-AR-10000940,Office Supplies,Art,Newell 343,2.94,1,0.0,0.7938000000000001
CA-2011-109134,2016-11-05,2016-11-10,Standard Class,DE-13255,Deanra Eno,Home Office,Los Angeles,California,90008,FUR-FU-10000320,Furniture,Furnishings,OIC Stacking Trays,20.04,6,0.0,8.817600000000002
CA-2011-123323,2016-11-07,2016-11-12,Standard Class,LH-16900,Lena Hernandez,Consumer,San Francisco,California,94110,OFF-BI-10003684,Office Supplies,Binders,Wilson Jones Legal Size Ring Binders,123.14399999999999,7,0.2,46.17899999999999
US-2011-139640,2016-11-07,2016-11-11,Second Class,TB-21595,Troy Blackwell,Consumer,Portland,Oregon,97206,OFF-PA-10000304,Office Supplies,Paper,Xerox 1995,25.920000000000005,5,0.2,9.072
US-2011-139640,2016-11-07,2016-11-11,Second Class,TB-21595,Troy Blackwell,Consumer,Portland,Oregon,97206,OFF-AR-10002240,Office Supplies,Art,Panasonic KP-150 Electric Pencil Sharpener,120.76800000000001,4,0.2,9.057599999999997
US-2011-126340,2016-11-08,2016-11-14,Standard Class,EB-13870,Emily Burns,Consumer,Redding,California,96003,TEC-PH-10004447,Technology,Phones,Toshiba IPT2010-SD IP Telephone,333.576,3,0.2,25.018199999999993
CA-2011-144666,2016-11-09,2016-11-11,Second Class,JP-15520,Jeremy Pistek,Consumer,San Francisco,California,94110,OFF-ST-10002743,Office Supplies,Storage,SAFCO Boltless Steel Shelving,340.92,3,0.0,3.4091999999999842
CA-2011-144666,2016-11-09,2016-11-11,Second Class,JP-15520,Jeremy Pistek,Consumer,San Francisco,California,94110,FUR-BO-10001601,Furniture,Bookcases,"Sauder Mission Library with Doors, Fruitwood Finish",222.66599999999997,2,0.15,10.47839999999998
CA-2011-144666,2016-11-09,2016-11-11,Second Class,JP-15520,Jeremy Pistek,Consumer,San Francisco,California,94110,TEC-PH-10002680,Technology,Phones,Samsung Galaxy Note 3,703.9680000000001,4,0.2,87.99599999999992
CA-2011-144666,2016-11-09,2016-11-11,Second Class,JP-15520,Jeremy Pistek,Consumer,San Francisco,California,94110,OFF-ST-10001321,Office Supplies,Storage,"Decoflex Hanging Personal Folder File, Blue",92.52,6,0.0,24.980400000000007
CA-2011-144666,2016-11-09,2016-11-11,Second Class,JP-15520,Jeremy Pistek,Consumer,San Francisco,California,94110,OFF-PA-10001509,Office Supplies,Paper,"Recycled Desk Saver Line ""While You Were Out"" Book, 5 1/2"" X 4""",62.64999999999999,7,0.0,28.818999999999996
CA-2011-144666,2016-11-09,2016-11-11,Second Class,JP-15520,Jeremy Pistek,Consumer,San Francisco,California,94110,OFF-PA-10003465,Office Supplies,Paper,Xerox 1912,94.85,5,0.0,45.52799999999999
CA-2011-158372,2016-11-10,2016-11-16,Standard Class,RD-19900,Ruben Dartt,Consumer,San Diego,California,92037,TEC-PH-10002103,Technology,Phones,Jabra SPEAK 410,601.536,8,0.2,60.15360000000001
CA-2011-158372,2016-11-10,2016-11-16,Standard Class,RD-19900,Ruben Dartt,Consumer,San Diego,California,92037,TEC-AC-10004209,Technology,Accessories,Memorex Froggy Flash Drive 4 GB,10.99,1,0.0,4.2861
CA-2011-158372,2016-11-10,2016-11-16,Standard Class,RD-19900,Ruben Dartt,Consumer,San Diego,California,92037,FUR-FU-10000397,Furniture,Furnishings,Luxo Economy Swing Arm Lamp,39.88,2,0.0,11.166400000000003
CA-2011-158372,2016-11-10,2016-11-16,Standard Class,RD-19900,Ruben Dartt,Consumer,San Diego,California,92037,OFF-PA-10002137,Office Supplies,Paper,"Southworth 100% Résumé Paper, 24lb.",62.24,8,0.0,28.007999999999996
CA-2011-158372,2016-11-10,2016-11-16,Standard Class,RD-19900,Ruben Dartt,Consumer,San Diego,California,92037,FUR-FU-10001867,Furniture,Furnishings,"Eldon Expressions Punched Metal & Wood Desk Accessories, Pewter & Cherry",53.2,5,0.0,14.896000000000003
CA-2011-158372,2016-11-10,2016-11-16,Standard Class,RD-19900,Ruben Dartt,Consumer,San Diego,California,92037,OFF-LA-10000407,Office Supplies,Labels,Avery White Multi-Purpose Labels,39.84,8,0.0,18.3264
CA-2011-163419,2016-11-11,2016-11-14,Second Class,TZ-21580,Tracy Zic,Consumer,Louisville,Colorado,80027,OFF-AR-10000034,Office Supplies,Art,"BIC Brite Liner Grip Highlighters, Assorted, 5/Pack",3.3920000000000003,1,0.2,0.8055999999999999
CA-2011-163419,2016-11-11,2016-11-14,Second Class,TZ-21580,Tracy Zic,Consumer,Louisville,Colorado,80027,TEC-PH-10000560,Technology,Phones,Samsung Galaxy S III - 16GB - pebble blue (T-Mobile),559.984,2,0.2,55.99840000000003
CA-2011-163419,2016-11-11,2016-11-14,Second Class,TZ-21580,Tracy Zic,Consumer,Louisville,Colorado,80027,FUR-CH-10000665,Furniture,Chairs,"Global Airflow Leather Mesh Back Chair, Black",603.92,5,0.2,75.48999999999992
CA-2011-105270,2016-11-11,2016-11-18,Standard Class,AP-10915,Arthur Prichep,Consumer,Los Angeles,California,90008,OFF-AR-10003156,Office Supplies,Art,50 Colored Long Pencils,30.48,3,0.0,7.924800000000001
CA-2011-105270,2016-11-11,2016-11-18,Standard Class,AP-10915,Arthur Prichep,Consumer,Los Angeles,California,90008,FUR-CH-10000988,Furniture,Chairs,Hon Olson Stacker Stools,112.64800000000001,1,0.2,11.264799999999997
CA-2011-140732,2016-11-11,2016-11-13,Second Class,MA-17560,Matt Abelman,Home Office,Los Angeles,California,90004,TEC-PH-10001425,Technology,Phones,Mophie Juice Pack Helium for iPhone,575.928,9,0.2,57.59279999999998
CA-2011-140732,2016-11-11,2016-11-13,Second Class,MA-17560,Matt Abelman,Home Office,Los Angeles,California,90004,OFF-AP-10001626,Office Supplies,Appliances,"Commercial WindTunnel Clean Air Upright Vacuum, Replacement Belts, Filtration Bags",7.78,2,0.0,2.0228
CA-2011-140732,2016-11-11,2016-11-13,Second Class,MA-17560,Matt Abelman,Home Office,Los Angeles,California,90004,OFF-PA-10003625,Office Supplies,Paper,Xerox 1979,123.92,4,0.0,55.763999999999996
CA-2011-128524,2016-11-11,2016-11-13,First Class,MZ-17515,Mary Zewe,Corporate,Seattle,Washington,98115,OFF-AP-10002892,Office Supplies,Appliances,Belkin F5C206VTEL 6 Outlet Surge,22.98,1,0.0,6.893999999999998
CA-2011-128524,2016-11-11,2016-11-13,First Class,MZ-17515,Mary Zewe,Corporate,Seattle,Washington,98115,TEC-AC-10002718,Technology,Accessories,Belkin Standard 104 key USB Keyboard,102.13,7,0.0,15.319499999999996
CA-2011-128524,2016-11-11,2016-11-13,First Class,MZ-17515,Mary Zewe,Corporate,Seattle,Washington,98115,OFF-BI-10003527,Office Supplies,Binders,Fellowes PB500 Electric Punch Plastic Comb Binding Machine with Manual Bind,2033.584,2,0.2,762.594
CA-2011-151295,2016-11-12,2016-11-16,Standard Class,JA-15970,Joseph Airdo,Consumer,Los Angeles,California,90045,OFF-PA-10001947,Office Supplies,Paper,Xerox 1974,11.96,2,0.0,5.8604
CA-2011-151295,2016-11-12,2016-11-16,Standard Class,JA-15970,Joseph Airdo,Consumer,Los Angeles,California,90045,FUR-TA-10002356,Furniture,Tables,Bevis Boat-Shaped Conference Table,629.0640000000001,3,0.2,31.453199999999953
CA-2011-127558,2016-11-15,2016-11-18,First Class,SS-20410,Shahid Shariari,Consumer,Los Angeles,California,90008,FUR-FU-10002505,Furniture,Furnishings,Eldon 100 Class Desk Accessories,10.11,3,0.0,3.2351999999999994
CA-2011-127558,2016-11-15,2016-11-18,First Class,SS-20410,Shahid Shariari,Consumer,Los Angeles,California,90008,TEC-AC-10003832,Technology,Accessories,Logitech P710e Mobile Speakerphone,772.47,3,0.0,146.76929999999993
CA-2011-127558,2016-11-15,2016-11-18,First Class,SS-20410,Shahid Shariari,Consumer,Los Angeles,California,90008,OFF-SU-10002537,Office Supplies,Supplies,Acme Box Cutter Scissors,20.46,2,0.0,5.319600000000001
CA-2011-128622,2016-11-15,2016-11-17,Second Class,SC-20260,Scott Cohen,Corporate,San Francisco,California,94110,OFF-SU-10001574,Office Supplies,Supplies,Acme Value Line Scissors,10.95,3,0.0,3.2849999999999993
CA-2011-160066,2016-11-16,2016-11-22,Standard Class,AH-10075,Adam Hart,Corporate,Huntington Beach,California,92646,OFF-LA-10001045,Office Supplies,Labels,Permanent Self-Adhesive File Folder Labels for Typewriters by Universal,5.22,2,0.0,2.4012
CA-2011-119144,2016-11-16,2016-11-18,First Class,JD-16150,Justin Deggeller,Corporate,Los Angeles,California,90008,TEC-PH-10004188,Technology,Phones,OtterBox Commuter Series Case - Samsung Galaxy S4,79.968,4,0.2,-17.9928
CA-2011-119144,2016-11-16,2016-11-18,First Class,JD-16150,Justin Deggeller,Corporate,Los Angeles,California,90008,FUR-BO-10004015,Furniture,Bookcases,"Bush Andora Bookcase, Maple/Graphite Gray Finish",305.9745,3,0.15,25.19789999999997
CA-2011-119144,2016-11-16,2016-11-18,First Class,JD-16150,Justin Deggeller,Corporate,Los Angeles,California,90008,OFF-ST-10000991,Office Supplies,Storage,Space Solutions HD Industrial Steel Shelving.,344.90999999999997,3,0.0,10.347300000000004
CA-2011-140662,2016-11-17,2016-11-19,First Class,TS-21205,Thomas Seio,Corporate,San Francisco,California,94109,TEC-AC-10001314,Technology,Accessories,Case Logic 2.4GHz Wireless Keyboard,99.98,2,0.0,7.9983999999999895
CA-2011-140662,2016-11-17,2016-11-19,First Class,TS-21205,Thomas Seio,Corporate,San Francisco,California,94109,OFF-PA-10003395,Office Supplies,Paper,Xerox 1941,733.9499999999999,7,0.0,352.296
CA-2011-140662,2016-11-17,2016-11-19,First Class,TS-21205,Thomas Seio,Corporate,San Francisco,California,94109,OFF-AP-10001242,Office Supplies,Appliances,APC 7 Outlet Network SurgeArrest Surge Protector,241.44,3,0.0,72.43199999999999
CA-2011-164210,2016-11-18,2016-11-20,Second Class,PW-19240,Pierre Wener,Consumer,Louisville,Colorado,80027,FUR-TA-10000849,Furniture,Tables,Bevis Rectangular Conference Tables,145.98,2,0.5,-99.26639999999998
CA-2011-164210,2016-11-18,2016-11-20,Second Class,PW-19240,Pierre Wener,Consumer,Louisville,Colorado,80027,OFF-PA-10002259,Office Supplies,Paper,"Geographics Note Cards, Blank, White, 8 1/2"" x 11""",35.808,4,0.2,12.5328
CA-2011-104829,2016-11-18,2016-11-21,Second Class,JG-15805,John Grady,Corporate,Provo,Utah,84604,OFF-PA-10003016,Office Supplies,Paper,"Adams ""While You Were Out"" Message Pads",21.98,7,0.0,9.890999999999998
CA-2011-124702,2016-11-18,2016-11-25,Standard Class,MH-17785,Maya Herman,Corporate,Seattle,Washington,98105,FUR-FU-10003553,Furniture,Furnishings,"Howard Miller 13-1/2"" Diameter Rosebrook Wall Clock",137.54,2,0.0,55.016000000000005
CA-2011-124702,2016-11-18,2016-11-25,Standard Class,MH-17785,Maya Herman,Corporate,Seattle,Washington,98105,FUR-TA-10003008,Furniture,Tables,"Lesro Round Back Collection Coffee Table, End Table",730.2,4,0.0,94.92600000000004
CA-2011-100972,2016-11-19,2016-11-24,Second Class,DB-13360,Dennis Bolton,Home Office,Salt Lake City,Utah,84106,OFF-PA-10000357,Office Supplies,Paper,Xerox 1888,166.44,3,0.0,79.8912
CA-2011-103401,2016-11-21,2016-11-26,Standard Class,GR-14560,Georgia Rosenberg,Corporate,San Francisco,California,94110,OFF-PA-10003309,Office Supplies,Paper,Xerox 211,12.96,2,0.0,6.2208000000000006
CA-2011-154781,2016-11-21,2016-11-26,Standard Class,SC-20680,Steve Carroll,Home Office,San Francisco,California,94110,OFF-PA-10001609,Office Supplies,Paper,Tops Wirebound Message Log Books,6.58,2,0.0,3.0267999999999997
CA-2011-154781,2016-11-21,2016-11-26,Standard Class,SC-20680,Steve Carroll,Home Office,San Francisco,California,94110,TEC-AC-10000474,Technology,Accessories,Kensington Expert Mouse Optical USB Trackball for PC or Mac,94.99,1,0.0,28.496999999999986
CA-2011-135090,2016-11-22,2016-11-26,Standard Class,SP-20920,Susan Pistek,Consumer,Los Angeles,California,90036,OFF-PA-10002245,Office Supplies,Paper,Xerox 1895,53.82000000000001,9,0.0,24.218999999999998
US-2011-157385,2016-11-23,2016-11-25,First Class,SC-20095,Sanjit Chand,Consumer,Los Angeles,California,90004,FUR-CH-10000863,Furniture,Chairs,Novimex Swivel Fabric Task Chair,603.92,5,0.2,-67.941
US-2011-157385,2016-11-23,2016-11-25,First Class,SC-20095,Sanjit Chand,Consumer,Los Angeles,California,90004,OFF-EN-10003160,Office Supplies,Envelopes,Pastel Pink Envelopes,21.84,3,0.0,10.4832
US-2011-157385,2016-11-23,2016-11-25,First Class,SC-20095,Sanjit Chand,Consumer,Los Angeles,California,90004,TEC-AC-10003280,Technology,Accessories,Belkin F8E887 USB Wired Ergonomic Keyboard,29.99,1,0.0,6.2978999999999985
US-2011-157385,2016-11-23,2016-11-25,First Class,SC-20095,Sanjit Chand,Consumer,Los Angeles,California,90004,FUR-CH-10000595,Furniture,Chairs,Safco Contoured Stacking Chairs,381.44000000000005,2,0.2,23.839999999999975
CA-2011-159625,2016-11-23,2016-11-28,Standard Class,SM-20005,Sally Matthias,Consumer,Scottsdale,Arizona,85254,OFF-EN-10002621,Office Supplies,Envelopes,Staple envelope,23.472,3,0.2,8.801999999999998
CA-2011-158540,2016-11-24,2016-11-26,First Class,VG-21790,Vivek Gonzalez,Consumer,San Diego,California,92037,FUR-FU-10001602,Furniture,Furnishings,"Eldon Delta Triangular Chair Mat, 52"" x 58"", Clear",151.72,4,0.0,27.30959999999999
CA-2011-127131,2016-11-24,2016-11-30,Standard Class,HR-14830,Harold Ryan,Corporate,Seattle,Washington,98103,OFF-BI-10004656,Office Supplies,Binders,Peel & Stick Add-On Corner Pockets,12.096000000000002,7,0.2,4.233599999999999
CA-2011-127131,2016-11-24,2016-11-30,Standard Class,HR-14830,Harold Ryan,Corporate,Seattle,Washington,98103,OFF-ST-10002344,Office Supplies,Storage,"Carina 42""Hx23 3/4""W Media Storage Unit",485.88,6,0.0,9.717600000000033
CA-2011-127131,2016-11-24,2016-11-30,Standard Class,HR-14830,Harold Ryan,Corporate,Seattle,Washington,98103,OFF-PA-10001800,Office Supplies,Paper,Xerox 220,25.92,4,0.0,12.441600000000001
CA-2011-127131,2016-11-24,2016-11-30,Standard Class,HR-14830,Harold Ryan,Corporate,Seattle,Washington,98103,OFF-ST-10000036,Office Supplies,Storage,"Recycled Data-Pak for Archival Bound Computer Printouts, 12-1/2 x 12-1/2 x 16",197.58,2,0.0,53.346599999999995
CA-2011-102295,2016-11-24,2016-11-26,Second Class,EH-13990,Erica Hackney,Consumer,Sacramento,California,95823,FUR-CH-10001714,Furniture,Chairs,"Global Leather & Oak Executive Chair, Burgundy",120.71199999999999,1,0.2,-18.106799999999993
CA-2011-164721,2016-11-25,2016-11-27,Second Class,LW-16825,Laurel Workman,Corporate,Brentwood,California,94513,OFF-AP-10000240,Office Supplies,Appliances,Belkin F9G930V10-GRY 9 Outlet Surge,320.88,6,0.0,93.05519999999996
CA-2011-164721,2016-11-25,2016-11-27,Second Class,LW-16825,Laurel Workman,Corporate,Brentwood,California,94513,FUR-FU-10001940,Furniture,Furnishings,Staple-based wall hangings,23.88,3,0.0,10.507200000000001
CA-2011-164721,2016-11-25,2016-11-27,Second Class,LW-16825,Laurel Workman,Corporate,Brentwood,California,94513,OFF-PA-10000575,Office Supplies,Paper,"Wirebound Message Books, Four 2 3/4 x 5 White Forms per Page",26.76,4,0.0,12.3096
US-2011-107993,2016-11-25,2016-11-30,Standard Class,SE-20110,Sanjit Engle,Consumer,Springfield,Oregon,97477,OFF-AR-10003179,Office Supplies,Art,Dixon Ticonderoga Core-Lock Colored Pencils,51.016000000000005,7,0.2,8.290099999999995
US-2011-144078,2016-11-25,2016-11-29,Standard Class,RB-19435,Richard Bierner,Consumer,Los Angeles,California,90004,TEC-PH-10001580,Technology,Phones,Logitech Mobile Speakerphone P710e - speaker phone,539.92,5,0.2,47.24299999999997
US-2011-144078,2016-11-25,2016-11-29,Standard Class,RB-19435,Richard Bierner,Consumer,Los Angeles,California,90004,FUR-CH-10002335,Furniture,Chairs,Hon GuestStacker Chair,725.344,4,0.2,54.400800000000004
US-2011-144078,2016-11-25,2016-11-29,Standard Class,RB-19435,Richard Bierner,Consumer,Los Angeles,California,90004,OFF-AR-10004707,Office Supplies,Art,Staples in misc. colors,7.4399999999999995,3,0.0,2.6039999999999996
CA-2011-168984,2016-11-26,2016-12-02,Standard Class,NW-18400,Natalie Webber,Consumer,Tigard,Oregon,97224,OFF-PA-10001166,Office Supplies,Paper,Xerox 2,15.552000000000003,3,0.2,5.4432
CA-2011-168984,2016-11-26,2016-12-02,Standard Class,NW-18400,Natalie Webber,Consumer,Tigard,Oregon,97224,OFF-ST-10001097,Office Supplies,Storage,Office Impressions Heavy Duty Welded Shelving & Multimedia Storage Drawers,669.08,5,0.2,-167.27
CA-2011-168984,2016-11-26,2016-12-02,Standard Class,NW-18400,Natalie Webber,Consumer,Tigard,Oregon,97224,TEC-PH-10000038,Technology,Phones,Jawbone MINI JAMBOX Wireless Bluetooth Speaker,438.336,4,0.2,-87.66720000000004
US-2011-147648,2016-11-26,2016-12-01,Standard Class,LS-16975,Lindsay Shagiari,Home Office,San Francisco,California,94109,OFF-PA-10001033,Office Supplies,Paper,Xerox 1893,81.98,2,0.0,40.1702
CA-2011-141110,2016-11-26,2016-12-01,Standard Class,LS-17200,Luke Schmidt,Corporate,Fresno,California,93727,OFF-BI-10002012,Office Supplies,Binders,Wilson Jones Easy Flow II Sheet Lifters,4.32,3,0.2,1.512
CA-2011-141110,2016-11-26,2016-12-01,Standard Class,LS-17200,Luke Schmidt,Corporate,Fresno,California,93727,OFF-PA-10002586,Office Supplies,Paper,Xerox 1970,14.940000000000001,3,0.0,7.021800000000001
CA-2011-141110,2016-11-26,2016-12-01,Standard Class,LS-17200,Luke Schmidt,Corporate,Fresno,California,93727,OFF-AP-10000692,Office Supplies,Appliances,Fellowes Mighty 8 Compact Surge Protector,40.54,2,0.0,11.351200000000002
CA-2011-141110,2016-11-26,2016-12-01,Standard Class,LS-17200,Luke Schmidt,Corporate,Fresno,California,93727,OFF-BI-10001553,Office Supplies,Binders,SpineVue Locking Slant-D Ring Binders by Cardinal,7.312000000000001,1,0.2,2.5591999999999997
CA-2011-105249,2016-11-28,2016-11-28,Same Day,DH-13675,Duane Huffman,Home Office,San Francisco,California,94122,OFF-SU-10001225,Office Supplies,Supplies,Staple remover,7.36,2,0.0,0.14719999999999978
CA-2011-105249,2016-11-28,2016-11-28,Same Day,DH-13675,Duane Huffman,Home Office,San Francisco,California,94122,OFF-LA-10002043,Office Supplies,Labels,Avery 489,41.4,4,0.0,19.872
CA-2011-105249,2016-11-28,2016-11-28,Same Day,DH-13675,Duane Huffman,Home Office,San Francisco,California,94122,FUR-BO-10000330,Furniture,Bookcases,"Sauder Camden County Barrister Bookcase, Planked Cherry Finish",411.332,4,0.15,-4.839199999999977
CA-2011-159800,2016-11-28,2016-12-01,First Class,SG-20470,Sheri Gordon,Consumer,San Francisco,California,94109,OFF-AP-10004859,Office Supplies,Appliances,Acco 6 Outlet Guardian Premium Surge Suppressor,43.68,3,0.0,11.793600000000001
CA-2011-159800,2016-11-28,2016-12-01,First Class,SG-20470,Sheri Gordon,Consumer,San Francisco,California,94109,TEC-AC-10003447,Technology,Accessories,Micropad Numeric Keypads,139.92999999999998,7,0.0,34.98249999999999
CA-2011-153983,2016-11-29,2016-12-06,Standard Class,AH-10210,Alan Hwang,Consumer,San Francisco,California,94122,TEC-PH-10004586,Technology,Phones,Wilson SignalBoost 841262 DB PRO Amplifier Kit,575.92,2,0.2,71.98999999999998
CA-2011-153983,2016-11-29,2016-12-06,Standard Class,AH-10210,Alan Hwang,Consumer,San Francisco,California,94122,OFF-FA-10003495,Office Supplies,Fasteners,Staples,30.4,5,0.0,15.2
CA-2011-146843,2016-11-30,2016-12-06,Standard Class,PB-19150,Philip Brown,Consumer,Avondale,Arizona,85323,OFF-SU-10001664,Office Supplies,Supplies,Acme Office Executive Series Stainless Steel Trimmers,47.992000000000004,7,0.2,3.5993999999999993
CA-2011-146843,2016-11-30,2016-12-06,Standard Class,PB-19150,Philip Brown,Consumer,Avondale,Arizona,85323,TEC-AC-10002550,Technology,Accessories,"Memorex 25GB 6X Branded Blu-Ray Recordable Disc, 30/Pack",102.24000000000001,4,0.2,-16.614000000000004
CA-2011-131051,2016-12-01,2016-12-05,Standard Class,TR-21325,Toby Ritter,Consumer,San Francisco,California,94122,FUR-FU-10001861,Furniture,Furnishings,"Floodlight Indoor Halogen Bulbs, 1 Bulb per Pack, 60 Watts",58.199999999999996,3,0.0,28.517999999999994
CA-2011-106376,2016-12-05,2016-12-10,Standard Class,BS-11590,Brendan Sweed,Corporate,Gilbert,Arizona,85234,OFF-AR-10002671,Office Supplies,Art,"Hunt BOSTON Model 1606 High-Volume Electric Pencil Sharpener, Beige",1113.0240000000001,8,0.2,111.30239999999998
CA-2011-106376,2016-12-05,2016-12-10,Standard Class,BS-11590,Brendan Sweed,Corporate,Gilbert,Arizona,85234,TEC-PH-10002726,Technology,Phones,netTALK DUO VoIP Telephone Service,167.96800000000002,4,0.2,62.988
CA-2011-133830,2016-12-05,2016-12-10,Standard Class,RL-19615,Rob Lucas,Consumer,Los Angeles,California,90045,OFF-AR-10003045,Office Supplies,Art,Prang Colored Pencils,26.46,9,0.0,11.907
CA-2011-133830,2016-12-05,2016-12-10,Standard Class,RL-19615,Rob Lucas,Consumer,Los Angeles,California,90045,OFF-PA-10001363,Office Supplies,Paper,Xerox 1933,49.12,4,0.0,23.086399999999998
CA-2011-133830,2016-12-05,2016-12-10,Standard Class,RL-19615,Rob Lucas,Consumer,Los Angeles,California,90045,OFF-FA-10002280,Office Supplies,Fasteners,Advantus Plastic Paper Clips,15.0,3,0.0,7.199999999999999
CA-2011-150203,2016-12-05,2016-12-07,First Class,JB-15925,Joni Blumstein,Consumer,Los Angeles,California,90032,OFF-AP-10001469,Office Supplies,Appliances,Fellowes 8 Outlet Superior Workstation Surge Protector,250.26,6,0.0,72.57539999999997
US-2011-112872,2016-12-06,2016-12-11,Second Class,RC-19960,Ryan Crowe,Consumer,Springfield,Oregon,97477,OFF-ST-10002205,Office Supplies,Storage,File Shuttle I and Handi-File,53.42400000000001,3,0.2,4.674600000000002
US-2011-112872,2016-12-06,2016-12-11,Second Class,RC-19960,Ryan Crowe,Consumer,Springfield,Oregon,97477,FUR-TA-10003238,Furniture,Tables,"Chromcraft Bull-Nose Wood 48"" x 96"" Rectangular Conference Tables",275.49,1,0.5,-170.80380000000002
CA-2011-106726,2016-12-06,2016-12-08,First Class,RS-19765,Roland Schwarz,Corporate,Los Angeles,California,90008,OFF-ST-10001496,Office Supplies,Storage,Standard Rollaway File with Lock,1261.33,7,0.0,327.9458
CA-2011-138737,2016-12-07,2016-12-10,First Class,FP-14320,Frank Preis,Consumer,Los Angeles,California,90049,OFF-AR-10003190,Office Supplies,Art,Newell 32,8.64,3,0.0,2.4192
CA-2011-101392,2016-12-07,2016-12-13,Standard Class,AS-10630,Ann Steele,Home Office,Seattle,Washington,98103,OFF-ST-10000532,Office Supplies,Storage,Advantus Rolling Drawer Organizers,269.35999999999996,7,0.0,70.03359999999999
CA-2011-154592,2016-12-07,2016-12-08,First Class,EH-14005,Erica Hernandez,Home Office,San Francisco,California,94109,OFF-PA-10000062,Office Supplies,Paper,Green Bar Computer Printout Paper,164.88,3,0.0,80.7912
CA-2011-129364,2016-12-08,2016-12-13,Standard Class,TB-21250,Tim Brockman,Consumer,Salem,Oregon,97301,OFF-LA-10001569,Office Supplies,Labels,Avery 499,27.888,7,0.2,9.063599999999997
CA-2011-129364,2016-12-08,2016-12-13,Standard Class,TB-21250,Tim Brockman,Consumer,Salem,Oregon,97301,OFF-BI-10001132,Office Supplies,Binders,"Acco PRESSTEX Data Binder with Storage Hooks, Dark Blue, 9 1/2"" X 11""",6.456,4,0.7,-4.519199999999998
CA-2011-129364,2016-12-08,2016-12-13,Standard Class,TB-21250,Tim Brockman,Consumer,Salem,Oregon,97301,TEC-PH-10003095,Technology,Phones,Samsung HM1900 Bluetooth Headset,52.67999999999999,3,0.2,19.755
CA-2011-129364,2016-12-08,2016-12-13,Standard Class,TB-21250,Tim Brockman,Consumer,Salem,Oregon,97301,OFF-SU-10000432,Office Supplies,Supplies,Acco Side-Punched Conventional Columnar Pads,13.88,5,0.2,-2.6025000000000014
CA-2011-129364,2016-12-08,2016-12-13,Standard Class,TB-21250,Tim Brockman,Consumer,Salem,Oregon,97301,TEC-AC-10004227,Technology,Accessories,SanDisk Ultra 16 GB MicroSDHC Class 10 Memory Card,103.92000000000002,10,0.2,-18.186000000000014
CA-2011-129364,2016-12-08,2016-12-13,Standard Class,TB-21250,Tim Brockman,Consumer,Salem,Oregon,97301,OFF-LA-10004409,Office Supplies,Labels,Avery 492,11.52,5,0.2,3.743999999999999
CA-2011-129364,2016-12-08,2016-12-13,Standard Class,TB-21250,Tim Brockman,Consumer,Salem,Oregon,97301,OFF-PA-10001569,Office Supplies,Paper,Xerox 232,10.368000000000002,2,0.2,3.6288
CA-2011-129364,2016-12-08,2016-12-13,Standard Class,TB-21250,Tim Brockman,Consumer,Salem,Oregon,97301,OFF-ST-10001031,Office Supplies,Storage,Adjustable Personal File Tote,39.072,3,0.2,2.9304000000000023
CA-2011-135608,2016-12-08,2016-12-10,Second Class,JK-15625,Jim Karlsson,Consumer,Olympia,Washington,98502,OFF-PA-10001954,Office Supplies,Paper,Xerox 1964,45.68,2,0.0,21.0128
CA-2011-135608,2016-12-08,2016-12-10,Second Class,JK-15625,Jim Karlsson,Consumer,Olympia,Washington,98502,FUR-CH-10002602,Furniture,Chairs,DMI Arturo Collection Mission-style Design Wood Chair,603.92,5,0.2,45.29400000000001
CA-2011-144071,2016-12-08,2016-12-15,Standard Class,DJ-13420,Denny Joy,Corporate,San Francisco,California,94110,FUR-FU-10000397,Furniture,Furnishings,Luxo Economy Swing Arm Lamp,39.88,2,0.0,11.166400000000003
CA-2011-144071,2016-12-08,2016-12-15,Standard Class,DJ-13420,Denny Joy,Corporate,San Francisco,California,94110,FUR-FU-10000758,Furniture,Furnishings,DAX Natural Wood-Tone Poster Frame,79.44,3,0.0,28.598399999999994
CA-2011-104976,2016-12-09,2016-12-16,Standard Class,CK-12760,Cyma Kinney,Corporate,San Francisco,California,94122,OFF-PA-10003845,Office Supplies,Paper,Xerox 1987,34.68,6,0.0,16.9932
CA-2011-101175,2016-12-09,2016-12-14,Standard Class,DM-12955,Dario Medina,Corporate,Mesa,Arizona,85204,OFF-ST-10004950,Office Supplies,Storage,Acco Perma 3000 Stacking Storage Drawers,100.70400000000001,6,0.2,-1.2588000000000008
US-2011-112991,2016-12-10,2016-12-14,Standard Class,SH-19975,Sally Hughsby,Corporate,Caldwell,Idaho,83605,FUR-CH-10001708,Furniture,Chairs,Office Star - Contemporary Swivel Chair with Padded Adjustable Arms and Flex Back,338.352,3,0.2,4.22939999999997
US-2011-112991,2016-12-10,2016-12-14,Standard Class,SH-19975,Sally Hughsby,Corporate,Caldwell,Idaho,83605,OFF-PA-10000019,Office Supplies,Paper,Xerox 1931,25.92,4,0.0,12.441600000000001
US-2011-112991,2016-12-10,2016-12-14,Standard Class,SH-19975,Sally Hughsby,Corporate,Caldwell,Idaho,83605,OFF-PA-10002222,Office Supplies,Paper,"Xerox Color Copier Paper, 11"" x 17"", Ream",91.36,4,0.0,42.0256
CA-2011-168494,2016-12-12,2016-12-14,Second Class,NP-18700,Nora Preis,Consumer,Fresno,California,93727,FUR-TA-10004619,Furniture,Tables,Hon Non-Folding Utility Tables,764.6880000000001,6,0.2,95.5859999999999
CA-2011-168494,2016-12-12,2016-12-14,Second Class,NP-18700,Nora Preis,Consumer,Fresno,California,93727,FUR-TA-10003473,Furniture,Tables,Bretford Rectangular Conference Table Tops,3610.848,12,0.2,135.4068000000002
CA-2011-168494,2016-12-12,2016-12-14,Second Class,NP-18700,Nora Preis,Consumer,Fresno,California,93727,FUR-BO-10004467,Furniture,Bookcases,Bestar Classic Bookcase,254.97449999999998,3,0.15,11.998799999999989
CA-2011-141607,2016-12-12,2016-12-17,Standard Class,WB-21850,William Brown,Consumer,Concord,California,94521,FUR-FU-10003975,Furniture,Furnishings,Eldon Advantage Chair Mats for Low to Medium Pile Carpets,43.31,1,0.0,4.330999999999996
CA-2011-113320,2016-12-12,2016-12-15,Second Class,LH-17155,Logan Haushalter,Consumer,Oakland,California,94601,FUR-FU-10004270,Furniture,Furnishings,"Eldon Image Series Desk Accessories, Burgundy",12.54,3,0.0,4.5144
CA-2011-113320,2016-12-12,2016-12-15,Second Class,LH-17155,Logan Haushalter,Consumer,Oakland,California,94601,OFF-ST-10000617,Office Supplies,Storage,Woodgrain Magazine Files by Perma,8.94,3,0.0,0.625799999999999
CA-2011-113320,2016-12-12,2016-12-15,Second Class,LH-17155,Logan Haushalter,Consumer,Oakland,California,94601,FUR-FU-10001706,Furniture,Furnishings,Longer-Life Soft White Bulbs,9.24,3,0.0,4.4352
CA-2011-113579,2016-12-13,2016-12-15,Second Class,KD-16345,Katherine Ducich,Consumer,Los Angeles,California,90049,OFF-PA-10001457,Office Supplies,Paper,White GlueTop Scratch Pads,90.24,6,0.0,41.51039999999999
CA-2011-124079,2016-12-13,2016-12-17,Standard Class,RF-19345,Randy Ferguson,Corporate,Phoenix,Arizona,85023,FUR-FU-10002553,Furniture,Furnishings,"Electrix Incandescent Magnifying Lamp, Black",87.96000000000001,3,0.2,7.696500000000004
CA-2011-124079,2016-12-13,2016-12-17,Standard Class,RF-19345,Randy Ferguson,Corporate,Phoenix,Arizona,85023,OFF-BI-10002103,Office Supplies,Binders,"Cardinal Slant-D Ring Binder, Heavy Gauge Vinyl",5.214,2,0.7,-4.171199999999999
CA-2011-116673,2016-12-15,2016-12-19,Second Class,JO-15280,Jas O'Carroll,Consumer,San Diego,California,92037,FUR-FU-10003829,Furniture,Furnishings,Stackable Trays,6.16,2,0.0,1.9711999999999996
CA-2011-136399,2016-12-16,2016-12-17,First Class,CC-12100,Chad Cunningham,Home Office,Los Angeles,California,90049,FUR-FU-10004090,Furniture,Furnishings,"Executive Impressions 14"" Contract Wall Clock",44.46,2,0.0,14.671799999999998
CA-2011-136399,2016-12-16,2016-12-17,First Class,CC-12100,Chad Cunningham,Home Office,Los Angeles,California,90049,FUR-CH-10002602,Furniture,Chairs,DMI Arturo Collection Mission-style Design Wood Chair,241.56799999999998,2,0.2,18.11760000000001
CA-2011-136399,2016-12-16,2016-12-17,First Class,CC-12100,Chad Cunningham,Home Office,Los Angeles,California,90049,TEC-AC-10001142,Technology,Accessories,First Data FD10 PIN Pad,395.0,5,0.0,39.49999999999996
CA-2011-136399,2016-12-16,2016-12-17,First Class,CC-12100,Chad Cunningham,Home Office,Los Angeles,California,90049,TEC-PH-10004977,Technology,Phones,GE 30524EE4,627.1680000000001,4,0.2,70.55639999999994
CA-2011-124247,2016-12-16,2016-12-21,Standard Class,SH-20635,Stefanie Holloman,Corporate,Sacramento,California,95823,FUR-CH-10001854,Furniture,Chairs,Office Star - Professional Matrix Back Chair with 2-to-1 Synchro Tilt and Mesh Fabric Seat,1403.9200000000003,5,0.2,70.19600000000003
CA-2011-162992,2016-12-19,2016-12-21,First Class,BP-11095,Bart Pistole,Corporate,Los Angeles,California,90008,OFF-LA-10001934,Office Supplies,Labels,Avery 516,14.62,2,0.0,6.8713999999999995
CA-2011-162992,2016-12-19,2016-12-21,First Class,BP-11095,Bart Pistole,Corporate,Los Angeles,California,90008,OFF-FA-10004248,Office Supplies,Fasteners,Advantus T-Pin Paper Clips,22.549999999999997,5,0.0,8.794500000000001
CA-2011-162992,2016-12-19,2016-12-21,First Class,BP-11095,Bart Pistole,Corporate,Los Angeles,California,90008,TEC-PH-10001944,Technology,Phones,Wi-Ex zBoost YX540 Cellular Phone Signal Booster,583.8,5,0.2,72.97499999999991
CA-2011-162992,2016-12-19,2016-12-21,First Class,BP-11095,Bart Pistole,Corporate,Los Angeles,California,90008,TEC-PH-10002085,Technology,Phones,Clarity 53712,211.168,4,0.2,15.837600000000009
US-2011-109036,2016-12-20,2016-12-25,Standard Class,KH-16510,Keith Herrera,Consumer,Seattle,Washington,98103,OFF-LA-10002043,Office Supplies,Labels,Avery 489,31.049999999999997,3,0.0,14.904
CA-2011-156594,2016-12-20,2016-12-23,Second Class,MC-17845,Michael Chen,Consumer,Los Angeles,California,90008,OFF-BI-10004632,Office Supplies,Binders,Ibico Hi-Tech Manual Binding System,487.98400000000004,2,0.2,152.49499999999998
CA-2011-156594,2016-12-20,2016-12-23,Second Class,MC-17845,Michael Chen,Consumer,Los Angeles,California,90008,OFF-AR-10001725,Office Supplies,Art,Boston Home & Office Model 2000 Electric Pencil Sharpeners,47.3,2,0.0,12.298000000000002
CA-2011-156594,2016-12-20,2016-12-23,Second Class,MC-17845,Michael Chen,Consumer,Los Angeles,California,90008,OFF-AR-10004269,Office Supplies,Art,Newell 31,4.13,1,0.0,1.1564
CA-2011-156594,2016-12-20,2016-12-23,Second Class,MC-17845,Michael Chen,Consumer,Los Angeles,California,90008,OFF-BI-10003007,Office Supplies,Binders,"Premium Transparent Presentation Covers, No Pattern/Clear, 8 1/2"" x 11""",155.12,5,0.2,50.41399999999999
CA-2011-140816,2016-12-20,2016-12-20,Same Day,TC-21295,Toby Carlisle,Consumer,Thornton,Colorado,80229,TEC-AC-10001539,Technology,Accessories,Logitech G430 Surround Sound Gaming Headset with Dolby 7.1 Technology,447.94399999999996,7,0.2,89.58879999999999
CA-2011-138681,2016-12-20,2016-12-22,First Class,CT-11995,Carol Triggs,Consumer,Tucson,Arizona,85705,FUR-FU-10001876,Furniture,Furnishings,"Computer Room Manger, 14""",51.967999999999996,2,0.2,10.393599999999998
CA-2011-138681,2016-12-20,2016-12-22,First Class,CT-11995,Carol Triggs,Consumer,Tucson,Arizona,85705,TEC-AC-10003628,Technology,Accessories,Logitech 910-002974 M325 Wireless Mouse for Web Scrolling,71.976,3,0.2,21.59280000000001
CA-2011-138681,2016-12-20,2016-12-22,First Class,CT-11995,Carol Triggs,Consumer,Tucson,Arizona,85705,FUR-CH-10004860,Furniture,Chairs,Global Low Back Tilter Chair,242.35200000000003,3,0.2,-42.411600000000035
CA-2011-138681,2016-12-20,2016-12-22,First Class,CT-11995,Carol Triggs,Consumer,Tucson,Arizona,85705,OFF-PA-10000357,Office Supplies,Paper,Xerox 1888,221.92000000000002,5,0.2,77.67199999999998
CA-2011-138681,2016-12-20,2016-12-22,First Class,CT-11995,Carol Triggs,Consumer,Tucson,Arizona,85705,OFF-PA-10003270,Office Supplies,Paper,Xerox 1954,8.448,2,0.2,2.6399999999999997
CA-2011-154893,2016-12-21,2016-12-27,Standard Class,GM-14440,Gary McGarr,Consumer,San Diego,California,92024,FUR-CH-10004287,Furniture,Chairs,SAFCO Arco Folding Chair,1325.76,6,0.2,149.1479999999999
CA-2011-154893,2016-12-21,2016-12-27,Standard Class,GM-14440,Gary McGarr,Consumer,San Diego,California,92024,FUR-CH-10000595,Furniture,Chairs,Safco Contoured Stacking Chairs,572.1600000000001,3,0.2,35.75999999999996
CA-2011-133543,2016-12-22,2016-12-26,Standard Class,KM-16660,Khloe Miller,Consumer,San Jose,California,95123,OFF-AR-10003394,Office Supplies,Art,Newell 332,11.76,4,0.0,3.1752000000000002
US-2011-167738,2016-12-24,2016-12-29,Standard Class,JC-16105,Julie Creighton,Corporate,Los Angeles,California,90045,OFF-ST-10003306,Office Supplies,Storage,Letter Size Cart,142.86,1,0.0,41.42939999999999
US-2011-167738,2016-12-24,2016-12-29,Standard Class,JC-16105,Julie Creighton,Corporate,Los Angeles,California,90045,FUR-CH-10001146,Furniture,Chairs,"Global Value Mid-Back Manager's Chair, Gray",292.27200000000005,6,0.2,18.266999999999967
US-2011-138247,2016-12-24,2016-12-29,Standard Class,BF-11170,Ben Ferrer,Home Office,Los Angeles,California,90045,TEC-PH-10000213,Technology,Phones,Seidio BD2-HK3IPH5-BK DILEX Case and Holster Combo for Apple iPhone 5/5s - Black,173.65600000000003,7,0.2,17.365599999999993
US-2011-138247,2016-12-24,2016-12-29,Standard Class,BF-11170,Ben Ferrer,Home Office,Los Angeles,California,90045,OFF-AP-10000828,Office Supplies,Appliances,Avanti 4.4 Cu. Ft. Refrigerator,361.96,2,0.0,101.34879999999998
US-2011-138247,2016-12-24,2016-12-29,Standard Class,BF-11170,Ben Ferrer,Home Office,Los Angeles,California,90045,TEC-AC-10004708,Technology,Accessories,Sony 32GB Class 10 Micro SDHC R40 Memory Card,62.849999999999994,3,0.0,13.1985
US-2011-138247,2016-12-24,2016-12-29,Standard Class,BF-11170,Ben Ferrer,Home Office,Los Angeles,California,90045,TEC-PH-10001530,Technology,Phones,Cisco Unified IP Phone 7945G VoIP phone,818.3760000000001,3,0.2,51.148499999999984
US-2011-138247,2016-12-24,2016-12-29,Standard Class,BF-11170,Ben Ferrer,Home Office,Los Angeles,California,90045,OFF-ST-10002301,Office Supplies,Storage,Tennsco Commercial Shelving,20.34,1,0.0,0.20339999999999847
US-2011-138247,2016-12-24,2016-12-29,Standard Class,BF-11170,Ben Ferrer,Home Office,Los Angeles,California,90045,FUR-FU-10002554,Furniture,Furnishings,"Westinghouse Floor Lamp with Metal Mesh Shade, Black",23.99,1,0.0,5.517699999999998
CA-2011-132913,2016-12-24,2016-12-26,First Class,AS-10090,Adam Shillingsburg,Consumer,San Diego,California,92037,OFF-AP-10003278,Office Supplies,Appliances,Belkin 7-Outlet SurgeMaster Home Series,13.97,1,0.0,3.632200000000001
CA-2011-111451,2016-12-26,2016-12-28,First Class,KL-16555,Kelly Lampkin,Corporate,Colorado Springs,Colorado,80906,FUR-FU-10004091,Furniture,Furnishings,"Howard Miller 13"" Diameter Goldtone Round Wall Clock",300.416,8,0.2,78.8592
CA-2011-111451,2016-12-26,2016-12-28,First Class,KL-16555,Kelly Lampkin,Corporate,Colorado Springs,Colorado,80906,FUR-CH-10001891,Furniture,Chairs,Global Deluxe Office Fabric Chairs,230.35200000000003,3,0.2,20.155800000000013
CA-2011-111451,2016-12-26,2016-12-28,First Class,KL-16555,Kelly Lampkin,Corporate,Colorado Springs,Colorado,80906,FUR-FU-10002918,Furniture,Furnishings,Eldon ClusterMat Chair Mat with Cordless Antistatic Protection,218.35200000000003,3,0.2,-24.5646
CA-2011-111451,2016-12-26,2016-12-28,First Class,KL-16555,Kelly Lampkin,Corporate,Colorado Springs,Colorado,80906,OFF-BI-10004593,Office Supplies,Binders,Ibico Laser Imprintable Binding System Covers,78.60000000000001,5,0.7,-62.88000000000001
CA-2011-111451,2016-12-26,2016-12-28,First Class,KL-16555,Kelly Lampkin,Corporate,Colorado Springs,Colorado,80906,OFF-FA-10004854,Office Supplies,Fasteners,"Vinyl Coated Wire Paper Clips in Organizer Box, 800/Box",27.552000000000003,3,0.2,9.298799999999996
CA-2011-106264,2016-12-26,2016-12-30,Standard Class,CK-12595,Clytie Kelty,Consumer,San Diego,California,92024,OFF-SU-10002189,Office Supplies,Supplies,Acme Rosewood Handle Letter Opener,11.91,3,0.0,0.11909999999999954
CA-2011-106264,2016-12-26,2016-12-30,Standard Class,CK-12595,Clytie Kelty,Consumer,San Diego,California,92024,FUR-FU-10001852,Furniture,Furnishings,"Eldon Regeneration Recycled Desk Accessories, Smoke",3.48,2,0.0,1.1136
CA-2011-120243,2016-12-27,2016-12-30,Second Class,AT-10435,Alyssa Tate,Home Office,Los Angeles,California,90004,OFF-LA-10004425,Office Supplies,Labels,Staple-on labels,11.56,4,0.0,5.4332
US-2011-106334,2016-12-27,2017-01-02,Standard Class,JF-15490,Jeremy Farry,Consumer,San Francisco,California,94122,FUR-CH-10004886,Furniture,Chairs,Bevis Steel Folding Chairs,230.28000000000003,3,0.2,23.02799999999999
US-2011-106334,2016-12-27,2017-01-02,Standard Class,JF-15490,Jeremy Farry,Consumer,San Francisco,California,94122,OFF-PA-10003657,Office Supplies,Paper,Xerox 1927,12.84,3,0.0,5.777999999999999
CA-2011-166961,2016-12-27,2016-12-31,Standard Class,CD-12790,Cynthia Delaney,Home Office,Moreno Valley,California,92553,OFF-AP-10001366,Office Supplies,Appliances,Staple holder,10.98,1,0.0,2.964600000000001
CA-2011-166961,2016-12-27,2016-12-31,Standard Class,CD-12790,Cynthia Delaney,Home Office,Moreno Valley,California,92553,OFF-FA-10003485,Office Supplies,Fasteners,Staples,7.86,3,0.0,3.6156
CA-2011-166961,2016-12-27,2016-12-31,Standard Class,CD-12790,Cynthia Delaney,Home Office,Moreno Valley,California,92553,OFF-ST-10004507,Office Supplies,Storage,Advantus Rolling Storage Box,51.449999999999996,3,0.0,13.891499999999999
CA-2011-166961,2016-12-27,2016-12-31,Standard Class,CD-12790,Cynthia Delaney,Home Office,Moreno Valley,California,92553,OFF-BI-10002353,Office Supplies,Binders,GBC VeloBind Cover Sets,37.056,3,0.2,13.896
CA-2011-148383,2016-12-27,2016-12-31,Standard Class,RP-19390,Resi Pölking,Consumer,Phoenix,Arizona,85023,OFF-BI-10003650,Office Supplies,Binders,GBC DocuBind 300 Electric Binding Machine,946.7640000000002,6,0.7,-694.2936
CA-2011-143371,2016-12-28,2017-01-03,Standard Class,MD-17350,Maribeth Dona,Consumer,Anaheim,California,92804,OFF-ST-10001128,Office Supplies,Storage,"Carina Mini System Audio Rack, Model AR050B",998.82,9,0.0,29.96460000000006
CA-2011-143371,2016-12-28,2017-01-03,Standard Class,MD-17350,Maribeth Dona,Consumer,Anaheim,California,92804,OFF-SU-10002537,Office Supplies,Supplies,Acme Box Cutter Scissors,51.150000000000006,5,0.0,13.299000000000003
CA-2011-110786,2016-12-29,2017-01-02,Standard Class,AJ-10795,Anthony Johnson,Corporate,San Francisco,California,94110,FUR-FU-10000550,Furniture,Furnishings,Stacking Trays by OIC,24.900000000000002,5,0.0,8.216999999999999
CA-2011-110786,2016-12-29,2017-01-02,Standard Class,AJ-10795,Anthony Johnson,Corporate,San Francisco,California,94110,OFF-PA-10000528,Office Supplies,Paper,Xerox 1981,21.12,4,0.0,9.504
CA-2011-110786,2016-12-29,2017-01-02,Standard Class,AJ-10795,Anthony Johnson,Corporate,San Francisco,California,94110,TEC-MA-10003183,Technology,Machines,DYMO CardScan Personal V9 Business Card Scanner,767.9520000000001,6,0.2,287.98199999999997
CA-2011-110786,2016-12-29,2017-01-02,Standard Class,AJ-10795,Anthony Johnson,Corporate,San Francisco,California,94110,OFF-BI-10003305,Office Supplies,Binders,Avery Hanging File Binders,14.352000000000002,3,0.2,4.664399999999999
CA-2011-110786,2016-12-29,2017-01-02,Standard Class,AJ-10795,Anthony Johnson,Corporate,San Francisco,California,94110,TEC-PH-10001425,Technology,Phones,Mophie Juice Pack Helium for iPhone,191.976,3,0.2,19.197599999999994
CA-2011-110786,2016-12-29,2017-01-02,Standard Class,AJ-10795,Anthony Johnson,Corporate,San Francisco,California,94110,OFF-LA-10001474,Office Supplies,Labels,Avery 477,274.77,9,0.0,126.39420000000001
CA-2011-110786,2016-12-29,2017-01-02,Standard Class,AJ-10795,Anthony Johnson,Corporate,San Francisco,California,94110,FUR-FU-10000672,Furniture,Furnishings,"Executive Impressions 10"" Spectator Wall Clock",70.56,6,0.0,23.990399999999994
CA-2011-152345,2016-12-29,2017-01-03,Second Class,ST-20530,Shui Tom,Consumer,Albuquerque,New Mexico,87105,TEC-PH-10004897,Technology,Phones,Mediabridge Sport Armband iPhone 5s,23.976000000000003,3,0.2,-5.694300000000001
CA-2011-152345,2016-12-29,2017-01-03,Second Class,ST-20530,Shui Tom,Consumer,Albuquerque,New Mexico,87105,OFF-ST-10003123,Office Supplies,Storage,Fellowes Bases and Tops For Staxonsteel/High-Stak Systems,33.29,1,0.0,7.989599999999999
CA-2011-102330,2016-12-29,2017-01-03,Standard Class,AI-10855,Arianne Irving,Consumer,Brentwood,California,94513,OFF-LA-10003923,Office Supplies,Labels,Alphabetical Labels for Top Tab Filing,88.80000000000001,6,0.0,44.400000000000006
CA-2011-102330,2016-12-29,2017-01-03,Standard Class,AI-10855,Arianne Irving,Consumer,Brentwood,California,94513,TEC-PH-10001051,Technology,Phones,HTC One,319.968,4,0.2,35.99639999999995
US-2011-169789,2016-12-30,2017-01-04,Standard Class,MF-17665,Maureen Fritzler,Corporate,Phoenix,Arizona,85023,OFF-BI-10004600,Office Supplies,Binders,Ibico Ibimaster 300 Manual Binding System,551.9850000000001,5,0.7,-459.9875000000002
US-2011-133949,2016-12-31,2016-12-31,Same Day,JL-15175,James Lanier,Home Office,Reno,Nevada,89502,TEC-PH-10004908,Technology,Phones,Panasonic KX TS3282W Corded phone,475.944,7,0.2,59.49299999999995
CA-2012-154970,2017-01-05,2017-01-10,Standard Class,SR-20740,Steven Roelle,Home Office,Seattle,Washington,98103,FUR-CH-10003396,Furniture,Chairs,Global Deluxe Steno Chair,61.584,1,0.2,-6.928200000000004
CA-2012-158701,2017-01-05,2017-01-10,Standard Class,JL-15175,James Lanier,Home Office,San Francisco,California,94110,OFF-AP-10004859,Office Supplies,Appliances,Acco 6 Outlet Guardian Premium Surge Suppressor,87.36,6,0.0,23.587200000000003
CA-2012-158701,2017-01-05,2017-01-10,Standard Class,JL-15175,James Lanier,Home Office,San Francisco,California,94110,OFF-BI-10001294,Office Supplies,Binders,Fellowes Binding Cases,56.16,6,0.2,17.549999999999994
CA-2012-149636,2017-01-06,2017-01-12,Standard Class,SP-20620,Stefania Perrino,Corporate,Colorado Springs,Colorado,80906,OFF-PA-10004041,Office Supplies,Paper,"It's Hot Message Books with Stickers, 2 3/4"" x 5""",29.600000000000005,5,0.2,9.249999999999996
CA-2012-149636,2017-01-06,2017-01-12,Standard Class,SP-20620,Stefania Perrino,Corporate,Colorado Springs,Colorado,80906,OFF-BI-10002764,Office Supplies,Binders,Recycled Pressboard Report Cover with Reinforced Top Hinge,1.9380000000000002,2,0.7,-1.3565999999999994
CA-2012-137526,2017-01-13,2017-01-17,Standard Class,PB-19150,Philip Brown,Consumer,Los Angeles,California,90004,OFF-BI-10003364,Office Supplies,Binders,Binding Machine Supplies,70.00800000000001,3,0.2,24.5028
CA-2012-137526,2017-01-13,2017-01-17,Standard Class,PB-19150,Philip Brown,Consumer,Los Angeles,California,90004,FUR-FU-10001861,Furniture,Furnishings,"Floodlight Indoor Halogen Bulbs, 1 Bulb per Pack, 60 Watts",77.6,4,0.0,38.023999999999994
CA-2012-137526,2017-01-13,2017-01-17,Standard Class,PB-19150,Philip Brown,Consumer,Los Angeles,California,90004,FUR-FU-10004845,Furniture,Furnishings,"Deflect-o EconoMat Nonstudded, No Bevel Mat",464.84999999999997,9,0.0,92.96999999999998
CA-2012-119214,2017-01-23,2017-01-27,Standard Class,CW-11905,Carl Weiss,Home Office,Bozeman,Montana,59715,OFF-PA-10002893,Office Supplies,Paper,"Wirebound Service Call Books, 5 1/2"" x 4""",29.04,3,0.0,13.9392
CA-2012-119214,2017-01-23,2017-01-27,Standard Class,CW-11905,Carl Weiss,Home Office,Bozeman,Montana,59715,OFF-LA-10003077,Office Supplies,Labels,Avery 500,14.62,2,0.0,6.8713999999999995
CA-2012-109603,2017-01-26,2017-02-01,Standard Class,EM-13825,Elizabeth Moffitt,Corporate,Moreno Valley,California,92553,OFF-PA-10003790,Office Supplies,Paper,Xerox 1991,182.72,8,0.0,84.0512
CA-2012-164777,2017-01-27,2017-01-29,First Class,SC-20305,Sean Christensen,Consumer,Los Angeles,California,90036,FUR-CH-10002024,Furniture,Chairs,HON 5400 Series Task Chairs for Big and Tall,2803.92,5,0.2,0.0
CA-2012-121797,2017-01-30,2017-02-06,Standard Class,CC-12145,Charles Crestani,Consumer,Los Angeles,California,90049,FUR-FU-10001876,Furniture,Furnishings,"Computer Room Manger, 14""",227.35999999999999,7,0.0,81.84959999999998
CA-2012-121797,2017-01-30,2017-02-06,Standard Class,CC-12145,Charles Crestani,Consumer,Los Angeles,California,90049,TEC-MA-10000488,Technology,Machines,Bady BDG101FRU Card Printer,1919.976,3,0.2,215.99729999999977
CA-2012-157959,2017-02-03,2017-02-04,First Class,RW-19540,Rick Wilson,Corporate,Los Angeles,California,90008,FUR-FU-10004093,Furniture,Furnishings,Hand-Finished Solid Wood Document Frame,136.92,4,0.0,41.07599999999999
CA-2012-132633,2017-02-03,2017-02-05,Second Class,KH-16630,Ken Heidel,Corporate,Pleasant Grove,Utah,84062,OFF-BI-10002432,Office Supplies,Binders,Wilson Jones Standard D-Ring Binders,12.144,3,0.2,4.098599999999999
CA-2012-111507,2017-02-06,2017-02-13,Standard Class,VW-21775,Victoria Wilson,Corporate,Bellevue,Washington,98006,OFF-AR-10001315,Office Supplies,Art,Newell 310,5.28,3,0.0,1.5312
CA-2012-146038,2017-02-09,2017-02-16,Standard Class,SJ-20215,Sarah Jordon,Consumer,Los Angeles,California,90049,FUR-CH-10002774,Furniture,Chairs,"Global Deluxe Stacking Chair, Gray",203.92,5,0.2,22.940999999999995
CA-2012-116092,2017-02-15,2017-02-18,Second Class,JM-16195,Justin MacKendrick,Consumer,Los Angeles,California,90004,OFF-PA-10004285,Office Supplies,Paper,Xerox 1959,13.36,2,0.0,6.4128
CA-2012-116092,2017-02-15,2017-02-18,Second Class,JM-16195,Justin MacKendrick,Consumer,Los Angeles,California,90004,OFF-BI-10001628,Office Supplies,Binders,"Acco Data Flex Cable Posts For Top & Bottom Load Binders, 6"" Capacity",41.72,5,0.2,13.037499999999998
CA-2012-116092,2017-02-15,2017-02-18,Second Class,JM-16195,Justin MacKendrick,Consumer,Los Angeles,California,90004,OFF-BI-10000546,Office Supplies,Binders,Avery Durable Binders,11.52,5,0.2,4.176
CA-2012-116092,2017-02-15,2017-02-18,Second Class,JM-16195,Justin MacKendrick,Consumer,Los Angeles,California,90004,OFF-AP-10001391,Office Supplies,Appliances,Kensington 6 Outlet MasterPiece HOMEOFFICE Power Control Center,541.4399999999999,6,0.0,157.01759999999993
CA-2012-116092,2017-02-15,2017-02-18,Second Class,JM-16195,Justin MacKendrick,Consumer,Los Angeles,California,90004,OFF-PA-10000477,Office Supplies,Paper,Xerox 22,19.44,3,0.0,9.3312
CA-2012-121776,2017-02-16,2017-02-21,Standard Class,RD-19585,Rob Dowd,Consumer,Los Angeles,California,90008,OFF-PA-10001970,Office Supplies,Paper,Xerox 1881,36.839999999999996,3,0.0,17.314799999999998
CA-2012-121776,2017-02-16,2017-02-21,Standard Class,RD-19585,Rob Dowd,Consumer,Los Angeles,California,90008,OFF-LA-10002762,Office Supplies,Labels,Avery 485,87.71,7,0.0,41.223699999999994
CA-2012-111234,2017-02-18,2017-02-22,Standard Class,AB-10600,Ann Blume,Corporate,Los Angeles,California,90004,OFF-LA-10002271,Office Supplies,Labels,Smead Alpha-Z Color-Coded Second Alphabetical Labels and Starter Set,9.24,3,0.0,4.4352
CA-2012-105725,2017-02-18,2017-02-24,Standard Class,GT-14755,Guy Thornton,Consumer,Long Beach,California,90805,OFF-LA-10003510,Office Supplies,Labels,"Avery 4027 File Folder Labels for Dot Matrix Printers, 5000 Labels per Box, White",61.06,2,0.0,28.087600000000002
CA-2012-105725,2017-02-18,2017-02-24,Standard Class,GT-14755,Guy Thornton,Consumer,Long Beach,California,90805,FUR-TA-10001676,Furniture,Tables,Hon 61000 Series Interactive Training Tables,35.544000000000004,1,0.2,-0.888600000000002
CA-2012-129770,2017-02-21,2017-02-23,Second Class,JE-15715,Joe Elijah,Consumer,Las Cruces,New Mexico,88001,OFF-PA-10000249,Office Supplies,Paper,Easy-staple paper,49.12,4,0.0,23.086399999999998
CA-2012-138485,2017-02-27,2017-03-01,Second Class,NP-18670,Nora Paige,Consumer,Seattle,Washington,98105,TEC-AC-10002076,Technology,Accessories,Microsoft Natural Keyboard Elite,538.9200000000001,9,0.0,80.838
CA-2012-102316,2017-03-01,2017-03-03,Second Class,DH-13075,Dave Hallsten,Corporate,Los Angeles,California,90045,TEC-PH-10000376,Technology,Phones,Square Credit Card Reader,15.984000000000002,2,0.2,1.1988000000000003
CA-2012-102316,2017-03-01,2017-03-03,Second Class,DH-13075,Dave Hallsten,Corporate,Los Angeles,California,90045,FUR-CH-10003396,Furniture,Chairs,Global Deluxe Steno Chair,184.752,3,0.2,-20.78460000000001
CA-2012-110457,2017-03-02,2017-03-06,Standard Class,DK-13090,Dave Kipp,Consumer,Seattle,Washington,98103,FUR-TA-10001768,Furniture,Tables,Hon Racetrack Conference Tables,787.53,3,0.0,165.38129999999995
CA-2012-142944,2017-03-06,2017-03-11,Standard Class,JL-15850,John Lucas,Consumer,San Francisco,California,94122,FUR-FU-10000308,Furniture,Furnishings,Deflect-o Glass Clear Studded Chair Mats,435.26,7,0.0,95.75720000000001
CA-2012-142944,2017-03-06,2017-03-11,Standard Class,JL-15850,John Lucas,Consumer,San Francisco,California,94122,TEC-CO-10003763,Technology,Copiers,Canon PC1060 Personal Laser Copier,1119.9840000000002,2,0.2,377.99459999999993
CA-2012-107741,2017-03-08,2017-03-10,First Class,FC-14335,Fred Chung,Corporate,Pueblo,Colorado,81001,OFF-AR-10002399,Office Supplies,Art,"Dixon Prang Watercolor Pencils, 10-Color Set with Brush",3.408,1,0.2,0.8946
CA-2012-114237,2017-03-13,2017-03-15,First Class,MC-17275,Marc Crier,Consumer,Seattle,Washington,98103,FUR-BO-10004409,Furniture,Bookcases,"Safco Value Mate Series Steel Bookcases, Baked Enamel Finish on Steel, Gray",141.96,2,0.0,39.7488
US-2012-139675,2017-03-13,2017-03-18,Second Class,NF-18595,Nicole Fjeld,Home Office,Chico,California,95928,FUR-CH-10004063,Furniture,Chairs,Global Deluxe High-Back Manager's Chair,915.1360000000001,4,0.2,102.95279999999988
US-2012-139675,2017-03-13,2017-03-18,Second Class,NF-18595,Nicole Fjeld,Home Office,Chico,California,95928,FUR-FU-10001979,Furniture,Furnishings,Dana Halogen Swing-Arm Architect Lamp,327.76,8,0.0,91.77280000000002
CA-2012-167479,2017-03-14,2017-03-19,Standard Class,AI-10855,Arianne Irving,Consumer,Roseville,California,95661,OFF-PA-10002105,Office Supplies,Paper,Xerox 223,19.44,3,0.0,9.3312
CA-2012-155124,2017-03-15,2017-03-21,Standard Class,KS-16300,Karen Seio,Corporate,Lehi,Utah,84043,TEC-PH-10003356,Technology,Phones,"SmartStand Mobile Device Holder, Assorted Colors",16.776000000000003,3,0.2,1.6776
CA-2012-112116,2017-03-16,2017-03-18,Second Class,JE-15475,Jeremy Ellison,Consumer,Seattle,Washington,98103,FUR-TA-10001039,Furniture,Tables,KI Adjustable-Height Table,171.96,2,0.0,44.70960000000001
CA-2012-144722,2017-03-16,2017-03-23,Standard Class,MF-18250,Monica Federle,Corporate,Los Angeles,California,90036,FUR-FU-10001215,Furniture,Furnishings,"Howard Miller 11-1/2"" Diameter Brentwood Wall Clock",43.13,1,0.0,18.114600000000003
CA-2012-132101,2017-03-19,2017-03-25,Standard Class,JO-15550,Jesus Ocampo,Home Office,Seattle,Washington,98105,TEC-PH-10004539,Technology,Phones,Wireless Extenders zBoost YX545 SOHO Signal Booster,453.576,3,0.2,39.687899999999985
CA-2012-111829,2017-03-19,2017-03-20,First Class,FH-14365,Fred Hopkins,Corporate,Seattle,Washington,98115,OFF-ST-10000142,Office Supplies,Storage,Deluxe Rollaway Locking File with Drawer,1247.6399999999999,3,0.0,349.33919999999995
CA-2012-111829,2017-03-19,2017-03-20,First Class,FH-14365,Fred Hopkins,Corporate,Seattle,Washington,98115,TEC-CO-10001766,Technology,Copiers,Canon PC940 Copier,3149.9300000000003,7,0.0,1480.4670999999998
CA-2012-111829,2017-03-19,2017-03-20,First Class,FH-14365,Fred Hopkins,Corporate,Seattle,Washington,98115,OFF-PA-10004359,Office Supplies,Paper,Multicolor Computer Printout Paper,209.7,2,0.0,100.65599999999999
CA-2012-113110,2017-03-19,2017-03-23,Standard Class,BK-11260,Berenike Kampe,Consumer,San Bernardino,California,92404,OFF-BI-10000088,Office Supplies,Binders,GBC Imprintable Covers,17.568,2,0.2,6.3684
CA-2012-113110,2017-03-19,2017-03-23,Standard Class,BK-11260,Berenike Kampe,Consumer,San Bernardino,California,92404,OFF-LA-10000240,Office Supplies,Labels,Self-Adhesive Address Labels for Typewriters by Universal,14.62,2,0.0,6.8713999999999995
CA-2012-113110,2017-03-19,2017-03-23,Standard Class,BK-11260,Berenike Kampe,Consumer,San Bernardino,California,92404,OFF-SU-10001165,Office Supplies,Supplies,Acme Elite Stainless Steel Scissors,33.36,4,0.0,8.6736
CA-2012-113110,2017-03-19,2017-03-23,Standard Class,BK-11260,Berenike Kampe,Consumer,San Bernardino,California,92404,OFF-PA-10002749,Office Supplies,Paper,"Wirebound Message Books, 5-1/2 x 4 Forms, 2 or 4 Forms per Page",40.14,6,0.0,19.6686
CA-2012-163104,2017-03-19,2017-03-26,Standard Class,MC-18130,Mike Caudle,Corporate,Los Angeles,California,90004,OFF-PA-10001947,Office Supplies,Paper,Xerox 1974,11.96,2,0.0,5.8604
CA-2012-149993,2017-03-19,2017-03-20,First Class,GA-14725,Guy Armstrong,Consumer,Lancaster,California,93534,OFF-FA-10001561,Office Supplies,Fasteners,Stockwell Push Pins,10.9,5,0.0,3.5970000000000004
CA-2012-165813,2017-03-20,2017-03-22,Second Class,BM-11785,Bryan Mills,Consumer,Salem,Oregon,97301,OFF-ST-10004258,Office Supplies,Storage,Portable Personal File Box,29.304000000000002,3,0.2,2.5641000000000034
CA-2012-163440,2017-03-22,2017-03-24,First Class,RD-19900,Ruben Dartt,Consumer,Thousand Oaks,California,91360,TEC-PH-10000376,Technology,Phones,Square Credit Card Reader,15.984000000000002,2,0.2,1.1988000000000003
US-2012-163279,2017-03-22,2017-03-26,Standard Class,JD-16150,Justin Deggeller,Corporate,San Diego,California,92037,OFF-PA-10003127,Office Supplies,Paper,Easy-staple paper,105.52,4,0.0,48.539199999999994
US-2012-163279,2017-03-22,2017-03-26,Standard Class,JD-16150,Justin Deggeller,Corporate,San Diego,California,92037,FUR-FU-10000747,Furniture,Furnishings,Tenex B1-RE Series Chair Mats for Low Pile Carpets,91.96,2,0.0,15.633199999999988
US-2012-163279,2017-03-22,2017-03-26,Standard Class,JD-16150,Justin Deggeller,Corporate,San Diego,California,92037,TEC-PH-10001795,Technology,Phones,ClearOne CHATAttach 160 - speaker phone,1487.976,3,0.2,185.99699999999984
CA-2012-138219,2017-03-23,2017-03-30,Standard Class,BP-11095,Bart Pistole,Corporate,Los Angeles,California,90049,OFF-PA-10000380,Office Supplies,Paper,"REDIFORM Incoming/Outgoing Call Register, 11"" X 8 1/2"", 100 Messages",33.36,4,0.0,16.68
US-2012-107944,2017-03-23,2017-03-25,First Class,AM-10360,Alice McCarthy,Corporate,Los Angeles,California,90008,OFF-PA-10000659,Office Supplies,Paper,"TOPS Carbonless Receipt Book, Four 2-3/4 x 7-1/4 Money Receipts per Page",192.72,11,0.0,92.50559999999999
US-2012-107944,2017-03-23,2017-03-25,First Class,AM-10360,Alice McCarthy,Corporate,Los Angeles,California,90008,TEC-AC-10000736,Technology,Accessories,Logitech G600 MMO Gaming Mouse,239.96999999999997,3,0.0,86.38919999999999
CA-2012-145457,2017-03-24,2017-03-27,Second Class,CP-12085,Cathy Prescott,Corporate,Covington,Washington,98042,FUR-FU-10003832,Furniture,Furnishings,"Eldon Expressions Punched Metal & Wood Desk Accessories, Black & Cherry",46.900000000000006,5,0.0,13.132000000000001
CA-2012-164301,2017-03-26,2017-03-30,Standard Class,EB-13840,Ellis Ballard,Corporate,Seattle,Washington,98103,FUR-TA-10001889,Furniture,Tables,Bush Advantage Collection Racetrack Conference Table,3393.68,8,0.0,610.8624
CA-2012-132948,2017-03-27,2017-04-03,Standard Class,MV-17485,Mark Van Huff,Consumer,Seattle,Washington,98115,OFF-ST-10000636,Office Supplies,Storage,Rogers Profile Extra Capacity Storage Tub,83.69999999999999,5,0.0,3.3479999999999954
CA-2012-131534,2017-03-28,2017-04-02,Standard Class,AB-10165,Alan Barnes,Consumer,Los Angeles,California,90036,TEC-AC-10002253,Technology,Accessories,Imation Bio 8GB USB Flash Drive Imation Corp,166.24,1,0.0,24.936000000000007
CA-2012-131534,2017-03-28,2017-04-02,Standard Class,AB-10165,Alan Barnes,Consumer,Los Angeles,California,90036,OFF-PA-10000743,Office Supplies,Paper,Xerox 1977,33.4,5,0.0,16.032
CA-2012-121272,2017-03-29,2017-04-04,Standard Class,DO-13435,Denny Ordway,Consumer,Seattle,Washington,98103,OFF-AP-10001947,Office Supplies,Appliances,Acco 6 Outlet Guardian Premium Plus Surge Suppressor,73.28,4,0.0,21.251199999999997
US-2012-103996,2017-03-29,2017-03-31,Second Class,RB-19435,Richard Bierner,Consumer,San Diego,California,92105,OFF-PA-10001736,Office Supplies,Paper,Xerox 1880,212.64,6,0.0,99.94079999999998
US-2012-103996,2017-03-29,2017-03-31,Second Class,RB-19435,Richard Bierner,Consumer,San Diego,California,92105,OFF-PA-10001609,Office Supplies,Paper,Tops Wirebound Message Log Books,9.870000000000001,3,0.0,4.5402
US-2012-103996,2017-03-29,2017-03-31,Second Class,RB-19435,Richard Bierner,Consumer,San Diego,California,92105,TEC-AC-10003116,Technology,Accessories,Memorex Froggy Flash Drive 8 GB,53.25,3,0.0,20.7675
US-2012-103996,2017-03-29,2017-03-31,Second Class,RB-19435,Richard Bierner,Consumer,San Diego,California,92105,FUR-FU-10004586,Furniture,Furnishings,G.E. Longer-Life Indoor Recessed Floodlight Bulbs,19.919999999999998,3,0.0,9.561599999999999
US-2012-159513,2017-04-02,2017-04-09,Standard Class,JD-15790,John Dryer,Consumer,Los Angeles,California,90049,TEC-MA-10003329,Technology,Machines,"Vtech AT&T CL2940 Corded Speakerphone, Black",71.976,3,0.2,24.2919
US-2012-142811,2017-04-02,2017-04-07,Standard Class,JL-15850,John Lucas,Consumer,Mesa,Arizona,85204,TEC-PH-10003095,Technology,Phones,Samsung HM1900 Bluetooth Headset,87.8,5,0.2,32.925
CA-2012-161452,2017-04-05,2017-04-11,Standard Class,CA-11965,Carol Adams,Corporate,Los Angeles,California,90036,FUR-CH-10003973,Furniture,Chairs,GuestStacker Chair with Chrome Finish Legs,892.224,3,0.2,89.22240000000002
CA-2012-102855,2017-04-05,2017-04-06,Same Day,JF-15415,Jennifer Ferguson,Consumer,Spokane,Washington,99207,TEC-AC-10001767,Technology,Accessories,SanDisk Ultra 64 GB MicroSDHC Class 10 Memory Card,239.94,6,0.0,26.393399999999986
CA-2012-102855,2017-04-05,2017-04-06,Same Day,JF-15415,Jennifer Ferguson,Consumer,Spokane,Washington,99207,OFF-AR-10002467,Office Supplies,Art,Dixon Ticonderoga Pencils,23.84,8,0.0,6.436800000000002
CA-2012-142027,2017-04-09,2017-04-14,Standard Class,JK-15370,Jay Kimmel,Consumer,Long Beach,California,90805,FUR-TA-10002774,Furniture,Tables,Laminate Occasional Tables,369.91200000000003,3,0.2,-13.871700000000047
CA-2012-168767,2017-04-10,2017-04-15,Standard Class,DM-12955,Dario Medina,Corporate,Sacramento,California,95823,OFF-BI-10000773,Office Supplies,Binders,Insertable Tab Post Binder Dividers,12.832,2,0.2,4.330799999999998
US-2012-136987,2017-04-11,2017-04-14,Second Class,AR-10540,Andy Reiter,Consumer,Los Angeles,California,90004,TEC-CO-10001943,Technology,Copiers,Canon PC-428 Personal Copier,639.9680000000001,4,0.2,215.98919999999998
US-2012-136987,2017-04-11,2017-04-14,Second Class,AR-10540,Andy Reiter,Consumer,Los Angeles,California,90004,OFF-PA-10003127,Office Supplies,Paper,Easy-staple paper,52.76,2,0.0,24.269599999999997
CA-2012-145415,2017-04-12,2017-04-17,Second Class,RD-19660,Robert Dilbeck,Home Office,Seattle,Washington,98103,OFF-ST-10000419,Office Supplies,Storage,"Rogers Jumbo File, Granite",40.74,3,0.0,0.4073999999999991
CA-2012-133452,2017-04-13,2017-04-19,Standard Class,ZC-21910,Zuschuss Carroll,Consumer,Pomona,California,91767,TEC-AC-10002800,Technology,Accessories,Plantronics Audio 478 Stereo USB Headset,199.96,4,0.0,69.98599999999999
CA-2012-133452,2017-04-13,2017-04-19,Standard Class,ZC-21910,Zuschuss Carroll,Consumer,Pomona,California,91767,FUR-TA-10003954,Furniture,Tables,Hon 94000 Series Round Tables,710.8320000000001,3,0.2,-97.73939999999999
CA-2012-149678,2017-04-13,2017-04-15,Second Class,AW-10840,Anthony Witt,Consumer,Farmington,New Mexico,87401,OFF-SU-10004498,Office Supplies,Supplies,Martin-Yale Premier Letter Opener,12.88,1,0.0,0.3864000000000001
CA-2012-100216,2017-04-13,2017-04-14,First Class,HJ-14875,Heather Jas,Home Office,Mesa,Arizona,85204,OFF-PA-10000788,Office Supplies,Paper,Xerox 210,31.104000000000006,6,0.2,10.8864
CA-2012-100216,2017-04-13,2017-04-14,First Class,HJ-14875,Heather Jas,Home Office,Mesa,Arizona,85204,OFF-PA-10002968,Office Supplies,Paper,Xerox 1973,54.816,3,0.2,17.815199999999997
US-2012-120502,2017-04-13,2017-04-19,Standard Class,BT-11395,Bill Tyler,Corporate,Los Angeles,California,90036,FUR-FU-10004973,Furniture,Furnishings,Flat Face Poster Frame,37.68,2,0.0,15.825600000000001
US-2012-120502,2017-04-13,2017-04-19,Standard Class,BT-11395,Bill Tyler,Corporate,Los Angeles,California,90036,TEC-PH-10003645,Technology,Phones,Aastra 57i VoIP phone,258.576,2,0.2,19.393200000000007
US-2012-120502,2017-04-13,2017-04-19,Standard Class,BT-11395,Bill Tyler,Corporate,Los Angeles,California,90036,OFF-AP-10004980,Office Supplies,Appliances,3M Replacement Filter for Office Air Cleaner for 20' x 33' Room,75.84,2,0.0,29.577600000000004
CA-2012-106257,2017-04-13,2017-04-17,Second Class,EB-14110,Eugene Barchas,Consumer,Los Angeles,California,90045,FUR-TA-10002530,Furniture,Tables,"Iceberg OfficeWorks 42"" Round Tables",241.56799999999998,2,0.2,-15.098000000000013
CA-2012-106257,2017-04-13,2017-04-17,Second Class,EB-14110,Eugene Barchas,Consumer,Los Angeles,California,90045,TEC-PH-10001494,Technology,Phones,Polycom CX600 IP Phone VoIP phone,479.92,2,0.2,41.99300000000001
CA-2012-133837,2017-04-13,2017-04-18,Standard Class,TH-21100,Thea Hendricks,Consumer,Glendale,Arizona,85301,OFF-ST-10000344,Office Supplies,Storage,"Neat Ideas Personal Hanging Folder Files, Black",10.744,1,0.2,0.8057999999999996
CA-2012-116841,2017-04-14,2017-04-18,Standard Class,TP-21130,Theone Pippenger,Consumer,Springfield,Oregon,97477,OFF-AP-10002403,Office Supplies,Appliances,Acco Smartsocket Color-Coded Six-Outlet AC Adapter Model Surge Protectors,35.208,1,0.2,2.640599999999999
CA-2012-155306,2017-04-17,2017-04-21,Standard Class,GA-14515,George Ashbrook,Consumer,San Francisco,California,94122,OFF-AR-10003251,Office Supplies,Art,Prang Drawing Pencil Set,5.56,2,0.0,2.2239999999999998
CA-2012-155306,2017-04-17,2017-04-21,Standard Class,GA-14515,George Ashbrook,Consumer,San Francisco,California,94122,TEC-AC-10003174,Technology,Accessories,Plantronics S12 Corded Telephone Headset System,323.37,3,0.0,129.348
CA-2012-155306,2017-04-17,2017-04-21,Standard Class,GA-14515,George Ashbrook,Consumer,San Francisco,California,94122,TEC-PH-10002310,Technology,Phones,Plantronics Calisto P620-M USB Wireless Speakerphone System,783.9600000000002,5,0.2,68.59650000000002
CA-2012-155306,2017-04-17,2017-04-21,Standard Class,GA-14515,George Ashbrook,Consumer,San Francisco,California,94122,OFF-AP-10002651,Office Supplies,Appliances,Hoover Upright Vacuum With Dirt Cup,1447.6499999999999,5,0.0,419.8184999999998
CA-2012-155306,2017-04-17,2017-04-21,Standard Class,GA-14515,George Ashbrook,Consumer,San Francisco,California,94122,OFF-PA-10001184,Office Supplies,Paper,Xerox 1903,11.96,2,0.0,5.8604
CA-2012-142601,2017-04-18,2017-04-20,Second Class,DE-13255,Deanra Eno,Home Office,Los Angeles,California,90004,OFF-ST-10002756,Office Supplies,Storage,"Tennsco Stur-D-Stor Boltless Shelving, 5 Shelves, 24"" Deep, Sand",947.1700000000001,7,0.0,9.471700000000084
CA-2012-142601,2017-04-18,2017-04-20,Second Class,DE-13255,Deanra Eno,Home Office,Los Angeles,California,90004,OFF-PA-10000483,Office Supplies,Paper,Xerox 19,61.96,2,0.0,27.881999999999998
US-2012-113593,2017-04-18,2017-04-20,First Class,NC-18415,Nathan Cano,Consumer,Santa Maria,California,93454,OFF-ST-10000532,Office Supplies,Storage,Advantus Rolling Drawer Organizers,115.44,3,0.0,30.0144
CA-2012-151253,2017-04-22,2017-04-26,Standard Class,AZ-10750,Annie Zypern,Consumer,Los Angeles,California,90008,TEC-PH-10002923,Technology,Phones,"Logitech B530 USB Headset - headset - Full size, Binaural",88.77600000000001,3,0.2,7.767900000000001
CA-2012-151253,2017-04-22,2017-04-26,Standard Class,AZ-10750,Annie Zypern,Consumer,Los Angeles,California,90008,OFF-AR-10004691,Office Supplies,Art,Boston 1730 StandUp Electric Pencil Sharpener,64.14,3,0.0,16.6764
CA-2012-143602,2017-04-25,2017-04-28,Second Class,JS-15595,Jill Stevenson,Corporate,Los Angeles,California,90045,OFF-BI-10002071,Office Supplies,Binders,Fellowes Black Plastic Comb Bindings,13.943999999999999,3,0.2,4.5318
CA-2012-115420,2017-04-25,2017-05-02,Standard Class,LS-16945,Linda Southworth,Corporate,Los Angeles,California,90004,OFF-EN-10003862,Office Supplies,Envelopes,Laser & Ink Jet Business Envelopes,21.34,2,0.0,9.8164
CA-2012-137302,2017-04-26,2017-05-01,Standard Class,BW-11110,Bart Watters,Corporate,San Diego,California,92105,FUR-CH-10002017,Furniture,Chairs,SAFCO Optional Arm Kit for Workspace Cribbage Stacking Chair,63.93600000000001,3,0.2,6.393599999999996
CA-2012-137302,2017-04-26,2017-05-01,Standard Class,BW-11110,Bart Watters,Corporate,San Diego,California,92105,OFF-AR-10000588,Office Supplies,Art,Newell 345,59.519999999999996,3,0.0,15.475200000000001
CA-2012-137302,2017-04-26,2017-05-01,Standard Class,BW-11110,Bart Watters,Corporate,San Diego,California,92105,TEC-PH-10003174,Technology,Phones,RCA ViSYS 25825 Wireless digital phone,311.97600000000006,3,0.2,38.996999999999986
CA-2012-137302,2017-04-26,2017-05-01,Standard Class,BW-11110,Bart Watters,Corporate,San Diego,California,92105,OFF-BI-10001524,Office Supplies,Binders,GBC Premium Transparent Covers with Diagonal Lined Pattern,50.352000000000004,3,0.2,17.623199999999997
CA-2012-151841,2017-04-27,2017-05-02,Standard Class,TC-21475,Tony Chapman,Home Office,Aurora,Colorado,80013,OFF-AP-10003971,Office Supplies,Appliances,Belkin 6 Outlet Metallic Surge Strip,43.56000000000001,5,0.2,3.2669999999999995
CA-2012-151841,2017-04-27,2017-05-02,Standard Class,TC-21475,Tony Chapman,Home Office,Aurora,Colorado,80013,OFF-SU-10001574,Office Supplies,Supplies,Acme Value Line Scissors,5.84,2,0.2,0.7299999999999995
CA-2012-103716,2017-04-30,2017-05-06,Standard Class,KB-16585,Ken Black,Corporate,San Francisco,California,94110,OFF-AR-10000658,Office Supplies,Art,Newell 324,34.650000000000006,3,0.0,9.702
CA-2012-103716,2017-04-30,2017-05-06,Standard Class,KB-16585,Ken Black,Corporate,San Francisco,California,94110,TEC-PH-10000347,Technology,Phones,Cush Cases Heavy Duty Rugged Cover Case for Samsung Galaxy S5 - Purple,19.8,5,0.2,1.7325
CA-2012-145821,2017-05-01,2017-05-07,Standard Class,JB-15400,Jennifer Braxton,Corporate,Los Angeles,California,90008,TEC-PH-10004348,Technology,Phones,OtterBox Defender Series Case - iPhone 5c,88.752,3,0.2,11.093999999999998
CA-2012-104486,2017-05-01,2017-05-06,Standard Class,PO-18850,Patrick O'Brill,Consumer,San Francisco,California,94109,OFF-BI-10000309,Office Supplies,Binders,"GBC Twin Loop Wire Binding Elements, 9/16"" Spine, Black",12.176000000000002,1,0.2,4.413799999999999
CA-2012-104486,2017-05-01,2017-05-06,Standard Class,PO-18850,Patrick O'Brill,Consumer,San Francisco,California,94109,OFF-ST-10000876,Office Supplies,Storage,Eldon Simplefile Box Office,37.32,3,0.0,10.4496
CA-2012-104486,2017-05-01,2017-05-06,Standard Class,PO-18850,Patrick O'Brill,Consumer,San Francisco,California,94109,OFF-SU-10002573,Office Supplies,Supplies,"Acme 10"" Easy Grip Assistive Scissors",35.06,2,0.0,10.517999999999997
CA-2012-107937,2017-05-03,2017-05-08,Standard Class,JB-16045,Julia Barnett,Home Office,Chula Vista,California,91911,FUR-FU-10002298,Furniture,Furnishings,"Rubbermaid ClusterMat Chairmats, Mat Size- 66"" x 60"", Lip 20"" x 11"" -90 Degree Angle",665.88,6,0.0,106.54079999999999
CA-2012-150770,2017-05-03,2017-05-06,First Class,LC-16870,Lena Cacioppo,Consumer,San Francisco,California,94109,OFF-AR-10001246,Office Supplies,Art,Newell 317,8.82,3,0.0,2.5577999999999994
CA-2012-150770,2017-05-03,2017-05-06,First Class,LC-16870,Lena Cacioppo,Consumer,San Francisco,California,94109,OFF-BI-10002026,Office Supplies,Binders,Ibico Recycled Linen-Style Covers,62.49600000000001,2,0.2,21.873599999999996
CA-2012-150770,2017-05-03,2017-05-06,First Class,LC-16870,Lena Cacioppo,Consumer,San Francisco,California,94109,TEC-AC-10000844,Technology,Accessories,Logitech Gaming G510s - Keyboard,339.96,4,0.0,122.38559999999998
CA-2012-150770,2017-05-03,2017-05-06,First Class,LC-16870,Lena Cacioppo,Consumer,San Francisco,California,94109,OFF-BI-10001575,Office Supplies,Binders,GBC Linen Binding Covers,49.568000000000005,2,0.2,17.348799999999997
CA-2012-160864,2017-05-03,2017-05-06,First Class,NF-18595,Nicole Fjeld,Home Office,San Jose,California,95123,OFF-BI-10004654,Office Supplies,Binders,Avery Binding System Hidden Tab Executive Style Index Sets,13.847999999999999,3,0.2,5.193
CA-2012-109939,2017-05-08,2017-05-12,Standard Class,AA-10375,Allen Armold,Consumer,Salem,Oregon,97301,OFF-AR-10000127,Office Supplies,Art,Newell 321,5.248,2,0.2,0.5903999999999991
CA-2012-144043,2017-05-10,2017-05-15,Standard Class,AB-10165,Alan Barnes,Consumer,Louisville,Colorado,80027,TEC-AC-10002718,Technology,Accessories,Belkin Standard 104 key USB Keyboard,46.688,4,0.2,-2.918000000000003
CA-2012-135727,2017-05-11,2017-05-16,Second Class,PS-18970,Paul Stevenson,Home Office,Phoenix,Arizona,85023,FUR-CH-10004540,Furniture,Chairs,Global Chrome Stack Chair,191.96800000000002,7,0.2,16.797200000000004
CA-2012-159380,2017-05-12,2017-05-16,Standard Class,CS-12505,Cindy Stewart,Consumer,San Francisco,California,94122,OFF-PA-10003893,Office Supplies,Paper,Xerox 1962,12.84,3,0.0,5.777999999999999
CA-2012-159380,2017-05-12,2017-05-16,Standard Class,CS-12505,Cindy Stewart,Consumer,San Francisco,California,94122,OFF-PA-10004239,Office Supplies,Paper,Xerox 1953,25.68,6,0.0,11.555999999999997
US-2012-122910,2017-05-12,2017-05-16,Standard Class,LT-16765,Larry Tron,Consumer,Louisville,Colorado,80027,TEC-PH-10000441,Technology,Phones,VTech DS6151,201.584,2,0.2,20.158400000000015
CA-2012-162607,2017-05-12,2017-05-18,Standard Class,RO-19780,Rose O'Brian,Consumer,Seattle,Washington,98115,OFF-BI-10002949,Office Supplies,Binders,Prestige Round Ring Binders,14.592000000000002,3,0.2,4.9247999999999985
CA-2012-165162,2017-05-14,2017-05-21,Standard Class,HG-15025,Hunter Glantz,Consumer,Los Angeles,California,90032,OFF-ST-10003470,Office Supplies,Storage,"Tennsco Snap-Together Open Shelving Units, Starter Sets and Add-On Units",1117.92,4,0.0,55.89599999999996
CA-2012-100146,2017-05-14,2017-05-19,Standard Class,CB-12535,Claudia Bergmann,Corporate,Camarillo,California,93010,FUR-BO-10004015,Furniture,Bookcases,"Bush Andora Bookcase, Maple/Graphite Gray Finish",509.9574999999999,5,0.15,41.99649999999994
CA-2012-100146,2017-05-14,2017-05-19,Standard Class,CB-12535,Claudia Bergmann,Corporate,Camarillo,California,93010,FUR-FU-10001979,Furniture,Furnishings,Dana Halogen Swing-Arm Architect Lamp,122.91,3,0.0,34.41480000000001
CA-2012-100146,2017-05-14,2017-05-19,Standard Class,CB-12535,Claudia Bergmann,Corporate,Camarillo,California,93010,FUR-CH-10003833,Furniture,Chairs,Novimex Fabric Task Chair,97.568,2,0.2,-6.0980000000000025
CA-2012-100146,2017-05-14,2017-05-19,Standard Class,CB-12535,Claudia Bergmann,Corporate,Camarillo,California,93010,FUR-CH-10004495,Furniture,Chairs,"Global Leather and Oak Executive Chair, Black",722.3520000000001,3,0.2,81.26459999999992
CA-2012-165554,2017-05-18,2017-05-22,Standard Class,AJ-10780,Anthony Jacobs,Corporate,Los Angeles,California,90004,OFF-PA-10003724,Office Supplies,Paper,"Wirebound Message Book, 4 per Page",10.86,2,0.0,5.3214
CA-2012-169278,2017-05-21,2017-05-25,Standard Class,ME-18010,Michelle Ellison,Corporate,Seattle,Washington,98105,OFF-BI-10001636,Office Supplies,Binders,Ibico Plastic and Wire Spiral Binding Combs,26.976,4,0.2,8.767199999999999
CA-2012-149846,2017-05-22,2017-05-26,Standard Class,SB-20185,Sarah Brown,Consumer,Los Angeles,California,90045,OFF-LA-10004484,Office Supplies,Labels,Avery 476,8.26,2,0.0,3.7996
CA-2012-149846,2017-05-22,2017-05-26,Standard Class,SB-20185,Sarah Brown,Consumer,Los Angeles,California,90045,TEC-MA-10004002,Technology,Machines,Zebra GX420t Direct Thermal/Thermal Transfer Printer,2973.32,7,0.2,334.4984999999996
CA-2012-149846,2017-05-22,2017-05-26,Standard Class,SB-20185,Sarah Brown,Consumer,Los Angeles,California,90045,OFF-ST-10002406,Office Supplies,Storage,Pizazz Global Quick File,104.79,7,0.0,29.341200000000008
CA-2012-149846,2017-05-22,2017-05-26,Standard Class,SB-20185,Sarah Brown,Consumer,Los Angeles,California,90045,TEC-PH-10003645,Technology,Phones,Aastra 57i VoIP phone,775.7280000000001,6,0.2,58.17960000000002
US-2012-110569,2017-05-23,2017-05-30,Standard Class,EB-13870,Emily Burns,Consumer,Phoenix,Arizona,85023,OFF-BI-10001036,Office Supplies,Binders,Cardinal EasyOpen D-Ring Binders,19.194000000000003,7,0.7,-12.796
US-2012-110569,2017-05-23,2017-05-30,Standard Class,EB-13870,Emily Burns,Consumer,Phoenix,Arizona,85023,OFF-AP-10004708,Office Supplies,Appliances,Fellowes Superior 10 Outlet Split Surge Protector,121.79200000000002,4,0.2,13.701599999999988
CA-2012-138898,2017-05-25,2017-05-29,Standard Class,JH-16180,Justin Hirsh,Consumer,Pueblo,Colorado,81001,OFF-AP-10004487,Office Supplies,Appliances,Kensington 4 Outlet MasterPiece Compact Power Control Center,845.728,13,0.2,84.57279999999994
CA-2012-141768,2017-05-25,2017-05-27,Second Class,NP-18685,Nora Pelletier,Home Office,San Francisco,California,94109,FUR-FU-10002268,Furniture,Furnishings,Ultra Door Push Plate,14.73,3,0.0,4.860899999999999
CA-2012-148964,2017-05-26,2017-05-31,Standard Class,RD-19900,Ruben Dartt,Consumer,Bellevue,Washington,98006,FUR-FU-10003849,Furniture,Furnishings,"DAX Metal Frame, Desktop, Stepped-Edge",20.24,1,0.0,7.893599999999999
CA-2012-118948,2017-05-28,2017-06-03,Standard Class,NK-18490,Neil Knudson,Home Office,Seattle,Washington,98105,OFF-AR-10001547,Office Supplies,Art,Newell 311,6.63,3,0.0,1.7901
CA-2012-120880,2017-05-29,2017-06-03,Standard Class,JL-15850,John Lucas,Consumer,Seattle,Washington,98105,OFF-PA-10004101,Office Supplies,Paper,Xerox 1894,32.400000000000006,5,0.0,15.552000000000001
CA-2012-120880,2017-05-29,2017-06-03,Standard Class,JL-15850,John Lucas,Consumer,Seattle,Washington,98105,OFF-ST-10001496,Office Supplies,Storage,Standard Rollaway File with Lock,540.5699999999999,3,0.0,140.5482
CA-2012-120880,2017-05-29,2017-06-03,Standard Class,JL-15850,John Lucas,Consumer,Seattle,Washington,98105,OFF-BI-10002931,Office Supplies,Binders,"Avery Trapezoid Extra Heavy Duty 4"" Binders",167.76,5,0.2,62.91
CA-2012-124919,2017-05-31,2017-06-02,First Class,SP-20650,Stephanie Phelps,Corporate,San Jose,California,95123,OFF-PA-10001950,Office Supplies,Paper,Southworth 25% Cotton Antique Laid Paper & Envelopes,58.379999999999995,7,0.0,26.270999999999994
CA-2012-124919,2017-05-31,2017-06-02,First Class,SP-20650,Stephanie Phelps,Corporate,San Jose,California,95123,OFF-PA-10002254,Office Supplies,Paper,Xerox 1883,105.52,4,0.0,48.539199999999994
CA-2012-124919,2017-05-31,2017-06-02,First Class,SP-20650,Stephanie Phelps,Corporate,San Jose,California,95123,OFF-ST-10001590,Office Supplies,Storage,"Tenex Personal Project File with Scoop Front Design, Black",80.88,6,0.0,21.028799999999997
CA-2012-147788,2017-05-31,2017-06-04,Standard Class,TM-21010,Tamara Manning,Consumer,Orem,Utah,84057,FUR-BO-10004357,Furniture,Bookcases,O'Sullivan Living Dimensions 3-Shelf Bookcases,1406.86,7,0.0,140.6859999999999
CA-2012-147788,2017-05-31,2017-06-04,Standard Class,TM-21010,Tamara Manning,Consumer,Orem,Utah,84057,OFF-LA-10003766,Office Supplies,Labels,Self-Adhesive Removable Labels,15.75,5,0.0,7.5600000000000005
CA-2012-147788,2017-05-31,2017-06-04,Standard Class,TM-21010,Tamara Manning,Consumer,Orem,Utah,84057,OFF-ST-10000046,Office Supplies,Storage,Fellowes Super Stor/Drawer Files,323.1,2,0.0,61.38900000000001
CA-2012-161242,2017-06-01,2017-06-08,Standard Class,CG-12040,Catherine Glotzbach,Home Office,Los Angeles,California,90045,OFF-PA-10001838,Office Supplies,Paper,"Adams Telephone Message Book W/Dividers/Space For Phone Numbers, 5 1/4""X8 1/2"", 300/Messages",11.76,2,0.0,5.7623999999999995
CA-2012-164833,2017-06-04,2017-06-04,Same Day,LL-16840,Lauren Leatherbury,Consumer,Seattle,Washington,98105,OFF-LA-10000443,Office Supplies,Labels,Avery 501,7.38,2,0.0,3.4686
CA-2012-164833,2017-06-04,2017-06-04,Same Day,LL-16840,Lauren Leatherbury,Consumer,Seattle,Washington,98105,OFF-AR-10004685,Office Supplies,Art,"Binney & Smith Crayola Metallic Colored Pencils, 8-Color Set",9.26,2,0.0,3.0557999999999996
CA-2012-158491,2017-06-04,2017-06-09,Second Class,BP-11155,Becky Pak,Consumer,Los Angeles,California,90008,TEC-AC-10001874,Technology,Accessories,Logitech Wireless Anywhere Mouse MX for PC and Mac,119.98,2,0.0,35.994
CA-2012-158491,2017-06-04,2017-06-09,Second Class,BP-11155,Becky Pak,Consumer,Los Angeles,California,90008,TEC-AC-10003870,Technology,Accessories,Logitech Z-906 Speaker sys - home theater - 5.1-CH,989.97,3,0.0,395.98800000000006
CA-2012-142041,2017-06-07,2017-06-09,Second Class,EM-13810,Eleni McCrary,Corporate,Los Angeles,California,90036,OFF-BI-10004187,Office Supplies,Binders,3-ring staple pack,7.52,5,0.2,2.6319999999999997
CA-2012-141012,2017-06-09,2017-06-11,Second Class,TG-21640,Trudy Glocke,Consumer,Pocatello,Idaho,83201,FUR-FU-10003192,Furniture,Furnishings,Luxo Adjustable Task Clamp Lamp,355.36,4,0.0,92.39359999999999
CA-2012-141012,2017-06-09,2017-06-11,Second Class,TG-21640,Trudy Glocke,Consumer,Pocatello,Idaho,83201,TEC-PH-10004522,Technology,Phones,Dexim XPower Skin Super-Thin Power Case for iPhone 5 - Black,140.376,3,0.2,8.773500000000006
CA-2012-127418,2017-06-13,2017-06-14,First Class,JJ-15445,Jennifer Jackson,Consumer,Los Angeles,California,90004,OFF-BI-10003707,Office Supplies,Binders,Aluminum Screw Posts,36.624,3,0.2,13.734
CA-2012-129896,2017-06-15,2017-06-20,Standard Class,PF-19120,Peter Fuller,Consumer,Gilbert,Arizona,85234,OFF-PA-10002245,Office Supplies,Paper,Xerox 1895,9.568000000000001,2,0.2,2.9899999999999993
CA-2012-129896,2017-06-15,2017-06-20,Standard Class,PF-19120,Peter Fuller,Consumer,Gilbert,Arizona,85234,OFF-ST-10004804,Office Supplies,Storage,"Belkin 19"" Vented Equipment Shelf, Black",82.368,2,0.2,-19.562399999999997
CA-2012-129896,2017-06-15,2017-06-20,Standard Class,PF-19120,Peter Fuller,Consumer,Gilbert,Arizona,85234,FUR-FU-10004904,Furniture,Furnishings,"Eldon ""L"" Workstation Diamond Chairmat",364.70400000000006,6,0.2,-36.47040000000004
CA-2012-129896,2017-06-15,2017-06-20,Standard Class,PF-19120,Peter Fuller,Consumer,Gilbert,Arizona,85234,FUR-FU-10002396,Furniture,Furnishings,"DAX Copper Panel Document Frame, 5 x 7 Size",40.256,4,0.2,11.070400000000003
CA-2012-164567,2017-06-15,2017-06-19,Standard Class,GK-14620,Grace Kelly,Corporate,Los Angeles,California,90004,TEC-PH-10002103,Technology,Phones,Jabra SPEAK 410,225.57599999999996,3,0.2,22.557600000000008
CA-2012-122287,2017-06-18,2017-06-23,Standard Class,SN-20560,Skye Norling,Home Office,Peoria,Arizona,85345,OFF-PA-10001661,Office Supplies,Paper,Xerox 1922,11.952000000000002,3,0.2,4.3326
CA-2012-122287,2017-06-18,2017-06-23,Standard Class,SN-20560,Skye Norling,Home Office,Peoria,Arizona,85345,OFF-BI-10004656,Office Supplies,Binders,Peel & Stick Add-On Corner Pockets,4.536000000000001,7,0.7,-3.3263999999999996
CA-2012-122287,2017-06-18,2017-06-23,Standard Class,SN-20560,Skye Norling,Home Office,Peoria,Arizona,85345,OFF-BI-10003707,Office Supplies,Binders,Aluminum Screw Posts,9.156,2,0.7,-6.103999999999997
CA-2012-122287,2017-06-18,2017-06-23,Standard Class,SN-20560,Skye Norling,Home Office,Peoria,Arizona,85345,FUR-FU-10004973,Furniture,Furnishings,Flat Face Poster Frame,75.36,5,0.2,20.724000000000007
CA-2012-154200,2017-06-18,2017-06-22,Standard Class,BG-11740,Bruce Geld,Consumer,San Diego,California,92105,OFF-AR-10001044,Office Supplies,Art,"BOSTON Ranger #55 Pencil Sharpener, Black",51.98,2,0.0,15.074199999999998
CA-2012-121965,2017-06-19,2017-06-23,Standard Class,LH-17155,Logan Haushalter,Consumer,Los Angeles,California,90032,FUR-FU-10000732,Furniture,Furnishings,Eldon 200 Class Desk Accessories,12.56,2,0.0,4.0192
CA-2012-121965,2017-06-19,2017-06-23,Standard Class,LH-17155,Logan Haushalter,Consumer,Los Angeles,California,90032,OFF-PA-10004355,Office Supplies,Paper,Xerox 231,6.48,1,0.0,3.1104000000000003
CA-2012-121965,2017-06-19,2017-06-23,Standard Class,LH-17155,Logan Haushalter,Consumer,Los Angeles,California,90032,OFF-EN-10000056,Office Supplies,Envelopes,Cameo Buff Policy Envelopes,186.69,3,0.0,87.74429999999998
CA-2012-140144,2017-06-20,2017-06-25,Second Class,SC-20770,Stewart Carmichael,Corporate,San Francisco,California,94122,FUR-FU-10002253,Furniture,Furnishings,"Howard Miller 13"" Diameter Pewter Finish Round Wall Clock",257.64,6,0.0,100.4796
CA-2012-140144,2017-06-20,2017-06-25,Second Class,SC-20770,Stewart Carmichael,Corporate,San Francisco,California,94122,TEC-PH-10002726,Technology,Phones,netTALK DUO VoIP Telephone Service,125.97600000000001,3,0.2,47.241
US-2012-136427,2017-06-20,2017-06-23,First Class,JM-16195,Justin MacKendrick,Consumer,Aurora,Colorado,80013,TEC-PH-10002070,Technology,Phones,Griffin GC36547 PowerJolt SE Lightning Charger,125.944,7,0.2,15.742999999999984
CA-2012-128167,2017-06-22,2017-06-26,Second Class,KL-16645,Ken Lonsdale,Consumer,Layton,Utah,84041,OFF-FA-10000490,Office Supplies,Fasteners,"OIC Binder Clips, Mini, 1/4"" Capacity, Black",4.96,4,0.0,2.3312
CA-2012-122826,2017-06-23,2017-06-25,Second Class,RD-19480,Rick Duston,Consumer,Olympia,Washington,98502,TEC-PH-10004830,Technology,Phones,Pyle PRT45 Retro Home Telephone,201.568,4,0.2,22.676399999999994
CA-2012-139164,2017-06-23,2017-06-28,Standard Class,CS-12355,Christine Sundaresam,Consumer,Long Beach,California,90805,TEC-PH-10002468,Technology,Phones,"Plantronics CS 50-USB - headset - Convertible, Monaural",217.58400000000003,2,0.2,19.03860000000001
CA-2012-139164,2017-06-23,2017-06-28,Standard Class,CS-12355,Christine Sundaresam,Consumer,Long Beach,California,90805,OFF-FA-10003059,Office Supplies,Fasteners,Assorted Color Push Pins,5.43,3,0.0,1.7918999999999998
CA-2012-139164,2017-06-23,2017-06-28,Standard Class,CS-12355,Christine Sundaresam,Consumer,Long Beach,California,90805,TEC-PH-10003931,Technology,Phones,JBL Micro Wireless Portable Bluetooth Speaker,143.976,3,0.2,8.998500000000007
CA-2012-137750,2017-06-25,2017-06-30,Standard Class,JF-15565,Jill Fjeld,Consumer,San Francisco,California,94110,FUR-FU-10001979,Furniture,Furnishings,Dana Halogen Swing-Arm Architect Lamp,204.85,5,0.0,57.35800000000001
CA-2012-115945,2017-06-25,2017-07-01,Standard Class,AB-10165,Alan Barnes,Consumer,Los Angeles,California,90045,OFF-AR-10004062,Office Supplies,Art,Staples in misc. colors,20.96,2,0.0,5.24
CA-2012-115945,2017-06-25,2017-07-01,Standard Class,AB-10165,Alan Barnes,Consumer,Los Angeles,California,90045,OFF-BI-10004330,Office Supplies,Binders,"GBC Velobind Prepunched Cover Sets, Regency Series",88.752,3,0.2,27.734999999999996
CA-2012-115945,2017-06-25,2017-07-01,Standard Class,AB-10165,Alan Barnes,Consumer,Los Angeles,California,90045,OFF-ST-10001963,Office Supplies,Storage,Tennsco Regal Shelving Units,304.23,3,0.0,9.126899999999992
CA-2012-112144,2017-06-28,2017-07-02,Standard Class,CY-12745,Craig Yedwab,Corporate,Gilbert,Arizona,85234,OFF-LA-10000443,Office Supplies,Labels,Avery 501,5.904,2,0.2,1.9926
CA-2012-112144,2017-06-28,2017-07-02,Standard Class,CY-12745,Craig Yedwab,Corporate,Gilbert,Arizona,85234,FUR-FU-10004306,Furniture,Furnishings,Electrix Halogen Magnifier Lamp,621.7600000000001,4,0.2,46.63199999999998
CA-2012-152513,2017-07-04,2017-07-08,Second Class,JP-16135,Julie Prescott,Home Office,San Diego,California,92024,OFF-BI-10002706,Office Supplies,Binders,Avery Premier Heavy-Duty Binder with Round Locking Rings,22.848,2,0.2,7.425599999999999
CA-2012-161627,2017-07-06,2017-07-11,Standard Class,SJ-20215,Sarah Jordon,Consumer,Pasadena,California,91104,FUR-CH-10003968,Furniture,Chairs,Novimex Turbo Task Chair,170.35200000000003,3,0.2,-17.035200000000003
CA-2012-149384,2017-07-10,2017-07-10,Same Day,EH-13945,Eric Hoffmann,Consumer,Tempe,Arizona,85281,OFF-BI-10003196,Office Supplies,Binders,Accohide Poly Flexible Ring Binders,3.366000000000001,3,0.7,-2.243999999999999
CA-2012-107020,2017-07-10,2017-07-14,Standard Class,MV-18190,Mike Vittorini,Consumer,San Bernardino,California,92404,OFF-BI-10003719,Office Supplies,Binders,Large Capacity Hanging Post Binders,39.92,2,0.2,12.973999999999997
CA-2012-142419,2017-07-11,2017-07-13,Second Class,SC-20380,Shahid Collister,Consumer,Seattle,Washington,98115,OFF-PA-10001763,Office Supplies,Paper,Xerox 1896,29.97,3,0.0,13.4865
CA-2012-142419,2017-07-11,2017-07-13,Second Class,SC-20380,Shahid Collister,Consumer,Seattle,Washington,98115,OFF-BI-10001597,Office Supplies,Binders,"Wilson Jones Ledger-Size, Piano-Hinge Binder, 2"", Blue",98.352,3,0.2,34.42319999999999
CA-2012-143364,2017-07-14,2017-07-19,Second Class,TG-21310,Toby Gnade,Consumer,Mesa,Arizona,85204,OFF-ST-10002743,Office Supplies,Storage,SAFCO Boltless Steel Shelving,272.736,3,0.2,-64.77480000000001
CA-2012-143364,2017-07-14,2017-07-19,Second Class,TG-21310,Toby Gnade,Consumer,Mesa,Arizona,85204,OFF-PA-10001846,Office Supplies,Paper,Xerox 1899,18.496000000000002,4,0.2,6.7048000000000005
CA-2012-143364,2017-07-14,2017-07-19,Second Class,TG-21310,Toby Gnade,Consumer,Mesa,Arizona,85204,FUR-CH-10004287,Furniture,Chairs,SAFCO Arco Folding Chair,441.92,2,0.2,49.715999999999966
CA-2012-143364,2017-07-14,2017-07-19,Second Class,TG-21310,Toby Gnade,Consumer,Mesa,Arizona,85204,FUR-BO-10001608,Furniture,Bookcases,"Hon Metal Bookcases, Black",127.76400000000002,6,0.7,-191.64599999999996
CA-2012-113404,2017-07-16,2017-07-16,Same Day,EM-13810,Eleni McCrary,Corporate,San Francisco,California,94122,FUR-CH-10003312,Furniture,Chairs,Hon 2090 “Pillow Soft” Series Mid Back Swivel/Tilt Chairs,1348.7040000000002,6,0.2,-219.16440000000023
CA-2012-113404,2017-07-16,2017-07-16,Same Day,EM-13810,Eleni McCrary,Corporate,San Francisco,California,94122,FUR-CH-10004086,Furniture,Chairs,Hon 4070 Series Pagoda Armless Upholstered Stacking Chairs,700.152,3,0.2,78.76709999999997
CA-2012-138534,2017-07-17,2017-07-19,Second Class,JM-15535,Jessica Myrick,Consumer,Bakersfield,California,93309,FUR-BO-10003159,Furniture,Bookcases,"Sauder Camden County Collection Libraries, Planked Cherry Finish",195.466,2,0.15,-13.797600000000017
CA-2012-111206,2017-07-18,2017-07-22,Standard Class,RF-19735,Roland Fjeld,Consumer,San Diego,California,92105,TEC-AC-10003095,Technology,Accessories,Logitech G35 7.1-Channel Surround Sound Headset,519.96,4,0.0,176.78640000000001
US-2012-160150,2017-07-19,2017-07-20,First Class,TS-21085,Thais Sissman,Consumer,Phoenix,Arizona,85023,OFF-BI-10004352,Office Supplies,Binders,Wilson Jones DublLock D-Ring Binders,2.0250000000000004,1,0.7,-1.3499999999999996
CA-2012-148635,2017-07-25,2017-07-27,Second Class,MH-18025,Michelle Huthwaite,Consumer,Seattle,Washington,98115,OFF-FA-10004395,Office Supplies,Fasteners,Plymouth Boxed Rubber Bands by Plymouth,9.42,2,0.0,0.4710000000000001
CA-2012-148635,2017-07-25,2017-07-27,Second Class,MH-18025,Michelle Huthwaite,Consumer,Seattle,Washington,98115,OFF-PA-10004782,Office Supplies,Paper,Xerox 228,12.96,2,0.0,6.2208000000000006
CA-2012-148635,2017-07-25,2017-07-27,Second Class,MH-18025,Michelle Huthwaite,Consumer,Seattle,Washington,98115,FUR-BO-10002213,Furniture,Bookcases,"Sauder Forest Hills Library, Woodland Oak Finish",704.9,5,0.0,56.392000000000024
CA-2012-148635,2017-07-25,2017-07-27,Second Class,MH-18025,Michelle Huthwaite,Consumer,Seattle,Washington,98115,FUR-CH-10001854,Furniture,Chairs,Office Star - Professional Matrix Back Chair with 2-to-1 Synchro Tilt and Mesh Fabric Seat,561.5680000000001,2,0.2,28.078400000000016
CA-2012-139248,2017-07-25,2017-07-30,Standard Class,RD-19930,Russell D'Ascenzo,Consumer,Los Angeles,California,90032,TEC-PH-10004094,Technology,Phones,Motorola L703CM,623.96,5,0.2,38.9975
US-2012-140200,2017-07-26,2017-07-28,First Class,CA-12775,Cynthia Arntzen,Consumer,Mesa,Arizona,85204,FUR-TA-10002356,Furniture,Tables,Bevis Boat-Shaped Conference Table,393.165,3,0.5,-204.44580000000005
CA-2012-136735,2017-07-26,2017-08-02,Standard Class,HA-14920,Helen Andreada,Consumer,San Francisco,California,94110,OFF-EN-10002230,Office Supplies,Envelopes,Airmail Envelopes,167.86,2,0.0,78.8942
CA-2012-148180,2017-07-26,2017-07-31,Standard Class,BP-11095,Bart Pistole,Corporate,Oxnard,California,93030,OFF-BI-10000605,Office Supplies,Binders,"Acco Pressboard Covers with Storage Hooks, 9 1/2"" x 11"", Executive Red",9.144,3,0.2,3.0860999999999996
CA-2012-148180,2017-07-26,2017-07-31,Standard Class,BP-11095,Bart Pistole,Corporate,Oxnard,California,93030,OFF-BI-10003314,Office Supplies,Binders,Tuff Stuff Recycled Round Ring Binders,23.136000000000003,6,0.2,8.3868
CA-2012-148180,2017-07-26,2017-07-31,Standard Class,BP-11095,Bart Pistole,Corporate,Oxnard,California,93030,OFF-AR-10002067,Office Supplies,Art,Newell 334,99.2,5,0.0,25.792
CA-2012-127754,2017-07-26,2017-07-31,Standard Class,CK-12760,Cyma Kinney,Corporate,Glendale,Arizona,85301,FUR-CH-10003199,Furniture,Chairs,Office Star - Contemporary Task Swivel Chair,266.35200000000003,3,0.2,13.317599999999985
CA-2012-155334,2017-07-30,2017-07-31,First Class,HA-14920,Helen Andreada,Consumer,San Francisco,California,94109,TEC-AC-10003628,Technology,Accessories,Logitech 910-002974 M325 Wireless Mouse for Web Scrolling,209.92999999999998,7,0.0,92.36920000000002
CA-2012-155334,2017-07-30,2017-07-31,First Class,HA-14920,Helen Andreada,Consumer,San Francisco,California,94109,FUR-FU-10003274,Furniture,Furnishings,Regeneration Desk Collection,5.28,3,0.0,2.3232000000000004
CA-2012-155334,2017-07-30,2017-07-31,First Class,HA-14920,Helen Andreada,Consumer,San Francisco,California,94109,OFF-BI-10002557,Office Supplies,Binders,Presstex Flexible Ring Binders,10.92,3,0.2,4.094999999999999
CA-2012-153388,2017-08-01,2017-08-07,Standard Class,PC-19000,Pauline Chand,Home Office,Los Angeles,California,90004,OFF-AR-10001868,Office Supplies,Art,Prang Dustless Chalk Sticks,6.72,4,0.0,3.36
CA-2012-153388,2017-08-01,2017-08-07,Standard Class,PC-19000,Pauline Chand,Home Office,Los Angeles,California,90004,FUR-TA-10003715,Furniture,Tables,Hon 2111 Invitation Series Corner Table,1004.9760000000001,6,0.2,-175.8708000000001
CA-2012-147501,2017-08-02,2017-08-06,Standard Class,Co-12640,Corey-Lock,Consumer,Seattle,Washington,98105,OFF-BI-10002003,Office Supplies,Binders,Ibico Presentation Index for Binding Systems,6.368,2,0.2,2.1492
CA-2012-147501,2017-08-02,2017-08-06,Standard Class,Co-12640,Corey-Lock,Consumer,Seattle,Washington,98105,TEC-MA-10001972,Technology,Machines,Okidata C331dn Printer,558.4,2,0.2,41.880000000000024
CA-2012-112767,2017-08-02,2017-08-06,Standard Class,DK-12985,Darren Koutras,Consumer,Springfield,Oregon,97477,FUR-TA-10003469,Furniture,Tables,Balt Split Level Computer Training Table,277.5,4,0.5,-188.7
CA-2012-163895,2017-08-07,2017-08-11,Standard Class,NS-18640,Noel Staavos,Corporate,Boise,Idaho,83704,OFF-BI-10004970,Office Supplies,Binders,"ACCOHIDE 3-Ring Binder, Blue, 1""",3.3040000000000003,1,0.2,1.1151
CA-2012-141936,2017-08-07,2017-08-12,Standard Class,PN-18775,Parhena Norris,Home Office,Bakersfield,California,93309,OFF-BI-10002194,Office Supplies,Binders,Cardinal Hold-It CD Pocket,19.152,3,0.2,6.463800000000001
CA-2012-168564,2017-08-08,2017-08-08,Same Day,TT-21220,Thomas Thornton,Consumer,San Francisco,California,94109,OFF-BI-10004970,Office Supplies,Binders,"ACCOHIDE 3-Ring Binder, Blue, 1""",6.6080000000000005,2,0.2,2.2302
CA-2012-168564,2017-08-08,2017-08-08,Same Day,TT-21220,Thomas Thornton,Consumer,San Francisco,California,94109,OFF-BI-10002557,Office Supplies,Binders,Presstex Flexible Ring Binders,7.28,2,0.2,2.7299999999999995
CA-2012-168564,2017-08-08,2017-08-08,Same Day,TT-21220,Thomas Thornton,Consumer,San Francisco,California,94109,FUR-CH-10000785,Furniture,Chairs,Global Ergonomic Managers Chair,144.784,1,0.2,10.858800000000002
US-2012-156496,2017-08-10,2017-08-16,Standard Class,WB-21850,William Brown,Consumer,Redmond,Oregon,97756,TEC-PH-10000576,Technology,Phones,AT&T 1080 Corded phone,438.36800000000005,4,0.2,38.357200000000006
US-2012-156496,2017-08-10,2017-08-16,Standard Class,WB-21850,William Brown,Consumer,Redmond,Oregon,97756,TEC-PH-10004188,Technology,Phones,OtterBox Commuter Series Case - Samsung Galaxy S4,139.94400000000002,7,0.2,-31.4874
US-2012-156496,2017-08-10,2017-08-16,Standard Class,WB-21850,William Brown,Consumer,Redmond,Oregon,97756,OFF-AP-10001469,Office Supplies,Appliances,Fellowes 8 Outlet Superior Workstation Surge Protector,133.472,4,0.2,15.015599999999985
CA-2012-112011,2017-08-13,2017-08-20,Standard Class,ON-18715,Odella Nelson,Corporate,Yucaipa,California,92399,OFF-AR-10003156,Office Supplies,Art,50 Colored Long Pencils,50.8,5,0.0,13.208000000000002
CA-2012-148495,2017-08-13,2017-08-13,Same Day,SF-20065,Sandra Flanagan,Consumer,Pomona,California,91767,FUR-FU-10001889,Furniture,Furnishings,Ultra Door Pull Handle,31.56,3,0.0,10.4148
CA-2012-162369,2017-08-15,2017-08-19,Standard Class,TT-21265,Tim Taslimi,Corporate,Los Angeles,California,90045,OFF-ST-10000046,Office Supplies,Storage,Fellowes Super Stor/Drawer Files,323.1,2,0.0,61.38900000000001
CA-2012-142454,2017-08-15,2017-08-19,Standard Class,RE-19450,Richard Eichhorn,Consumer,Oakland,California,94601,FUR-FU-10004018,Furniture,Furnishings,Tensor Computer Mounted Lamp,104.23,7,0.0,28.142100000000006
CA-2012-142454,2017-08-15,2017-08-19,Standard Class,RE-19450,Richard Eichhorn,Consumer,Oakland,California,94601,OFF-ST-10003638,Office Supplies,Storage,Mobile Personal File Cube,70.26,3,0.0,18.9702
US-2012-128090,2017-08-16,2017-08-22,Standard Class,JM-15865,John Murray,Consumer,Phoenix,Arizona,85023,OFF-AR-10002255,Office Supplies,Art,Newell 346,2.304,1,0.2,0.2592
US-2012-128090,2017-08-16,2017-08-22,Standard Class,JM-15865,John Murray,Consumer,Phoenix,Arizona,85023,TEC-PH-10002624,Technology,Phones,Samsung Galaxy S4 Mini,1879.96,5,0.2,211.49549999999977
US-2012-128090,2017-08-16,2017-08-22,Standard Class,JM-15865,John Murray,Consumer,Phoenix,Arizona,85023,OFF-PA-10001878,Office Supplies,Paper,Xerox 1891,313.024,8,0.2,105.64559999999997
US-2012-128090,2017-08-16,2017-08-22,Standard Class,JM-15865,John Murray,Consumer,Phoenix,Arizona,85023,OFF-LA-10000452,Office Supplies,Labels,Avery 488,5.04,2,0.2,1.764
CA-2012-119627,2017-08-17,2017-08-23,Standard Class,SC-20725,Steven Cartwright,Consumer,Peoria,Arizona,85345,TEC-AC-10002217,Technology,Accessories,Imation Clip USB flash drive - 8 GB,30.080000000000002,2,0.2,-5.264
CA-2012-119627,2017-08-17,2017-08-23,Standard Class,SC-20725,Steven Cartwright,Consumer,Peoria,Arizona,85345,OFF-PA-10001937,Office Supplies,Paper,Xerox 21,36.28800000000001,7,0.2,12.700800000000001
CA-2012-119627,2017-08-17,2017-08-23,Standard Class,SC-20725,Steven Cartwright,Consumer,Peoria,Arizona,85345,OFF-AR-10000203,Office Supplies,Art,Newell 336,10.272000000000002,3,0.2,1.1555999999999984
CA-2012-119627,2017-08-17,2017-08-23,Standard Class,SC-20725,Steven Cartwright,Consumer,Peoria,Arizona,85345,TEC-AC-10001142,Technology,Accessories,First Data FD10 PIN Pad,252.8,4,0.2,-31.600000000000037
CA-2012-144267,2017-08-21,2017-08-23,First Class,NZ-18565,Nick Zandusky,Home Office,San Francisco,California,94110,FUR-CH-10002335,Furniture,Chairs,Hon GuestStacker Chair,544.008,3,0.2,40.8006
CA-2012-144267,2017-08-21,2017-08-23,First Class,NZ-18565,Nick Zandusky,Home Office,San Francisco,California,94110,OFF-PA-10000157,Office Supplies,Paper,Xerox 191,59.94,3,0.0,28.171799999999998
CA-2012-144267,2017-08-21,2017-08-23,First Class,NZ-18565,Nick Zandusky,Home Office,San Francisco,California,94110,OFF-PA-10001947,Office Supplies,Paper,Xerox 1974,23.92,4,0.0,11.7208
CA-2012-144267,2017-08-21,2017-08-23,First Class,NZ-18565,Nick Zandusky,Home Office,San Francisco,California,94110,OFF-PA-10003657,Office Supplies,Paper,Xerox 1927,4.28,1,0.0,1.9259999999999997
CA-2012-130456,2017-08-21,2017-08-26,Standard Class,DS-13180,David Smith,Corporate,San Francisco,California,94122,FUR-BO-10003893,Furniture,Bookcases,Sauder Camden County Collection Library,586.398,6,0.15,34.49399999999997
CA-2012-130456,2017-08-21,2017-08-26,Standard Class,DS-13180,David Smith,Corporate,San Francisco,California,94122,OFF-ST-10000736,Office Supplies,Storage,Carina Double Wide Media Storage Towers in Natural & Black,80.98,1,0.0,3.2391999999999967
CA-2012-169299,2017-08-24,2017-08-26,First Class,DO-13435,Denny Ordway,Consumer,Portland,Oregon,97206,OFF-AR-10002053,Office Supplies,Art,"Premium Writing Pencils, Soft, #2 by Central Association for the Blind",7.151999999999999,3,0.2,0.7152000000000003
US-2012-139759,2017-08-25,2017-08-30,Standard Class,NL-18310,Nancy Lomonaco,Home Office,Los Angeles,California,90045,FUR-CH-10002774,Furniture,Chairs,"Global Deluxe Stacking Chair, Gray",40.784,1,0.2,4.588199999999999
US-2012-139759,2017-08-25,2017-08-30,Standard Class,NL-18310,Nancy Lomonaco,Home Office,Los Angeles,California,90045,OFF-AP-10002765,Office Supplies,Appliances,Fellowes Advanced Computer Series Surge Protectors,105.96,4,0.0,29.668800000000005
CA-2012-126445,2017-08-27,2017-08-31,Standard Class,RA-19945,Ryan Akin,Consumer,Murrieta,California,92563,OFF-ST-10000046,Office Supplies,Storage,Fellowes Super Stor/Drawer Files,484.65000000000003,3,0.0,92.08350000000002
CA-2012-101707,2017-08-27,2017-09-01,Standard Class,PF-19165,Philip Fox,Consumer,San Diego,California,92105,OFF-SU-10001218,Office Supplies,Supplies,Fiskars Softgrip Scissors,32.94,3,0.0,9.223200000000002
CA-2012-101707,2017-08-27,2017-09-01,Standard Class,PF-19165,Philip Fox,Consumer,San Diego,California,92105,OFF-PA-10002968,Office Supplies,Paper,Xerox 1973,114.2,5,0.0,52.532
CA-2012-101707,2017-08-27,2017-09-01,Standard Class,PF-19165,Philip Fox,Consumer,San Diego,California,92105,OFF-LA-10000134,Office Supplies,Labels,Avery 511,3.08,1,0.0,1.4784
CA-2012-113040,2017-08-27,2017-08-31,Standard Class,CC-12100,Chad Cunningham,Home Office,Los Angeles,California,90045,OFF-BI-10001249,Office Supplies,Binders,Avery Heavy-Duty EZD View Binder with Locking Rings,5.104,1,0.2,1.6587999999999996
CA-2012-121188,2017-08-28,2017-09-04,Standard Class,CB-12025,Cassandra Brandow,Consumer,Los Angeles,California,90049,OFF-ST-10001490,Office Supplies,Storage,"Hot File 7-Pocket, Floor Stand",892.35,5,0.0,267.7049999999999
CA-2012-121188,2017-08-28,2017-09-04,Standard Class,CB-12025,Cassandra Brandow,Consumer,Los Angeles,California,90049,FUR-BO-10004695,Furniture,Bookcases,O'Sullivan 2-Door Barrister Bookcase in Odessa Pine,307.666,2,0.15,28.956799999999973
CA-2012-121188,2017-08-28,2017-09-04,Standard Class,CB-12025,Cassandra Brandow,Consumer,Los Angeles,California,90049,OFF-ST-10000736,Office Supplies,Storage,Carina Double Wide Media Storage Towers in Natural & Black,728.82,9,0.0,29.15279999999997
CA-2012-121188,2017-08-28,2017-09-04,Standard Class,CB-12025,Cassandra Brandow,Consumer,Los Angeles,California,90049,OFF-BI-10001617,Office Supplies,Binders,GBC Wire Binding Combs,41.36,5,0.2,13.959
CA-2012-121188,2017-08-28,2017-09-04,Standard Class,CB-12025,Cassandra Brandow,Consumer,Los Angeles,California,90049,TEC-PH-10003589,Technology,Phones,invisibleSHIELD by ZAGG Smudge-Free Screen Protector,43.176,3,0.2,15.1116
CA-2012-121188,2017-08-28,2017-09-04,Standard Class,CB-12025,Cassandra Brandow,Consumer,Los Angeles,California,90049,FUR-FU-10003981,Furniture,Furnishings,Eldon Wave Desk Accessories,4.16,2,0.0,1.7472000000000003
CA-2012-112319,2017-08-31,2017-09-05,Standard Class,AR-10510,Andrew Roberts,Consumer,Los Angeles,California,90004,OFF-PA-10003441,Office Supplies,Paper,Xerox 226,58.32000000000001,9,0.0,27.9936
CA-2012-111514,2017-08-31,2017-09-02,First Class,SC-20260,Scott Cohen,Corporate,San Francisco,California,94122,FUR-BO-10002545,Furniture,Bookcases,"Atlantic Metals Mobile 3-Shelf Bookcases, Custom Colors",1552.831,7,0.15,200.95460000000008
CA-2012-111514,2017-08-31,2017-09-02,First Class,SC-20260,Scott Cohen,Corporate,San Francisco,California,94122,OFF-BI-10002735,Office Supplies,Binders,GBC Prestige Therm-A-Bind Covers,137.24,5,0.2,46.3185
CA-2012-111514,2017-08-31,2017-09-02,First Class,SC-20260,Scott Cohen,Corporate,San Francisco,California,94122,TEC-AC-10004864,Technology,Accessories,Memorex Micro Travel Drive 32 GB,36.51,1,0.0,15.699300000000001
CA-2012-111514,2017-08-31,2017-09-02,First Class,SC-20260,Scott Cohen,Corporate,San Francisco,California,94122,TEC-MA-10000597,Technology,Machines,Lexmark S315 Color Inkjet Printer,239.976,3,0.2,80.99189999999999
CA-2012-157805,2017-08-31,2017-09-04,Standard Class,RH-19510,Rick Huthwaite,Home Office,San Diego,California,92037,TEC-PH-10004447,Technology,Phones,Toshiba IPT2010-SD IP Telephone,555.96,5,0.2,41.697
CA-2012-137946,2017-09-01,2017-09-04,Second Class,DB-13615,Doug Bickford,Consumer,Los Angeles,California,90045,OFF-BI-10001922,Office Supplies,Binders,Storex Dura Pro Binders,4.752000000000001,1,0.2,1.6037999999999997
CA-2012-137946,2017-09-01,2017-09-04,Second Class,DB-13615,Doug Bickford,Consumer,Los Angeles,California,90045,TEC-CO-10001449,Technology,Copiers,Hewlett Packard LaserJet 3310 Copier,959.984,2,0.2,335.99440000000004
CA-2012-137946,2017-09-01,2017-09-04,Second Class,DB-13615,Doug Bickford,Consumer,Los Angeles,California,90045,OFF-BI-10004140,Office Supplies,Binders,Avery Non-Stick Binders,14.368000000000002,4,0.2,4.489999999999998
CA-2012-130204,2017-09-03,2017-09-09,Standard Class,DB-13120,David Bremer,Corporate,San Francisco,California,94122,OFF-ST-10001325,Office Supplies,Storage,Sterilite Officeware Hinged File Box,31.44,3,0.0,8.488800000000001
CA-2012-130204,2017-09-03,2017-09-09,Standard Class,DB-13120,David Bremer,Corporate,San Francisco,California,94122,TEC-AC-10003038,Technology,Accessories,Kingston Digital DataTraveler 16GB USB 2.0,17.9,2,0.0,3.400999999999998
CA-2012-130204,2017-09-03,2017-09-09,Standard Class,DB-13120,David Bremer,Corporate,San Francisco,California,94122,TEC-AC-10003590,Technology,Accessories,"TRENDnet 56K USB 2.0 Phone, Internet and Fax Modem",129.45,5,0.0,46.602
US-2012-146745,2017-09-03,2017-09-08,Standard Class,AS-10630,Ann Steele,Home Office,San Francisco,California,94110,FUR-CH-10002372,Furniture,Chairs,Office Star - Ergonomically Designed Knee Chair,129.568,2,0.2,-12.956799999999994
US-2012-146745,2017-09-03,2017-09-08,Standard Class,AS-10630,Ann Steele,Home Office,San Francisco,California,94110,OFF-BI-10003274,Office Supplies,Binders,"Avery Durable Slant Ring Binders, No Labels",6.368,2,0.2,2.1492
CA-2012-113215,2017-09-03,2017-09-08,Standard Class,CP-12085,Cathy Prescott,Corporate,Tucson,Arizona,85705,FUR-FU-10002937,Furniture,Furnishings,"GE 48"" Fluorescent Tube, Cool White Energy Saver, 34 Watts, 30/Box",238.15200000000004,3,0.2,89.30699999999999
CA-2012-101924,2017-09-04,2017-09-09,Standard Class,KB-16585,Ken Black,Corporate,Medford,Oregon,97504,OFF-BI-10000962,Office Supplies,Binders,"Acco Flexible ACCOHIDE Square Ring Data Binder, Dark Blue, 11 1/2"" X 14"" 7/8""",9.762,2,0.7,-6.833400000000001
CA-2012-130785,2017-09-05,2017-09-09,Standard Class,AG-10900,Arthur Gainer,Consumer,San Diego,California,92105,FUR-BO-10000330,Furniture,Bookcases,"Sauder Camden County Barrister Bookcase, Planked Cherry Finish",411.332,4,0.15,-4.839199999999977
CA-2012-130785,2017-09-05,2017-09-09,Standard Class,AG-10900,Arthur Gainer,Consumer,San Diego,California,92105,OFF-BI-10001900,Office Supplies,Binders,"DXL Angle-View Binders with Locking Rings, Black",28.752000000000002,6,0.2,9.7038
CA-2012-130785,2017-09-05,2017-09-09,Standard Class,AG-10900,Arthur Gainer,Consumer,San Diego,California,92105,FUR-BO-10003159,Furniture,Bookcases,"Sauder Camden County Collection Libraries, Planked Cherry Finish",293.199,3,0.15,-20.696400000000025
CA-2012-138002,2017-09-06,2017-09-12,Standard Class,BT-11305,Beth Thompson,Home Office,Seattle,Washington,98103,OFF-BI-10002160,Office Supplies,Binders,Acco Hanging Data Binders,6.096,2,0.2,2.1336
CA-2012-138002,2017-09-06,2017-09-12,Standard Class,BT-11305,Beth Thompson,Home Office,Seattle,Washington,98103,FUR-FU-10004748,Furniture,Furnishings,"Howard Miller 16"" Diameter Gallery Wall Clock",191.82,3,0.0,74.8098
CA-2012-143238,2017-09-06,2017-09-08,First Class,LO-17170,Lori Olson,Corporate,La Quinta,California,92253,TEC-AC-10003499,Technology,Accessories,Memorex Mini Travel Drive 8 GB USB 2.0 Flash Drive,46.32,4,0.0,18.0648
CA-2012-110744,2017-09-07,2017-09-12,Standard Class,HA-14920,Helen Andreada,Consumer,Pasadena,California,91104,OFF-ST-10003656,Office Supplies,Storage,Safco Industrial Wire Shelving,671.93,7,0.0,20.157899999999998
CA-2012-162166,2017-09-08,2017-09-11,First Class,NM-18520,Neoma Murray,Consumer,Moreno Valley,California,92553,OFF-PA-10002606,Office Supplies,Paper,Xerox 1928,26.400000000000002,5,0.0,11.879999999999999
CA-2012-162166,2017-09-08,2017-09-11,First Class,NM-18520,Neoma Murray,Consumer,Moreno Valley,California,92553,OFF-ST-10002486,Office Supplies,Storage,Eldon Shelf Savers Cubes and Bins,41.88,6,0.0,0.8375999999999983
CA-2012-132906,2017-09-10,2017-09-14,Standard Class,CC-12145,Charles Crestani,Consumer,Los Angeles,California,90004,OFF-SU-10004498,Office Supplies,Supplies,Martin-Yale Premier Letter Opener,51.52,4,0.0,1.5456000000000003
CA-2012-117772,2017-09-10,2017-09-12,Second Class,MC-17575,Matt Collins,Consumer,Seattle,Washington,98103,OFF-ST-10003994,Office Supplies,Storage,"Belkin 19"" Center-Weighted Shelf, Gray",353.88,6,0.0,17.69399999999999
CA-2012-108672,2017-09-10,2017-09-16,Standard Class,FA-14230,Frank Atkinson,Corporate,Los Angeles,California,90032,FUR-FU-10003799,Furniture,Furnishings,"Seth Thomas 13 1/2"" Wall Clock",106.68,6,0.0,33.07079999999999
CA-2012-165057,2017-09-11,2017-09-15,Standard Class,SC-20725,Steven Cartwright,Consumer,Redlands,California,92374,OFF-AR-10004648,Office Supplies,Art,Boston 19500 Mighty Mite Electric Pencil Sharpener,181.35,9,0.0,48.9645
CA-2012-165057,2017-09-11,2017-09-15,Standard Class,SC-20725,Steven Cartwright,Consumer,Redlands,California,92374,OFF-LA-10003190,Office Supplies,Labels,Avery 474,8.64,3,0.0,4.2336
CA-2012-153794,2017-09-11,2017-09-16,Standard Class,SB-20290,Sean Braxton,Corporate,San Diego,California,92024,OFF-AR-10000380,Office Supplies,Art,"Hunt PowerHouse Electric Pencil Sharpener, Blue",265.85999999999996,7,0.0,79.75799999999997
CA-2012-126186,2017-09-11,2017-09-12,First Class,GB-14530,George Bell,Corporate,Aurora,Colorado,80013,FUR-FU-10000073,Furniture,Furnishings,Deflect-O Glasstique Clear Desk Accessories,24.64,4,0.2,4.003999999999998
CA-2012-128993,2017-09-12,2017-09-17,Second Class,CC-12670,Craig Carreira,Consumer,Seattle,Washington,98103,TEC-AC-10004209,Technology,Accessories,Memorex Froggy Flash Drive 4 GB,21.98,2,0.0,8.5722
US-2012-129007,2017-09-13,2017-09-15,First Class,KD-16615,Ken Dana,Corporate,Anaheim,California,92804,FUR-FU-10004973,Furniture,Furnishings,Flat Face Poster Frame,131.88,7,0.0,55.3896
US-2012-129007,2017-09-13,2017-09-15,First Class,KD-16615,Ken Dana,Corporate,Anaheim,California,92804,OFF-BI-10001628,Office Supplies,Binders,"Acco Data Flex Cable Posts For Top & Bottom Load Binders, 6"" Capacity",25.031999999999996,3,0.2,7.822499999999998
US-2012-129007,2017-09-13,2017-09-15,First Class,KD-16615,Ken Dana,Corporate,Anaheim,California,92804,FUR-CH-10000155,Furniture,Chairs,Global Comet Stacking Armless Chair,717.72,3,0.2,71.77200000000002
US-2012-129007,2017-09-13,2017-09-15,First Class,KD-16615,Ken Dana,Corporate,Anaheim,California,92804,FUR-FU-10002379,Furniture,Furnishings,Eldon Econocleat Chair Mats for Low Pile Carpets,207.35,5,0.0,24.88199999999999
US-2012-129007,2017-09-13,2017-09-15,First Class,KD-16615,Ken Dana,Corporate,Anaheim,California,92804,FUR-FU-10004018,Furniture,Furnishings,Tensor Computer Mounted Lamp,44.67,3,0.0,12.060900000000002
US-2012-129007,2017-09-13,2017-09-15,First Class,KD-16615,Ken Dana,Corporate,Anaheim,California,92804,OFF-PA-10000994,Office Supplies,Paper,Xerox 1915,209.7,2,0.0,100.65599999999999
CA-2012-120362,2017-09-14,2017-09-19,Standard Class,CA-12265,Christina Anderson,Consumer,Provo,Utah,84604,FUR-TA-10003008,Furniture,Tables,"Lesro Round Back Collection Coffee Table, End Table",912.75,5,0.0,118.65750000000006
CA-2012-131597,2017-09-14,2017-09-18,Standard Class,SP-20620,Stefania Perrino,Corporate,Los Angeles,California,90045,FUR-TA-10002607,Furniture,Tables,KI Conference Tables,170.13600000000002,3,0.2,-8.506799999999991
CA-2012-133025,2017-09-17,2017-09-19,Second Class,MO-17800,Meg O'Connel,Home Office,Los Angeles,California,90036,OFF-PA-10004100,Office Supplies,Paper,Xerox 216,32.400000000000006,5,0.0,15.552000000000001
US-2012-138716,2017-09-17,2017-09-20,First Class,CS-11845,Cari Sayre,Corporate,Seattle,Washington,98105,OFF-BI-10001628,Office Supplies,Binders,"Acco Data Flex Cable Posts For Top & Bottom Load Binders, 6"" Capacity",25.031999999999996,3,0.2,7.822499999999998
CA-2012-149713,2017-09-18,2017-09-22,Second Class,TG-21640,Trudy Glocke,Consumer,Long Beach,California,90805,OFF-PA-10004530,Office Supplies,Paper,Personal Creations Ink Jet Cards and Labels,160.72,14,0.0,78.75280000000001
CA-2012-149713,2017-09-18,2017-09-22,Second Class,TG-21640,Trudy Glocke,Consumer,Long Beach,California,90805,OFF-PA-10001450,Office Supplies,Paper,Rediform S.O.S. Phone Message Books,19.92,4,0.0,9.760800000000001
CA-2012-149713,2017-09-18,2017-09-22,Second Class,TG-21640,Trudy Glocke,Consumer,Long Beach,California,90805,OFF-SU-10001574,Office Supplies,Supplies,Acme Value Line Scissors,7.3,2,0.0,2.1899999999999995
CA-2012-167745,2017-09-18,2017-09-23,Standard Class,GB-14530,George Bell,Corporate,Los Angeles,California,90049,OFF-AR-10003602,Office Supplies,Art,"Quartet Omega Colored Chalk, 12/Pack",11.68,2,0.0,5.489599999999999
CA-2012-167745,2017-09-18,2017-09-23,Standard Class,GB-14530,George Bell,Corporate,Los Angeles,California,90049,OFF-SU-10004782,Office Supplies,Supplies,"Elite 5"" Scissors",16.9,2,0.0,5.0699999999999985
CA-2012-167745,2017-09-18,2017-09-23,Standard Class,GB-14530,George Bell,Corporate,Los Angeles,California,90049,FUR-FU-10001591,Furniture,Furnishings,Advantus Panel Wall Certificate Holder - 8.5x11,24.4,2,0.0,10.248000000000001
CA-2012-150511,2017-09-18,2017-09-24,Standard Class,AB-10060,Adam Bellavance,Home Office,Des Moines,Washington,98198,OFF-PA-10001776,Office Supplies,Paper,"Wirebound Message Books, Four 2 3/4"" x 5"" Forms per Page, 600 Sets per Book",18.54,2,0.0,8.713799999999999
CA-2012-101154,2017-09-18,2017-09-21,First Class,CM-12190,Charlotte Melton,Consumer,San Diego,California,92105,OFF-ST-10004186,Office Supplies,Storage,"Stur-D-Stor Shelving, Vertical 5-Shelf: 72""H x 36""W x 18 1/2""D",443.92,4,0.0,8.8784
CA-2012-132815,2017-09-19,2017-09-22,Second Class,RW-19540,Rick Wilson,Corporate,Los Angeles,California,90008,OFF-PA-10004530,Office Supplies,Paper,Personal Creations Ink Jet Cards and Labels,22.96,2,0.0,11.2504
CA-2012-137603,2017-09-19,2017-09-24,Standard Class,MH-17290,Marc Harrigan,Home Office,Santa Fe,New Mexico,87505,OFF-AR-10001972,Office Supplies,Art,Newell 323,8.4,5,0.0,2.184
CA-2012-149517,2017-09-19,2017-09-23,Standard Class,FC-14245,Frank Carlisle,Home Office,Sacramento,California,95823,FUR-FU-10003464,Furniture,Furnishings,"Seth Thomas 8 1/2"" Cubicle Clock",60.84,3,0.0,19.468799999999998
CA-2012-151470,2017-09-20,2017-09-26,Standard Class,AM-10705,Anne McFarland,Consumer,Las Vegas,Nevada,89115,OFF-BI-10004040,Office Supplies,Binders,Wilson Jones Impact Binders,45.584,11,0.2,16.524199999999997
CA-2012-102036,2017-09-21,2017-09-27,Standard Class,CS-12130,Chad Sievert,Consumer,Seattle,Washington,98105,OFF-ST-10003123,Office Supplies,Storage,Fellowes Bases and Tops For Staxonsteel/High-Stak Systems,199.74,6,0.0,47.937599999999996
CA-2012-149972,2017-09-21,2017-09-23,First Class,CD-12790,Cynthia Delaney,Home Office,Los Angeles,California,90036,FUR-CH-10004997,Furniture,Chairs,Hon Every-Day Series Multi-Task Chairs,601.536,4,0.2,0.0
CA-2012-149972,2017-09-21,2017-09-23,First Class,CD-12790,Cynthia Delaney,Home Office,Los Angeles,California,90036,OFF-FA-10002763,Office Supplies,Fasteners,Advantus Map Pennant Flags and Round Head Tacks,7.9,2,0.0,2.5279999999999996
CA-2012-112571,2017-09-22,2017-09-22,Same Day,DL-12925,Daniel Lacy,Consumer,Oceanside,California,92054,FUR-FU-10004188,Furniture,Furnishings,Luxo Professional Combination Clamp-On Lamps,204.6,2,0.0,53.196
CA-2012-168760,2017-09-22,2017-09-26,Second Class,MM-18280,Muhammed MacIntyre,Corporate,Los Angeles,California,90049,OFF-AP-10004532,Office Supplies,Appliances,Kensington 6 Outlet Guardian Standard Surge Protector,61.44,3,0.0,16.5888
CA-2012-161830,2017-09-24,2017-09-26,Second Class,ME-17725,Max Engle,Consumer,Seattle,Washington,98105,OFF-AR-10004042,Office Supplies,Art,"BOSTON Model 1800 Electric Pencil Sharpeners, Putty/Woodgrain",35.96,2,0.0,10.428399999999996
CA-2012-161830,2017-09-24,2017-09-26,Second Class,ME-17725,Max Engle,Consumer,Seattle,Washington,98105,OFF-BI-10001097,Office Supplies,Binders,Avery Hole Reinforcements,14.952000000000002,3,0.2,5.420100000000001
CA-2012-103835,2017-09-24,2017-09-28,Standard Class,SC-20440,Shaun Chance,Corporate,Los Angeles,California,90032,FUR-FU-10000010,Furniture,Furnishings,"DAX Value U-Channel Document Frames, Easel Back",14.91,3,0.0,4.6221
CA-2012-103835,2017-09-24,2017-09-28,Standard Class,SC-20440,Shaun Chance,Corporate,Los Angeles,California,90032,OFF-AP-10002651,Office Supplies,Appliances,Hoover Upright Vacuum With Dirt Cup,1158.12,4,0.0,335.85479999999984
CA-2012-147816,2017-09-24,2017-09-26,Second Class,CM-11935,Carlos Meador,Consumer,Tucson,Arizona,85705,TEC-PH-10003095,Technology,Phones,Samsung HM1900 Bluetooth Headset,35.12,2,0.2,13.17
US-2012-106873,2017-09-24,2017-09-29,Second Class,KM-16720,Kunst Miller,Consumer,Avondale,Arizona,85323,OFF-AR-10003179,Office Supplies,Art,Dixon Ticonderoga Core-Lock Colored Pencils,14.576,2,0.2,2.368599999999999
US-2012-106873,2017-09-24,2017-09-29,Second Class,KM-16720,Kunst Miller,Consumer,Avondale,Arizona,85323,TEC-AC-10002345,Technology,Accessories,HP Standard 104 key PS/2 Keyboard,23.200000000000003,2,0.2,1.4499999999999993
US-2012-106873,2017-09-24,2017-09-29,Second Class,KM-16720,Kunst Miller,Consumer,Avondale,Arizona,85323,OFF-AR-10001246,Office Supplies,Art,Newell 317,16.464,7,0.2,1.852199999999999
CA-2012-106320,2017-09-25,2017-09-30,Standard Class,EB-13870,Emily Burns,Consumer,Orem,Utah,84057,FUR-TA-10000577,Furniture,Tables,Bretford CR4500 Series Slim Rectangular Table,1044.6299999999999,3,0.0,240.2649
CA-2012-100573,2017-09-25,2017-10-01,Standard Class,AM-10705,Anne McFarland,Consumer,Los Angeles,California,90004,OFF-EN-10000461,Office Supplies,Envelopes,"#10- 4 1/8"" x 9 1/2"" Recycled Envelopes",17.48,2,0.0,8.2156
CA-2012-149083,2017-09-25,2017-09-30,Standard Class,SH-19975,Sally Hughsby,Corporate,Seattle,Washington,98103,FUR-CH-10004289,Furniture,Chairs,Global Super Steno Chair,307.136,4,0.2,-11.51760000000003
CA-2012-149083,2017-09-25,2017-09-30,Standard Class,SH-19975,Sally Hughsby,Corporate,Seattle,Washington,98103,OFF-LA-10002945,Office Supplies,Labels,"Permanent Self-Adhesive File Folder Labels for Typewriters, 1 1/8 x 3 1/2, White",12.6,2,0.0,5.795999999999999
CA-2012-149083,2017-09-25,2017-09-30,Standard Class,SH-19975,Sally Hughsby,Corporate,Seattle,Washington,98103,TEC-AC-10002567,Technology,Accessories,Logitech G602 Wireless Gaming Mouse,159.98,2,0.0,57.5928
CA-2012-130883,2017-09-26,2017-10-02,Standard Class,TB-21520,Tracy Blumstein,Consumer,Portland,Oregon,97206,OFF-PA-10000474,Office Supplies,Paper,Easy-staple paper,141.76,5,0.2,47.843999999999994
CA-2012-130883,2017-09-26,2017-10-02,Standard Class,TB-21520,Tracy Blumstein,Consumer,Portland,Oregon,97206,TEC-AC-10001956,Technology,Accessories,Microsoft Arc Touch Mouse,239.80000000000004,5,0.2,47.95999999999999
CA-2012-130883,2017-09-26,2017-10-02,Standard Class,TB-21520,Tracy Blumstein,Consumer,Portland,Oregon,97206,OFF-PA-10004100,Office Supplies,Paper,Xerox 216,31.104000000000006,6,0.2,10.8864
CA-2012-124800,2017-09-26,2017-09-30,Standard Class,RW-19540,Rick Wilson,Corporate,Mesa,Arizona,85204,OFF-PA-10000501,Office Supplies,Paper,Petty Cash Envelope,86.272,4,0.2,31.2736
CA-2012-124800,2017-09-26,2017-09-30,Standard Class,RW-19540,Rick Wilson,Corporate,Mesa,Arizona,85204,OFF-BI-10000778,Office Supplies,Binders,GBC VeloBinder Electric Binding Machine,72.58800000000001,2,0.7,-48.39199999999998
CA-2012-124800,2017-09-26,2017-09-30,Standard Class,RW-19540,Rick Wilson,Corporate,Mesa,Arizona,85204,OFF-AP-10004980,Office Supplies,Appliances,3M Replacement Filter for Office Air Cleaner for 20' x 33' Room,60.672000000000004,2,0.2,14.409600000000003
CA-2012-124800,2017-09-26,2017-09-30,Standard Class,RW-19540,Rick Wilson,Corporate,Mesa,Arizona,85204,OFF-BI-10003984,Office Supplies,Binders,Lock-Up Easel 'Spel-Binder',77.031,9,0.7,-59.057100000000005
CA-2012-124800,2017-09-26,2017-09-30,Standard Class,RW-19540,Rick Wilson,Corporate,Mesa,Arizona,85204,OFF-ST-10000798,Office Supplies,Storage,2300 Heavy-Duty Transfer File Systems by Perma,119.90400000000001,6,0.2,-1.4988000000000135
CA-2012-124800,2017-09-26,2017-09-30,Standard Class,RW-19540,Rick Wilson,Corporate,Mesa,Arizona,85204,TEC-PH-10001750,Technology,Phones,Samsung Rugby III,263.96000000000004,5,0.2,23.096500000000006
CA-2012-124800,2017-09-26,2017-09-30,Standard Class,RW-19540,Rick Wilson,Corporate,Mesa,Arizona,85204,OFF-ST-10002743,Office Supplies,Storage,SAFCO Boltless Steel Shelving,363.648,4,0.2,-86.36640000000003
CA-2012-122371,2017-09-26,2017-10-01,Standard Class,BS-11800,Bryan Spruell,Home Office,San Diego,California,92037,OFF-ST-10002370,Office Supplies,Storage,"Sortfiler Multipurpose Personal File Organizer, Black",64.17,3,0.0,18.609299999999998
CA-2012-122371,2017-09-26,2017-10-01,Standard Class,BS-11800,Bryan Spruell,Home Office,San Diego,California,92037,OFF-EN-10000056,Office Supplies,Envelopes,Cameo Buff Policy Envelopes,124.46,2,0.0,58.49619999999999
CA-2012-167255,2017-09-27,2017-09-29,Second Class,RH-19510,Rick Huthwaite,Home Office,San Francisco,California,94110,OFF-ST-10001328,Office Supplies,Storage,"Personal Filing Tote with Lid, Black/Gray",15.51,1,0.0,4.3428
CA-2012-167255,2017-09-27,2017-09-29,Second Class,RH-19510,Rick Huthwaite,Home Office,San Francisco,California,94110,OFF-PA-10002377,Office Supplies,Paper,Xerox 1916,146.82,3,0.0,73.41
CA-2012-167255,2017-09-27,2017-09-29,Second Class,RH-19510,Rick Huthwaite,Home Office,San Francisco,California,94110,OFF-PA-10003441,Office Supplies,Paper,Xerox 226,12.96,2,0.0,6.2208000000000006
CA-2012-143616,2017-09-27,2017-09-29,Second Class,SS-20140,Saphhira Shifley,Corporate,Seattle,Washington,98103,OFF-AR-10002067,Office Supplies,Art,Newell 334,99.2,5,0.0,25.792
CA-2012-169201,2017-09-28,2017-10-01,First Class,HG-14965,Henry Goldwyn,Corporate,San Francisco,California,94110,OFF-AP-10000696,Office Supplies,Appliances,Holmes Odor Grabber,43.26,3,0.0,14.275799999999998
CA-2012-169201,2017-09-28,2017-10-01,First Class,HG-14965,Henry Goldwyn,Corporate,San Francisco,California,94110,OFF-AP-10002082,Office Supplies,Appliances,Holmes HEPA Air Purifier,43.56,2,0.0,15.245999999999999
CA-2012-106978,2017-09-28,2017-10-04,Standard Class,ZC-21910,Zuschuss Carroll,Consumer,Aurora,Colorado,80013,OFF-EN-10004483,Office Supplies,Envelopes,"#10 White Business Envelopes,4 1/8 x 9 1/2",12.536000000000001,1,0.2,4.230899999999998
CA-2012-106978,2017-09-28,2017-10-04,Standard Class,ZC-21910,Zuschuss Carroll,Consumer,Aurora,Colorado,80013,OFF-BI-10002012,Office Supplies,Binders,Wilson Jones Easy Flow II Sheet Lifters,1.0800000000000003,2,0.7,-0.792
CA-2012-106978,2017-09-28,2017-10-04,Standard Class,ZC-21910,Zuschuss Carroll,Consumer,Aurora,Colorado,80013,OFF-FA-10003021,Office Supplies,Fasteners,Staples,4.5120000000000005,3,0.2,0.8459999999999996
CA-2012-129546,2017-09-28,2017-10-05,Standard Class,RP-19855,Roy Phan,Corporate,Los Angeles,California,90032,OFF-AP-10002495,Office Supplies,Appliances,"Acco Smartsocket Table Surge Protector, 6 Color-Coded Adapter Outlets",186.14999999999998,3,0.0,55.844999999999985
CA-2012-129546,2017-09-28,2017-10-05,Standard Class,RP-19855,Roy Phan,Corporate,Los Angeles,California,90032,OFF-BI-10004001,Office Supplies,Binders,GBC Recycled VeloBinder Covers,81.792,6,0.2,26.582399999999986
CA-2012-129546,2017-09-28,2017-10-05,Standard Class,RP-19855,Roy Phan,Corporate,Los Angeles,California,90032,OFF-SU-10004884,Office Supplies,Supplies,Acme Galleria Hot Forged Steel Scissors with Colored Handles,47.19,3,0.0,13.685099999999995
CA-2012-129546,2017-09-28,2017-10-05,Standard Class,RP-19855,Roy Phan,Corporate,Los Angeles,California,90032,TEC-PH-10003555,Technology,Phones,Motorola HK250 Universal Bluetooth Headset,36.784,2,0.2,-8.276399999999997
CA-2012-166135,2017-10-01,2017-10-06,Standard Class,SC-20440,Shaun Chance,Corporate,Aurora,Colorado,80013,OFF-ST-10002974,Office Supplies,Storage,"Trav-L-File Heavy-Duty Shuttle II, Black",139.424,4,0.2,17.42799999999999
CA-2012-156566,2017-10-01,2017-10-04,First Class,EM-13960,Eric Murdock,Consumer,Portland,Oregon,97206,TEC-PH-10001817,Technology,Phones,Wilson Electronics DB Pro Signal Booster,572.8000000000001,2,0.2,50.12000000000003
CA-2012-104493,2017-10-02,2017-10-08,Standard Class,EB-13705,Ed Braxton,Corporate,San Diego,California,92105,OFF-BI-10004817,Office Supplies,Binders,GBC Personal VeloBind Strips,57.504000000000005,6,0.2,20.1264
US-2012-119312,2017-10-02,2017-10-07,Second Class,CS-12400,Christopher Schild,Home Office,Los Angeles,California,90045,OFF-ST-10000943,Office Supplies,Storage,Eldon ProFile File 'N Store Portable File Tub Letter/Legal Size Black,270.34,14,0.0,75.6952
CA-2012-129917,2017-10-02,2017-10-03,First Class,HM-14980,Henry MacAllister,Consumer,Los Angeles,California,90008,OFF-BI-10001757,Office Supplies,Binders,Pressboard Hanging Data Binders for Unburst Sheets,11.808,3,0.2,4.1328
CA-2012-129917,2017-10-02,2017-10-03,First Class,HM-14980,Henry MacAllister,Consumer,Los Angeles,California,90008,OFF-BI-10004828,Office Supplies,Binders,GBC Poly Designer Binding Covers,53.568,4,0.2,19.418399999999995
CA-2012-129917,2017-10-02,2017-10-03,First Class,HM-14980,Henry MacAllister,Consumer,Los Angeles,California,90008,TEC-PH-10000369,Technology,Phones,HTC One Mini,503.96000000000004,5,0.2,50.396000000000015
CA-2012-128356,2017-10-02,2017-10-07,Standard Class,RP-19390,Resi Pölking,Consumer,Thornton,Colorado,80229,OFF-SU-10004290,Office Supplies,Supplies,"Acme Design Line 8"" Stainless Steel Bent Scissors w/Champagne Handles, 3-1/8"" Cut",10.944,2,0.2,0.9575999999999998
US-2012-144771,2017-10-02,2017-10-04,First Class,CK-12205,Chloris Kastensmidt,Consumer,Hillsboro,Oregon,97123,FUR-FU-10000629,Furniture,Furnishings,9-3/4 Diameter Round Wall Clock,11.032,1,0.2,3.0338000000000003
US-2012-144771,2017-10-02,2017-10-04,First Class,CK-12205,Chloris Kastensmidt,Consumer,Hillsboro,Oregon,97123,TEC-AC-10002323,Technology,Accessories,SanDisk Ultra 32 GB MicroSDHC Class 10 Memory Card,53.040000000000006,3,0.2,-4.640999999999998
CA-2012-126137,2017-10-03,2017-10-08,Standard Class,BS-11755,Bruce Stewart,Consumer,Los Angeles,California,90032,FUR-BO-10004409,Furniture,Bookcases,"Safco Value Mate Series Steel Bookcases, Baked Enamel Finish on Steel, Gray",120.666,2,0.15,18.454800000000002
CA-2012-121391,2017-10-04,2017-10-07,First Class,AA-10315,Alex Avila,Consumer,San Francisco,California,94109,OFF-ST-10001590,Office Supplies,Storage,"Tenex Personal Project File with Scoop Front Design, Black",26.96,2,0.0,7.009599999999999
CA-2012-133445,2017-10-05,2017-10-09,Standard Class,JF-15490,Jeremy Farry,Consumer,Portland,Oregon,97206,FUR-BO-10003660,Furniture,Bookcases,"Bush Cubix Collection Bookcases, Fully Assembled",66.29400000000001,1,0.7,-103.86059999999998
CA-2012-133445,2017-10-05,2017-10-09,Standard Class,JF-15490,Jeremy Farry,Consumer,Portland,Oregon,97206,FUR-CH-10000422,Furniture,Chairs,Global Highback Leather Tilter in Burgundy,291.168,4,0.2,-14.558399999999978
CA-2012-168529,2017-10-08,2017-10-12,Standard Class,MB-17305,Maria Bertelson,Consumer,San Francisco,California,94122,FUR-FU-10001588,Furniture,Furnishings,"Deflect-o SuperTray Unbreakable Stackable Tray, Letter, Black",145.9,5,0.0,62.736999999999995
CA-2012-109736,2017-10-10,2017-10-11,First Class,DJ-13420,Denny Joy,Corporate,San Francisco,California,94109,OFF-PA-10004101,Office Supplies,Paper,Xerox 1894,45.36,7,0.0,21.772800000000004
CA-2012-132388,2017-10-10,2017-10-12,First Class,KN-16390,Katherine Nockton,Corporate,Santa Barbara,California,93101,FUR-CH-10001714,Furniture,Chairs,"Global Leather & Oak Executive Chair, Burgundy",362.13599999999997,3,0.2,-54.32039999999998
CA-2012-132388,2017-10-10,2017-10-12,First Class,KN-16390,Katherine Nockton,Corporate,Santa Barbara,California,93101,OFF-LA-10000414,Office Supplies,Labels,Avery 503,31.049999999999997,3,0.0,14.904
CA-2012-142993,2017-10-12,2017-10-17,Standard Class,KA-16525,Kelly Andreada,Consumer,Seattle,Washington,98103,TEC-AC-10003038,Technology,Accessories,Kingston Digital DataTraveler 16GB USB 2.0,17.9,2,0.0,3.400999999999998
CA-2012-142993,2017-10-12,2017-10-17,Standard Class,KA-16525,Kelly Andreada,Consumer,Seattle,Washington,98103,OFF-ST-10000934,Office Supplies,Storage,"Contico 72""H Heavy-Duty Storage System",81.96,2,0.0,0.0
CA-2012-152527,2017-10-17,2017-10-17,Same Day,CM-12190,Charlotte Melton,Consumer,Los Angeles,California,90004,OFF-ST-10003479,Office Supplies,Storage,"Eldon Base for stackable storage shelf, platinum",77.88,2,0.0,3.8939999999999912
CA-2012-127824,2017-10-18,2017-10-22,Standard Class,JC-15775,John Castell,Consumer,Seattle,Washington,98115,TEC-PH-10004094,Technology,Phones,Motorola L703CM,249.58400000000003,2,0.2,15.598999999999997
CA-2012-127824,2017-10-18,2017-10-22,Standard Class,JC-15775,John Castell,Consumer,Seattle,Washington,98115,OFF-PA-10001184,Office Supplies,Paper,Xerox 1903,17.94,3,0.0,8.790600000000001
CA-2012-127824,2017-10-18,2017-10-22,Standard Class,JC-15775,John Castell,Consumer,Seattle,Washington,98115,FUR-FU-10002505,Furniture,Furnishings,Eldon 100 Class Desk Accessories,10.11,3,0.0,3.2351999999999994
CA-2012-160171,2017-10-19,2017-10-24,Standard Class,RM-19675,Robert Marley,Home Office,Los Angeles,California,90008,OFF-AP-10000275,Office Supplies,Appliances,"Sanyo Counter Height Refrigerator with Crisper, 3.6 Cubic Foot, Stainless Steel/Black",1640.6999999999998,5,0.0,459.39599999999996
CA-2012-160171,2017-10-19,2017-10-24,Standard Class,RM-19675,Robert Marley,Home Office,Los Angeles,California,90008,TEC-AC-10000892,Technology,Accessories,NETGEAR N750 Dual Band Wi-Fi Gigabit Router,270.0,3,0.0,97.19999999999999
US-2012-160563,2017-10-20,2017-10-24,Standard Class,NS-18640,Noel Staavos,Corporate,San Francisco,California,94109,TEC-AC-10002567,Technology,Accessories,Logitech G602 Wireless Gaming Mouse,239.96999999999997,3,0.0,86.38919999999999
US-2012-160563,2017-10-20,2017-10-24,Standard Class,NS-18640,Noel Staavos,Corporate,San Francisco,California,94109,FUR-FU-10001731,Furniture,Furnishings,Acrylic Self-Standing Desk Frames,16.02,6,0.0,6.0876
CA-2012-149097,2017-10-20,2017-10-24,Standard Class,SV-20785,Stewart Visinsky,Consumer,Los Angeles,California,90045,FUR-FU-10003424,Furniture,Furnishings,Nu-Dell Oak Frame,74.75999999999999,7,0.0,23.923199999999994
CA-2012-149097,2017-10-20,2017-10-24,Standard Class,SV-20785,Stewart Visinsky,Consumer,Los Angeles,California,90045,FUR-TA-10001086,Furniture,Tables,"SAFCO PlanMaster Boards, 60w x 37-1/2d, White Melamine",364.77600000000007,3,0.2,27.35820000000001
CA-2012-132486,2017-10-23,2017-10-27,Second Class,JF-15355,Jay Fein,Consumer,San Diego,California,92105,TEC-AC-10000710,Technology,Accessories,Maxell DVD-RAM Discs,148.32,9,0.0,63.77760000000001
CA-2012-132486,2017-10-23,2017-10-27,Second Class,JF-15355,Jay Fein,Consumer,San Diego,California,92105,FUR-CH-10004495,Furniture,Chairs,"Global Leather and Oak Executive Chair, Black",240.78400000000002,1,0.2,27.088199999999965
CA-2012-132486,2017-10-23,2017-10-27,Second Class,JF-15355,Jay Fein,Consumer,San Diego,California,92105,FUR-CH-10004540,Furniture,Chairs,Global Chrome Stack Chair,191.96800000000002,7,0.2,16.797200000000004
CA-2012-132486,2017-10-23,2017-10-27,Second Class,JF-15355,Jay Fein,Consumer,San Diego,California,92105,OFF-PA-10004971,Office Supplies,Paper,Xerox 196,11.56,2,0.0,5.6644000000000005
CA-2012-132486,2017-10-23,2017-10-27,Second Class,JF-15355,Jay Fein,Consumer,San Diego,California,92105,OFF-EN-10002600,Office Supplies,Envelopes,"Redi-Strip #10 Envelopes, 4 1/8 x 9 1/2",11.8,4,0.0,5.664
CA-2012-132486,2017-10-23,2017-10-27,Second Class,JF-15355,Jay Fein,Consumer,San Diego,California,92105,FUR-CH-10001854,Furniture,Chairs,Office Star - Professional Matrix Back Chair with 2-to-1 Synchro Tilt and Mesh Fabric Seat,842.3520000000001,3,0.2,42.11760000000004
CA-2012-142692,2017-10-23,2017-10-28,Standard Class,AG-10495,Andrew Gjertsen,Corporate,Seattle,Washington,98105,OFF-BI-10004140,Office Supplies,Binders,Avery Non-Stick Binders,3.5920000000000005,1,0.2,1.1224999999999996
CA-2012-149650,2017-10-24,2017-10-27,First Class,RD-19660,Robert Dilbeck,Home Office,Oakland,California,94601,FUR-CH-10003956,Furniture,Chairs,Novimex High-Tech Fabric Mesh Task Chair,454.27200000000005,8,0.2,-73.81920000000005
CA-2012-152891,2017-10-25,2017-10-30,Standard Class,TB-21625,Trudy Brown,Consumer,San Francisco,California,94110,OFF-AR-10004648,Office Supplies,Art,Boston 19500 Mighty Mite Electric Pencil Sharpener,60.449999999999996,3,0.0,16.3215
CA-2012-152891,2017-10-25,2017-10-30,Standard Class,TB-21625,Trudy Brown,Consumer,San Francisco,California,94110,FUR-TA-10001857,Furniture,Tables,Balt Solid Wood Rectangular Table,253.176,3,0.2,-31.64700000000002
CA-2012-105844,2017-10-25,2017-10-27,Second Class,JF-15415,Jennifer Ferguson,Consumer,Sparks,Nevada,89431,OFF-AR-10001955,Office Supplies,Art,Newell 319,79.36,4,0.0,23.807999999999993
CA-2012-130848,2017-10-25,2017-10-25,Same Day,DG-13300,Deirdre Greer,Corporate,Denver,Colorado,80219,FUR-CH-10000422,Furniture,Chairs,Global Highback Leather Tilter in Burgundy,582.336,8,0.2,-29.116799999999955
CA-2012-139290,2017-10-26,2017-10-30,Standard Class,MY-17380,Maribeth Yedwab,Corporate,Rancho Cucamonga,California,91730,OFF-LA-10004008,Office Supplies,Labels,Avery 507,5.76,2,0.0,2.6495999999999995
CA-2012-156146,2017-10-26,2017-10-30,Second Class,AG-10495,Andrew Gjertsen,Corporate,Peoria,Arizona,85345,TEC-PH-10001700,Technology,Phones,Panasonic KX-TG6844B Expandable Digital Cordless Telephone,105.584,2,0.2,9.238600000000005
CA-2012-156146,2017-10-26,2017-10-30,Second Class,AG-10495,Andrew Gjertsen,Corporate,Peoria,Arizona,85345,TEC-PH-10001527,Technology,Phones,Plantronics MX500i Earset,68.72000000000001,2,0.2,-14.603000000000005
CA-2012-150714,2017-10-26,2017-11-01,Standard Class,KH-16690,Kristen Hastings,Corporate,Springfield,Oregon,97477,OFF-LA-10001474,Office Supplies,Labels,Avery 477,146.544,6,0.2,47.626799999999996
CA-2012-150714,2017-10-26,2017-11-01,Standard Class,KH-16690,Kristen Hastings,Corporate,Springfield,Oregon,97477,OFF-PA-10001497,Office Supplies,Paper,Xerox 1914,131.904,3,0.2,47.815200000000004
CA-2012-150714,2017-10-26,2017-11-01,Standard Class,KH-16690,Kristen Hastings,Corporate,Springfield,Oregon,97477,OFF-AP-10003287,Office Supplies,Appliances,Tripp Lite TLP810NET Broadband Surge for Modem/Fax,203.88000000000002,5,0.2,20.387999999999998
CA-2012-150714,2017-10-26,2017-11-01,Standard Class,KH-16690,Kristen Hastings,Corporate,Springfield,Oregon,97477,OFF-BI-10002982,Office Supplies,Binders,Avery Self-Adhesive Photo Pockets for Polaroid Photos,14.301000000000002,7,0.7,-10.487400000000001
CA-2012-150714,2017-10-26,2017-11-01,Standard Class,KH-16690,Kristen Hastings,Corporate,Springfield,Oregon,97477,OFF-ST-10001809,Office Supplies,Storage,Fellowes Officeware Wire Shelving,718.6400000000001,10,0.2,-161.69400000000005
CA-2012-110289,2017-10-29,2017-11-02,Standard Class,NB-18655,Nona Balk,Corporate,San Francisco,California,94109,OFF-PA-10002986,Office Supplies,Paper,Xerox 1898,33.4,5,0.0,16.032
CA-2012-110289,2017-10-29,2017-11-02,Standard Class,NB-18655,Nona Balk,Corporate,San Francisco,California,94109,OFF-EN-10001434,Office Supplies,Envelopes,"Strathmore #10 Envelopes, Ultimate White",210.84,4,0.0,103.3116
US-2012-131359,2017-10-30,2017-11-02,Second Class,FA-14230,Frank Atkinson,Corporate,Denver,Colorado,80219,TEC-MA-10000597,Technology,Machines,Lexmark S315 Color Inkjet Printer,59.99400000000001,2,0.7,-45.995400000000004
US-2012-131359,2017-10-30,2017-11-02,Second Class,FA-14230,Frank Atkinson,Corporate,Denver,Colorado,80219,TEC-CO-10001571,Technology,Copiers,Sharp 1540cs Digital Laser Copier,439.992,1,0.2,164.997
US-2012-131359,2017-10-30,2017-11-02,Second Class,FA-14230,Frank Atkinson,Corporate,Denver,Colorado,80219,TEC-PH-10004531,Technology,Phones,OtterBox Commuter Series Case - iPhone 5 & 5s,87.96,5,0.2,30.785999999999998
US-2012-131359,2017-10-30,2017-11-02,Second Class,FA-14230,Frank Atkinson,Corporate,Denver,Colorado,80219,FUR-FU-10003026,Furniture,Furnishings,"Eldon Regeneration Recycled Desk Accessories, Black",15.488,4,0.2,3.6784
CA-2012-131457,2017-10-31,2017-11-06,Standard Class,MZ-17515,Mary Zewe,Corporate,Redlands,California,92374,OFF-EN-10001509,Office Supplies,Envelopes,Poly String Tie Envelopes,14.280000000000001,7,0.0,6.711599999999999
US-2012-164448,2017-10-31,2017-11-04,Second Class,DK-12835,Damala Kotsonis,Corporate,Salinas,California,93905,OFF-BI-10002949,Office Supplies,Binders,Prestige Round Ring Binders,9.728000000000002,2,0.2,3.283199999999999
US-2012-164448,2017-10-31,2017-11-04,Second Class,DK-12835,Damala Kotsonis,Corporate,Salinas,California,93905,OFF-EN-10002600,Office Supplies,Envelopes,"Redi-Strip #10 Envelopes, 4 1/8 x 9 1/2",14.75,5,0.0,7.08
US-2012-164448,2017-10-31,2017-11-04,Second Class,DK-12835,Damala Kotsonis,Corporate,Salinas,California,93905,OFF-BI-10003708,Office Supplies,Binders,"Acco Four Pocket Poly Ring Binder with Label Holder, Smoke, 1""",29.800000000000004,5,0.2,9.312499999999998
US-2012-164448,2017-10-31,2017-11-04,Second Class,DK-12835,Damala Kotsonis,Corporate,Salinas,California,93905,OFF-LA-10003510,Office Supplies,Labels,"Avery 4027 File Folder Labels for Dot Matrix Printers, 5000 Labels per Box, White",427.42,14,0.0,196.6132
CA-2012-164882,2017-10-31,2017-10-31,Same Day,SG-20080,Sandra Glassco,Consumer,Redlands,California,92374,OFF-PA-10000157,Office Supplies,Paper,Xerox 191,19.98,1,0.0,9.3906
CA-2012-164882,2017-10-31,2017-10-31,Same Day,SG-20080,Sandra Glassco,Consumer,Redlands,California,92374,OFF-BI-10004519,Office Supplies,Binders,GBC DocuBind P100 Manual Binding Machine,398.352,3,0.2,124.48499999999999
CA-2012-164882,2017-10-31,2017-10-31,Same Day,SG-20080,Sandra Glassco,Consumer,Redlands,California,92374,OFF-AR-10004272,Office Supplies,Art,Newell 308,5.04,3,0.0,1.2599999999999998
CA-2012-164882,2017-10-31,2017-10-31,Same Day,SG-20080,Sandra Glassco,Consumer,Redlands,California,92374,OFF-FA-10000585,Office Supplies,Fasteners,OIC Bulk Pack Metal Binder Clips,17.450000000000003,5,0.0,8.027
CA-2012-164882,2017-10-31,2017-10-31,Same Day,SG-20080,Sandra Glassco,Consumer,Redlands,California,92374,FUR-CH-10004218,Furniture,Chairs,"Global Fabric Manager's Chair, Dark Gray",323.136,4,0.2,20.196000000000012
CA-2012-164882,2017-10-31,2017-10-31,Same Day,SG-20080,Sandra Glassco,Consumer,Redlands,California,92374,OFF-SU-10004231,Office Supplies,Supplies,Acme Tagit Stainless Steel Antibacterial Scissors,29.700000000000003,3,0.0,8.019
CA-2012-164882,2017-10-31,2017-10-31,Same Day,SG-20080,Sandra Glassco,Consumer,Redlands,California,92374,TEC-PH-10001578,Technology,Phones,Polycom SoundStation2 EX Conference phone,1295.8400000000001,4,0.2,145.78199999999993
CA-2012-164882,2017-10-31,2017-10-31,Same Day,SG-20080,Sandra Glassco,Consumer,Redlands,California,92374,OFF-ST-10003638,Office Supplies,Storage,Mobile Personal File Cube,46.84,2,0.0,12.646799999999999
CA-2012-164882,2017-10-31,2017-10-31,Same Day,SG-20080,Sandra Glassco,Consumer,Redlands,California,92374,FUR-BO-10002213,Furniture,Bookcases,DMI Eclipse Executive Suite Bookcases,425.833,1,0.15,20.03919999999998
US-2012-110163,2017-11-01,2017-11-04,First Class,GA-14725,Guy Armstrong,Consumer,Salem,Oregon,97301,OFF-AR-10001683,Office Supplies,Art,Lumber Crayons,7.88,1,0.2,1.7730000000000004
CA-2012-130890,2017-11-02,2017-11-06,Standard Class,JO-15280,Jas O'Carroll,Consumer,Los Angeles,California,90004,FUR-TA-10002903,Furniture,Tables,"Bevis Round Bullnose 29"" High Table Top",1038.84,5,0.2,51.94200000000001
CA-2012-125416,2017-11-02,2017-11-02,Same Day,KC-16540,Kelly Collister,Consumer,Seattle,Washington,98115,TEC-AC-10001552,Technology,Accessories,Logitech K350 2.4Ghz Wireless Keyboard,447.93,9,0.0,49.27229999999999
CA-2012-168207,2017-11-02,2017-11-06,Standard Class,LT-17110,Liz Thompson,Consumer,San Diego,California,92105,FUR-FU-10004909,Furniture,Furnishings,Contemporary Wood/Metal Frame,96.96000000000001,6,0.0,33.93599999999999
CA-2012-168207,2017-11-02,2017-11-06,Standard Class,LT-17110,Liz Thompson,Consumer,San Diego,California,92105,OFF-BI-10001524,Office Supplies,Binders,GBC Premium Transparent Covers with Diagonal Lined Pattern,117.48800000000001,7,0.2,41.12079999999999
CA-2012-168207,2017-11-02,2017-11-06,Standard Class,LT-17110,Liz Thompson,Consumer,San Diego,California,92105,OFF-BI-10003355,Office Supplies,Binders,Cardinal Holdit Business Card Pockets,11.952000000000002,3,0.2,4.1832
CA-2012-168207,2017-11-02,2017-11-06,Standard Class,LT-17110,Liz Thompson,Consumer,San Diego,California,92105,FUR-BO-10004357,Furniture,Bookcases,O'Sullivan Living Dimensions 3-Shelf Bookcases,512.499,3,0.15,-30.147000000000048
CA-2012-140410,2017-11-03,2017-11-07,Standard Class,CM-12655,Corinna Mitchell,Home Office,Los Angeles,California,90008,TEC-PH-10003580,Technology,Phones,Cisco IP Phone 7961G-GE VoIP phone,1212.848,7,0.2,106.12420000000014
CA-2012-140410,2017-11-03,2017-11-07,Standard Class,CM-12655,Corinna Mitchell,Home Office,Los Angeles,California,90008,TEC-AC-10001109,Technology,Accessories,Logitech Trackman Marble Mouse,89.97,3,0.0,37.787400000000005
CA-2012-140410,2017-11-03,2017-11-07,Standard Class,CM-12655,Corinna Mitchell,Home Office,Los Angeles,California,90008,FUR-FU-10003347,Furniture,Furnishings,Coloredge Poster Frame,42.599999999999994,3,0.0,16.614
CA-2012-145485,2017-11-05,2017-11-05,Same Day,JM-16195,Justin MacKendrick,Consumer,San Francisco,California,94109,OFF-ST-10000649,Office Supplies,Storage,Hanging Personal Folder File,62.8,4,0.0,15.700000000000003
CA-2012-131072,2017-11-05,2017-11-05,Same Day,KL-16645,Ken Lonsdale,Consumer,Seattle,Washington,98105,OFF-BI-10002794,Office Supplies,Binders,"Avery Trapezoid Ring Binder, 3"" Capacity, Black, 1040 sheets",98.352,3,0.2,35.65259999999999
CA-2012-105312,2017-11-06,2017-11-09,First Class,MT-17815,Meg Tillman,Consumer,Scottsdale,Arizona,85254,OFF-EN-10002600,Office Supplies,Envelopes,"Redi-Strip #10 Envelopes, 4 1/8 x 9 1/2",7.080000000000001,3,0.2,2.477999999999999
CA-2012-105312,2017-11-06,2017-11-09,First Class,MT-17815,Meg Tillman,Consumer,Scottsdale,Arizona,85254,OFF-BI-10002049,Office Supplies,Binders,UniKeep View Case Binders,4.401,3,0.7,-3.5207999999999995
CA-2012-102848,2017-11-07,2017-11-09,Second Class,KB-16240,Karen Bern,Corporate,Los Angeles,California,90036,FUR-CH-10000595,Furniture,Chairs,Safco Contoured Stacking Chairs,190.72000000000003,1,0.2,11.919999999999987
CA-2012-117611,2017-11-08,2017-11-10,Second Class,MZ-17335,Maria Zettner,Home Office,San Diego,California,92024,OFF-FA-10002280,Office Supplies,Fasteners,Advantus Plastic Paper Clips,5.0,1,0.0,2.4
CA-2012-117611,2017-11-08,2017-11-10,Second Class,MZ-17335,Maria Zettner,Home Office,San Diego,California,92024,TEC-AC-10002049,Technology,Accessories,Logitech G19 Programmable Gaming Keyboard,371.96999999999997,3,0.0,66.95459999999997
CA-2012-123568,2017-11-08,2017-11-14,Standard Class,SC-20095,Sanjit Chand,Consumer,West Jordan,Utah,84084,OFF-FA-10002701,Office Supplies,Fasteners,Alliance Rubber Bands,5.04,3,0.0,0.20159999999999978
CA-2012-123568,2017-11-08,2017-11-14,Standard Class,SC-20095,Sanjit Chand,Consumer,West Jordan,Utah,84084,OFF-PA-10001125,Office Supplies,Paper,Xerox 1988,92.94,3,0.0,41.82299999999999
CA-2012-123568,2017-11-08,2017-11-14,Standard Class,SC-20095,Sanjit Chand,Consumer,West Jordan,Utah,84084,FUR-FU-10004090,Furniture,Furnishings,"Executive Impressions 14"" Contract Wall Clock",66.69,3,0.0,22.007699999999996
CA-2012-123568,2017-11-08,2017-11-14,Standard Class,SC-20095,Sanjit Chand,Consumer,West Jordan,Utah,84084,OFF-BI-10001510,Office Supplies,Binders,Deluxe Heavy-Duty Vinyl Round Ring Binder,91.68,5,0.2,28.65
CA-2012-154886,2017-11-08,2017-11-12,Standard Class,SW-20455,Shaun Weien,Consumer,San Francisco,California,94109,TEC-AC-10001956,Technology,Accessories,Microsoft Arc Touch Mouse,119.9,2,0.0,43.164
CA-2012-126466,2017-11-09,2017-11-13,Standard Class,JO-15550,Jesus Ocampo,Home Office,Roseville,California,95661,OFF-FA-10000490,Office Supplies,Fasteners,"OIC Binder Clips, Mini, 1/4"" Capacity, Black",2.48,2,0.0,1.1656
CA-2012-155040,2017-11-10,2017-11-15,Standard Class,AH-10210,Alan Hwang,Consumer,Brentwood,California,94513,TEC-AC-10004469,Technology,Accessories,Microsoft Sculpt Comfort Mouse,79.9,2,0.0,35.156000000000006
CA-2012-153220,2017-11-12,2017-11-14,First Class,YC-21895,Yoseph Carroll,Corporate,Los Angeles,California,90032,OFF-PA-10003016,Office Supplies,Paper,"Adams ""While You Were Out"" Message Pads",15.700000000000001,5,0.0,7.0649999999999995
US-2012-156867,2017-11-13,2017-11-17,Standard Class,LC-16870,Lena Cacioppo,Consumer,Aurora,Colorado,80013,TEC-AC-10001552,Technology,Accessories,Logitech K350 2.4Ghz Wireless Keyboard,238.89600000000002,6,0.2,-26.875800000000012
US-2012-156867,2017-11-13,2017-11-17,Standard Class,LC-16870,Lena Cacioppo,Consumer,Aurora,Colorado,80013,FUR-FU-10004006,Furniture,Furnishings,"Deflect-o DuraMat Lighweight, Studded, Beveled Mat for Low Pile Carpeting",102.35999999999999,3,0.2,-3.8385000000000105
US-2012-156867,2017-11-13,2017-11-17,Standard Class,LC-16870,Lena Cacioppo,Consumer,Aurora,Colorado,80013,OFF-BI-10002794,Office Supplies,Binders,"Avery Trapezoid Ring Binder, 3"" Capacity, Black, 1040 sheets",36.882000000000005,3,0.7,-25.8174
CA-2012-144519,2017-11-13,2017-11-17,Standard Class,AW-10930,Arthur Wiediger,Home Office,Helena,Montana,59601,TEC-PH-10004908,Technology,Phones,Panasonic KX TS3282W Corded phone,339.96000000000004,5,0.2,42.49499999999995
CA-2012-144519,2017-11-13,2017-11-17,Standard Class,AW-10930,Arthur Wiediger,Home Office,Helena,Montana,59601,FUR-FU-10000794,Furniture,Furnishings,"Eldon Stackable Tray, Side-Load, Legal, Smoke",63.980000000000004,7,0.0,21.7532
CA-2012-104948,2017-11-13,2017-11-17,Standard Class,KH-16510,Keith Herrera,Consumer,San Bernardino,California,92404,OFF-BI-10001267,Office Supplies,Binders,"Universal Recycled Hanging Pressboard Report Binders, Letter Size",9.872,2,0.2,3.4551999999999996
CA-2012-104948,2017-11-13,2017-11-17,Standard Class,KH-16510,Keith Herrera,Consumer,San Bernardino,California,92404,FUR-BO-10004357,Furniture,Bookcases,O'Sullivan Living Dimensions 3-Shelf Bookcases,683.332,4,0.15,-40.196000000000055
CA-2012-104948,2017-11-13,2017-11-17,Standard Class,KH-16510,Keith Herrera,Consumer,San Bernardino,California,92404,OFF-PA-10004610,Office Supplies,Paper,Xerox 1900,29.96,7,0.0,13.481999999999998
CA-2012-138674,2017-11-14,2017-11-17,First Class,KB-16585,Ken Black,Corporate,Springfield,Oregon,97477,OFF-FA-10000304,Office Supplies,Fasteners,Advantus Push Pins,8.72,5,0.2,2.289000000000001
CA-2012-138674,2017-11-14,2017-11-17,First Class,KB-16585,Ken Black,Corporate,Springfield,Oregon,97477,TEC-AC-10000358,Technology,Accessories,Imation Secure Drive + Hardware Encrypted USB flash drive - 16 GB,91.17600000000002,3,0.2,4.558799999999994
CA-2012-138674,2017-11-14,2017-11-17,First Class,KB-16585,Ken Black,Corporate,Springfield,Oregon,97477,TEC-AC-10002800,Technology,Accessories,Plantronics Audio 478 Stereo USB Headset,159.96800000000002,4,0.2,29.993999999999986
CA-2012-123141,2017-11-14,2017-11-19,Standard Class,GZ-14470,Gary Zandusky,Consumer,Rio Rancho,New Mexico,87124,FUR-CH-10004287,Furniture,Chairs,SAFCO Arco Folding Chair,883.84,4,0.2,99.43199999999993
CA-2012-123141,2017-11-14,2017-11-19,Standard Class,GZ-14470,Gary Zandusky,Consumer,Rio Rancho,New Mexico,87124,FUR-CH-10001891,Furniture,Chairs,Global Deluxe Office Fabric Chairs,230.35200000000003,3,0.2,20.155800000000013
CA-2012-150875,2017-11-16,2017-11-20,Standard Class,HK-14890,Heather Kirkland,Corporate,Boise,Idaho,83704,FUR-TA-10000577,Furniture,Tables,Bretford CR4500 Series Slim Rectangular Table,696.42,2,0.0,160.1766
CA-2012-150875,2017-11-16,2017-11-20,Standard Class,HK-14890,Heather Kirkland,Corporate,Boise,Idaho,83704,TEC-PH-10001254,Technology,Phones,Jabra BIZ 2300 Duo QD Duo Corded Headset,304.776,3,0.2,22.858199999999982
CA-2012-120446,2017-11-16,2017-11-18,First Class,JG-15805,John Grady,Corporate,San Diego,California,92105,OFF-LA-10003148,Office Supplies,Labels,Avery 51,18.9,3,0.0,8.693999999999999
CA-2012-126725,2017-11-17,2017-11-21,Standard Class,BS-11665,Brian Stugart,Consumer,San Diego,California,92105,TEC-PH-10003174,Technology,Phones,RCA ViSYS 25825 Wireless digital phone,415.9680000000001,4,0.2,51.99599999999998
CA-2012-126725,2017-11-17,2017-11-21,Standard Class,BS-11665,Brian Stugart,Consumer,San Diego,California,92105,OFF-ST-10001418,Office Supplies,Storage,Carina Media Storage Towers in Natural & Black,304.9,5,0.0,6.097999999999999
CA-2012-126725,2017-11-17,2017-11-21,Standard Class,BS-11665,Brian Stugart,Consumer,San Diego,California,92105,FUR-FU-10002813,Furniture,Furnishings,"DAX Contemporary Wood Frame with Silver Metal Mat, Desktop, 11 x 14 Size",80.96,4,0.0,29.145599999999995
CA-2012-126725,2017-11-17,2017-11-21,Standard Class,BS-11665,Brian Stugart,Consumer,San Diego,California,92105,OFF-ST-10000129,Office Supplies,Storage,Fellowes Recycled Storage Drawers,777.21,7,0.0,54.40469999999996
CA-2012-126725,2017-11-17,2017-11-21,Standard Class,BS-11665,Brian Stugart,Consumer,San Diego,California,92105,OFF-PA-10001639,Office Supplies,Paper,Xerox 203,32.400000000000006,5,0.0,15.552000000000001
CA-2012-126725,2017-11-17,2017-11-21,Standard Class,BS-11665,Brian Stugart,Consumer,San Diego,California,92105,FUR-CH-10001708,Furniture,Chairs,Office Star - Contemporary Swivel Chair with Padded Adjustable Arms and Flex Back,225.56799999999998,2,0.2,2.81959999999998
CA-2012-126725,2017-11-17,2017-11-21,Standard Class,BS-11665,Brian Stugart,Consumer,San Diego,California,92105,FUR-FU-10001591,Furniture,Furnishings,Advantus Panel Wall Certificate Holder - 8.5x11,36.599999999999994,3,0.0,15.372000000000002
CA-2012-151680,2017-11-19,2017-11-21,Second Class,TC-21475,Tony Chapman,Home Office,Seattle,Washington,98115,FUR-FU-10000305,Furniture,Furnishings,"Tenex V2T-RE Standard Weight Series Chair Mat, 45"" x 53"", Lip 25"" x 12""",141.96,2,0.0,22.7136
CA-2012-166800,2017-11-19,2017-11-26,Standard Class,AG-10300,Aleksandra Gannaway,Corporate,Las Vegas,Nevada,89115,OFF-AP-10004868,Office Supplies,Appliances,Hoover Commercial Soft Guard Upright Vacuum And Disposable Filtration Bags,31.08,4,0.0,8.3916
CA-2012-144652,2017-11-20,2017-11-26,Standard Class,SN-20560,Skye Norling,Home Office,Los Angeles,California,90008,OFF-AR-10003732,Office Supplies,Art,Newell 333,19.459999999999997,7,0.0,5.0596
CA-2012-124058,2017-11-20,2017-11-24,Standard Class,LC-16885,Lena Creighton,Consumer,Oakland,California,94601,TEC-PH-10004774,Technology,Phones,Gear Head AU3700S Headset,72.74400000000001,7,0.2,-15.458100000000007
CA-2012-124058,2017-11-20,2017-11-24,Standard Class,LC-16885,Lena Creighton,Consumer,Oakland,California,94601,FUR-CH-10000595,Furniture,Chairs,Safco Contoured Stacking Chairs,572.1600000000001,3,0.2,35.75999999999996
CA-2012-146465,2017-11-20,2017-11-24,Standard Class,PB-18805,Patrick Bzostek,Home Office,San Francisco,California,94122,OFF-BI-10004528,Office Supplies,Binders,Cardinal Poly Pocket Divider Pockets for Ring Binders,24.192,9,0.2,7.559999999999999
CA-2012-112305,2017-11-20,2017-11-25,Standard Class,KB-16405,Katrina Bavinger,Home Office,Seattle,Washington,98105,OFF-AR-10002067,Office Supplies,Art,Newell 334,119.03999999999999,6,0.0,30.950400000000002
CA-2012-112305,2017-11-20,2017-11-25,Standard Class,KB-16405,Katrina Bavinger,Home Office,Seattle,Washington,98105,FUR-FU-10002364,Furniture,Furnishings,"Eldon Expressions Wood Desk Accessories, Oak",22.14,3,0.0,6.420599999999998
CA-2012-112305,2017-11-20,2017-11-25,Standard Class,KB-16405,Katrina Bavinger,Home Office,Seattle,Washington,98105,TEC-AC-10002018,Technology,Accessories,AmazonBasics 3-Button USB Wired Mouse,13.98,2,0.0,6.011400000000001
US-2012-165743,2017-11-20,2017-11-23,Second Class,MM-18055,Michelle Moray,Consumer,Aurora,Colorado,80013,OFF-BI-10001982,Office Supplies,Binders,Wilson Jones Custom Binder Spines & Labels,4.896000000000001,3,0.7,-3.427199999999999
US-2012-165743,2017-11-20,2017-11-23,Second Class,MM-18055,Michelle Moray,Consumer,Aurora,Colorado,80013,FUR-BO-10002268,Furniture,Bookcases,Sauder Barrister Bookcases,145.764,6,0.7,-247.79879999999997
US-2012-165743,2017-11-20,2017-11-23,Second Class,MM-18055,Michelle Moray,Consumer,Aurora,Colorado,80013,OFF-BI-10001758,Office Supplies,Binders,Wilson Jones 14 Line Acrylic Coated Pressboard Data Binders,9.612,6,0.7,-7.369199999999999
CA-2012-136420,2017-11-20,2017-11-21,First Class,CS-12250,Chris Selesnick,Corporate,San Diego,California,92024,OFF-BI-10002854,Office Supplies,Binders,"Performers Binder/Pad Holder, Black",89.69600000000001,4,0.2,33.635999999999996
CA-2012-136420,2017-11-20,2017-11-21,First Class,CS-12250,Chris Selesnick,Corporate,San Diego,California,92024,OFF-LA-10002762,Office Supplies,Labels,Avery 485,50.12,4,0.0,23.556399999999996
US-2012-158589,2017-11-20,2017-11-24,Standard Class,KW-16570,Kelly Williams,Consumer,San Francisco,California,94109,FUR-FU-10001546,Furniture,Furnishings,Dana Swing-Arm Lamps,32.04,3,0.0,8.01
CA-2012-115511,2017-11-21,2017-11-25,Standard Class,NW-18400,Natalie Webber,Consumer,Las Vegas,Nevada,89115,FUR-BO-10002598,Furniture,Bookcases,"Hon Metal Bookcases, Putty",141.96,2,0.0,41.16839999999999
CA-2012-115511,2017-11-21,2017-11-25,Standard Class,NW-18400,Natalie Webber,Consumer,Las Vegas,Nevada,89115,OFF-BI-10002225,Office Supplies,Binders,"Square Ring Data Binders, Rigid 75 Pt. Covers, 11"" x 14-7/8""",66.048,4,0.2,23.116799999999998
US-2012-159499,2017-11-21,2017-11-23,Second Class,EM-14095,Eudokia Martin,Corporate,Phoenix,Arizona,85023,OFF-AP-10002867,Office Supplies,Appliances,Fellowes Command Center 5-outlet power strip,325.63200000000006,6,0.2,28.49279999999999
US-2012-159499,2017-11-21,2017-11-23,Second Class,EM-14095,Eudokia Martin,Corporate,Phoenix,Arizona,85023,TEC-AC-10002718,Technology,Accessories,Belkin Standard 104 key USB Keyboard,23.344,2,0.2,-1.4590000000000014
US-2012-159499,2017-11-21,2017-11-23,Second Class,EM-14095,Eudokia Martin,Corporate,Phoenix,Arizona,85023,OFF-LA-10003121,Office Supplies,Labels,Avery 506,16.520000000000003,5,0.2,5.368999999999998
CA-2012-137708,2017-11-22,2017-11-25,Second Class,NG-18430,Nathan Gelder,Consumer,Los Angeles,California,90008,OFF-PA-10000176,Office Supplies,Paper,Xerox 1887,37.94,2,0.0,18.211199999999998
CA-2012-137708,2017-11-22,2017-11-25,Second Class,NG-18430,Nathan Gelder,Consumer,Los Angeles,California,90008,OFF-PA-10000327,Office Supplies,Paper,Xerox 1971,42.800000000000004,10,0.0,19.259999999999998
CA-2012-137708,2017-11-22,2017-11-25,Second Class,NG-18430,Nathan Gelder,Consumer,Los Angeles,California,90008,OFF-ST-10004634,Office Supplies,Storage,"Personal Folder Holder, Ebony",33.63,3,0.0,10.088999999999999
CA-2012-135545,2017-11-24,2017-11-30,Standard Class,KM-16720,Kunst Miller,Consumer,Los Angeles,California,90004,TEC-AC-10004633,Technology,Accessories,"Verbatim 25 GB 6x Blu-ray Single Layer Recordable Disc, 3/Pack",13.98,2,0.0,6.151200000000001
CA-2012-135545,2017-11-24,2017-11-30,Standard Class,KM-16720,Kunst Miller,Consumer,Los Angeles,California,90004,OFF-BI-10001078,Office Supplies,Binders,"Acco PRESSTEX Data Binder with Storage Hooks, Dark Blue, 14 7/8"" X 11""",25.824,6,0.2,9.3612
CA-2012-135545,2017-11-24,2017-11-30,Standard Class,KM-16720,Kunst Miller,Consumer,Los Angeles,California,90004,OFF-PA-10003892,Office Supplies,Paper,Xerox 1943,146.73,3,0.0,68.9631
CA-2012-135545,2017-11-24,2017-11-30,Standard Class,KM-16720,Kunst Miller,Consumer,Los Angeles,California,90004,FUR-FU-10000397,Furniture,Furnishings,Luxo Economy Swing Arm Lamp,79.76,4,0.0,22.332800000000006
CA-2012-105347,2017-11-24,2017-11-28,Standard Class,DP-13000,Darren Powers,Consumer,Los Angeles,California,90004,OFF-PA-10000675,Office Supplies,Paper,Xerox 1919,368.91,9,0.0,180.76590000000002
CA-2012-105347,2017-11-24,2017-11-28,Standard Class,DP-13000,Darren Powers,Consumer,Los Angeles,California,90004,OFF-AR-10003045,Office Supplies,Art,Prang Colored Pencils,14.7,5,0.0,6.615
CA-2012-153416,2017-11-24,2017-11-29,Standard Class,TS-21340,Toby Swindell,Consumer,Los Angeles,California,90036,OFF-BI-10002813,Office Supplies,Binders,Avery Reinforcements for Hole-Punch Pages,3.168,2,0.2,0.99
CA-2012-153416,2017-11-24,2017-11-29,Standard Class,TS-21340,Toby Swindell,Consumer,Los Angeles,California,90036,OFF-PA-10002005,Office Supplies,Paper,Xerox 225,19.44,3,0.0,9.3312
CA-2012-153416,2017-11-24,2017-11-29,Standard Class,TS-21340,Toby Swindell,Consumer,Los Angeles,California,90036,OFF-ST-10000060,Office Supplies,Storage,Fellowes Bankers Box Staxonsteel Drawer File/Stacking System,454.86,7,0.0,54.58320000000002
CA-2012-153416,2017-11-24,2017-11-29,Standard Class,TS-21340,Toby Swindell,Consumer,Los Angeles,California,90036,OFF-BI-10002706,Office Supplies,Binders,Avery Premier Heavy-Duty Binder with Round Locking Rings,91.392,8,0.2,29.702399999999997
CA-2012-101910,2017-11-27,2017-12-03,Standard Class,CD-11920,Carlos Daly,Consumer,Lake Elsinore,California,92530,FUR-CH-10002647,Furniture,Chairs,"Situations Contoured Folding Chairs, 4/Set",283.92,5,0.2,17.74500000000002
CA-2012-125234,2017-11-27,2017-12-01,Standard Class,SN-20710,Steve Nguyen,Home Office,Los Angeles,California,90049,TEC-AC-10000158,Technology,Accessories,Sony 64GB Class 10 Micro SDHC R40 Memory Card,107.97,3,0.0,22.6737
CA-2012-125234,2017-11-27,2017-12-01,Standard Class,SN-20710,Steve Nguyen,Home Office,Los Angeles,California,90049,OFF-PA-10000482,Office Supplies,Paper,"Snap-A-Way Black Print Carbonless Ruled Speed Letter, Triplicate",113.82,3,0.0,53.49539999999999
CA-2012-157028,2017-11-28,2017-12-03,Standard Class,MA-17995,Michelle Arnett,Home Office,Las Cruces,New Mexico,88001,OFF-AR-10004441,Office Supplies,Art,BIC Brite Liner Highlighters,8.28,2,0.0,3.4776
CA-2012-164497,2017-11-28,2017-11-30,First Class,AJ-10945,Ashley Jarboe,Consumer,San Francisco,California,94110,OFF-AP-10004655,Office Supplies,Appliances,"Holmes Visible Mist Ultrasonic Humidifier with 2.3-Gallon Output per Day, Replacement Filter",45.28,4,0.0,15.395199999999999
CA-2012-144099,2017-11-29,2017-11-30,Same Day,PO-19195,Phillina Ober,Home Office,San Francisco,California,94122,OFF-BI-10001078,Office Supplies,Binders,"Acco PRESSTEX Data Binder with Storage Hooks, Dark Blue, 14 7/8"" X 11""",4.304,1,0.2,1.5602
CA-2012-154340,2017-11-29,2017-11-30,First Class,EK-13795,Eileen Kiefer,Home Office,Santa Ana,California,92704,OFF-AR-10003582,Office Supplies,Art,"Boston Electric Pencil Sharpener, Model 1818, Charcoal Black",56.3,2,0.0,15.764000000000003
CA-2012-107685,2017-11-30,2017-12-02,Second Class,JM-15865,John Murray,Consumer,Las Vegas,Nevada,89115,FUR-FU-10002813,Furniture,Furnishings,"DAX Contemporary Wood Frame with Silver Metal Mat, Desktop, 11 x 14 Size",80.96,4,0.0,29.145599999999995
CA-2012-107685,2017-11-30,2017-12-02,Second Class,JM-15865,John Murray,Consumer,Las Vegas,Nevada,89115,OFF-PA-10003848,Office Supplies,Paper,Xerox 1997,25.92,4,0.0,12.441600000000001
CA-2012-119907,2017-12-01,2017-12-08,Standard Class,LC-17140,Logan Currie,Consumer,Seattle,Washington,98103,OFF-BI-10001765,Office Supplies,Binders,Wilson Jones Heavy-Duty Casebound Ring Binders with Metal Hinges,55.42400000000001,2,0.2,19.398399999999995
CA-2012-103723,2017-12-01,2017-12-06,Standard Class,BT-11305,Beth Thompson,Home Office,Seattle,Washington,98105,OFF-AR-10003251,Office Supplies,Art,Prang Drawing Pencil Set,13.899999999999999,5,0.0,5.56
CA-2012-137113,2017-12-01,2017-12-05,Second Class,TW-21025,Tamara Willingham,Home Office,Seattle,Washington,98105,FUR-CH-10001215,Furniture,Chairs,Global Troy Executive Leather Low-Back Tilter,2003.9200000000003,5,0.2,125.24499999999995
CA-2012-137113,2017-12-01,2017-12-05,Second Class,TW-21025,Tamara Willingham,Home Office,Seattle,Washington,98105,OFF-PA-10004255,Office Supplies,Paper,Xerox 219,32.400000000000006,5,0.0,15.552000000000001
CA-2012-137113,2017-12-01,2017-12-05,Second Class,TW-21025,Tamara Willingham,Home Office,Seattle,Washington,98105,FUR-TA-10001705,Furniture,Tables,Bush Advantage Collection Round Conference Table,1913.3999999999999,9,0.0,401.81399999999985
CA-2012-137113,2017-12-01,2017-12-05,Second Class,TW-21025,Tamara Willingham,Home Office,Seattle,Washington,98105,OFF-ST-10002554,Office Supplies,Storage,Tennsco Industrial Shelving,146.73,3,0.0,2.934600000000003
CA-2012-137113,2017-12-01,2017-12-05,Second Class,TW-21025,Tamara Willingham,Home Office,Seattle,Washington,98105,OFF-PA-10002222,Office Supplies,Paper,"Xerox Color Copier Paper, 11"" x 17"", Ream",114.2,5,0.0,52.532
CA-2012-111038,2017-12-01,2017-12-06,Standard Class,LC-16960,Lindsay Castell,Home Office,San Diego,California,92037,FUR-CH-10003973,Furniture,Chairs,GuestStacker Chair with Chrome Finish Legs,2676.672,9,0.2,267.6672000000001
US-2012-145422,2017-12-03,2017-12-07,Standard Class,PW-19240,Pierre Wener,Consumer,San Francisco,California,94110,FUR-BO-10002213,Furniture,Bookcases,"Sauder Forest Hills Library, Woodland Oak Finish",359.49899999999997,3,0.15,-29.60579999999998
CA-2012-118871,2017-12-04,2017-12-09,Second Class,HM-14860,Harry Marie,Corporate,Los Angeles,California,90049,OFF-EN-10003296,Office Supplies,Envelopes,Tyvek Side-Opening Peel & Seel Expanding Envelopes,271.44,3,0.0,122.148
CA-2012-118871,2017-12-04,2017-12-09,Second Class,HM-14860,Harry Marie,Corporate,Los Angeles,California,90049,TEC-PH-10000193,Technology,Phones,Jensen SMPS-640 - speaker phone,110.352,3,0.2,8.276399999999995
CA-2012-118871,2017-12-04,2017-12-09,Second Class,HM-14860,Harry Marie,Corporate,Los Angeles,California,90049,FUR-FU-10002111,Furniture,Furnishings,"Master Caster Door Stop, Large Brown",36.4,5,0.0,13.832
CA-2012-119508,2017-12-04,2017-12-09,Standard Class,TZ-21580,Tracy Zic,Consumer,Lakewood,California,90712,OFF-AR-10003723,Office Supplies,Art,Avery Hi-Liter Fluorescent Desk Style Markers,16.9,5,0.0,6.253
CA-2012-119508,2017-12-04,2017-12-09,Standard Class,TZ-21580,Tracy Zic,Consumer,Lakewood,California,90712,FUR-FU-10004270,Furniture,Furnishings,"Eldon Image Series Desk Accessories, Burgundy",25.08,6,0.0,9.0288
CA-2012-156440,2017-12-05,2017-12-09,Standard Class,MH-17620,Matt Hagelstein,Corporate,San Diego,California,92105,FUR-FU-10004090,Furniture,Furnishings,"Executive Impressions 14"" Contract Wall Clock",44.46,2,0.0,14.671799999999998
CA-2012-149566,2017-12-05,2017-12-10,Standard Class,GB-14530,George Bell,Corporate,Los Angeles,California,90049,TEC-AC-10001266,Technology,Accessories,Memorex Micro Travel Drive 8 GB,39.0,3,0.0,17.549999999999997
CA-2012-149566,2017-12-05,2017-12-10,Standard Class,GB-14530,George Bell,Corporate,Los Angeles,California,90049,OFF-LA-10000452,Office Supplies,Labels,Avery 488,12.6,4,0.0,6.048
CA-2012-143490,2017-12-06,2017-12-13,Standard Class,NP-18325,Naresj Patel,Consumer,San Diego,California,92105,OFF-AR-10002952,Office Supplies,Art,Stanley Contemporary Battery Pencil Sharpeners,120.14999999999999,9,0.0,33.641999999999996
CA-2012-143490,2017-12-06,2017-12-13,Standard Class,NP-18325,Naresj Patel,Consumer,San Diego,California,92105,TEC-PH-10000576,Technology,Phones,AT&T 1080 Corded phone,219.18400000000003,2,0.2,19.178600000000003
CA-2012-144806,2017-12-06,2017-12-11,Standard Class,GH-14425,Gary Hwang,Consumer,Tucson,Arizona,85705,FUR-FU-10002253,Furniture,Furnishings,"Howard Miller 13"" Diameter Pewter Finish Round Wall Clock",206.11199999999997,6,0.2,48.95160000000001
CA-2012-144806,2017-12-06,2017-12-11,Standard Class,GH-14425,Gary Hwang,Consumer,Tucson,Arizona,85705,OFF-PA-10002586,Office Supplies,Paper,Xerox 1970,19.92,5,0.2,6.723000000000001
CA-2012-144806,2017-12-06,2017-12-11,Standard Class,GH-14425,Gary Hwang,Consumer,Tucson,Arizona,85705,OFF-PA-10003039,Office Supplies,Paper,Xerox 1960,198.27200000000002,8,0.2,61.95999999999999
CA-2012-144806,2017-12-06,2017-12-11,Standard Class,GH-14425,Gary Hwang,Consumer,Tucson,Arizona,85705,OFF-ST-10004804,Office Supplies,Storage,"Belkin 19"" Vented Equipment Shelf, Black",247.10399999999998,6,0.2,-58.68719999999999
CA-2012-144806,2017-12-06,2017-12-11,Standard Class,GH-14425,Gary Hwang,Consumer,Tucson,Arizona,85705,OFF-AR-10004042,Office Supplies,Art,"BOSTON Model 1800 Electric Pencil Sharpeners, Putty/Woodgrain",86.304,6,0.2,9.709199999999989
CA-2012-148628,2017-12-06,2017-12-11,Standard Class,KM-16375,Katherine Murray,Home Office,Thousand Oaks,California,91360,OFF-PA-10003883,Office Supplies,Paper,"Message Book, Phone, Wirebound Standard Line Memo, 2 3/4"" X 5""",32.75,5,0.0,15.065
US-2012-114741,2017-12-06,2017-12-10,Standard Class,IL-15100,Ivan Liston,Consumer,North Las Vegas,Nevada,89031,OFF-PA-10000048,Office Supplies,Paper,Xerox 20,6.48,1,0.0,3.1104000000000003
US-2012-114741,2017-12-06,2017-12-10,Standard Class,IL-15100,Ivan Liston,Consumer,North Las Vegas,Nevada,89031,OFF-ST-10000078,Office Supplies,Storage,Tennsco 6- and 18-Compartment Lockers,1325.8500000000001,5,0.0,238.6529999999999
US-2012-114741,2017-12-06,2017-12-10,Standard Class,IL-15100,Ivan Liston,Consumer,North Las Vegas,Nevada,89031,OFF-LA-10004853,Office Supplies,Labels,Avery 483,14.940000000000001,3,0.0,6.8724
CA-2012-168634,2017-12-06,2017-12-11,Standard Class,AF-10870,Art Ferguson,Consumer,San Francisco,California,94109,OFF-AP-10001626,Office Supplies,Appliances,"Commercial WindTunnel Clean Air Upright Vacuum, Replacement Belts, Filtration Bags",7.78,2,0.0,2.0228
CA-2012-136700,2017-12-06,2017-12-11,Second Class,DB-13120,David Bremer,Corporate,Santa Barbara,California,93101,OFF-PA-10004519,Office Supplies,Paper,Spiral Phone Message Books with Labels by Adams,8.96,2,0.0,4.3904000000000005
CA-2012-130736,2017-12-07,2017-12-09,First Class,JF-15490,Jeremy Farry,Consumer,Seattle,Washington,98105,OFF-FA-10003467,Office Supplies,Fasteners,"Alliance Big Bands Rubber Bands, 12/Pack",3.96,2,0.0,0.0
CA-2012-130736,2017-12-07,2017-12-09,First Class,JF-15490,Jeremy Farry,Consumer,Seattle,Washington,98105,OFF-LA-10000634,Office Supplies,Labels,Avery 509,2.61,1,0.0,1.2006
CA-2012-135272,2017-12-07,2017-12-12,Standard Class,MS-17830,Melanie Seite,Consumer,Los Angeles,California,90036,FUR-FU-10002759,Furniture,Furnishings,12-1/2 Diameter Round Wall Clock,79.92,4,0.0,28.7712
US-2012-120957,2017-12-07,2017-12-07,Same Day,KH-16690,Kristen Hastings,Corporate,Riverside,California,92503,OFF-PA-10003953,Office Supplies,Paper,Xerox 218,12.96,2,0.0,6.2208000000000006
CA-2012-129532,2017-12-08,2017-12-12,Standard Class,YS-21880,Yana Sorensen,Corporate,Los Angeles,California,90036,OFF-ST-10004186,Office Supplies,Storage,"Stur-D-Stor Shelving, Vertical 5-Shelf: 72""H x 36""W x 18 1/2""D",221.96,2,0.0,4.4392
CA-2012-129532,2017-12-08,2017-12-12,Standard Class,YS-21880,Yana Sorensen,Corporate,Los Angeles,California,90036,TEC-AC-10000865,Technology,Accessories,WD My Passport Ultra 500GB Portable External Hard Drive,236.0,4,0.0,40.119999999999976
CA-2012-156118,2017-12-08,2017-12-12,Standard Class,HG-14965,Henry Goldwyn,Corporate,Colorado Springs,Colorado,80906,OFF-PA-10000533,Office Supplies,Paper,Southworth Parchment Paper & Envelopes,15.696000000000002,3,0.2,5.1011999999999995
CA-2012-115693,2017-12-10,2017-12-15,Standard Class,FC-14245,Frank Carlisle,Home Office,Los Angeles,California,90032,OFF-AR-10003582,Office Supplies,Art,"Boston Electric Pencil Sharpener, Model 1818, Charcoal Black",56.3,2,0.0,15.764000000000003
CA-2012-127502,2017-12-10,2017-12-14,Standard Class,MT-17815,Meg Tillman,Consumer,San Francisco,California,94110,OFF-LA-10001613,Office Supplies,Labels,Avery File Folder Labels,5.76,2,0.0,2.8224
CA-2012-104346,2017-12-11,2017-12-16,Standard Class,IM-15070,Irene Maddox,Consumer,Colorado Springs,Colorado,80906,OFF-AR-10001473,Office Supplies,Art,Newell 313,13.120000000000001,5,0.2,1.1480000000000006
CA-2012-104346,2017-12-11,2017-12-16,Standard Class,IM-15070,Irene Maddox,Consumer,Colorado Springs,Colorado,80906,FUR-BO-10003450,Furniture,Bookcases,"Bush Westfield Collection Bookcases, Dark Cherry Finish",69.57600000000001,4,0.7,-143.7904
CA-2012-104346,2017-12-11,2017-12-16,Standard Class,IM-15070,Irene Maddox,Consumer,Colorado Springs,Colorado,80906,OFF-AR-10001545,Office Supplies,Art,Newell 326,4.224,3,0.2,0.47519999999999984
CA-2012-104346,2017-12-11,2017-12-16,Standard Class,IM-15070,Irene Maddox,Consumer,Colorado Springs,Colorado,80906,TEC-AC-10004396,Technology,Accessories,Logitech Keyboard K120,58.08,4,0.2,-6.533999999999995
CA-2012-104346,2017-12-11,2017-12-16,Standard Class,IM-15070,Irene Maddox,Consumer,Colorado Springs,Colorado,80906,FUR-FU-10002456,Furniture,Furnishings,"Master Caster Door Stop, Large Neon Orange",52.416000000000004,9,0.2,15.069600000000007
CA-2012-104346,2017-12-11,2017-12-16,Standard Class,IM-15070,Irene Maddox,Consumer,Colorado Springs,Colorado,80906,FUR-FU-10001473,Furniture,Furnishings,DAX Wood Document Frame,54.92000000000001,5,0.2,10.983999999999996
CA-2012-104346,2017-12-11,2017-12-16,Standard Class,IM-15070,Irene Maddox,Consumer,Colorado Springs,Colorado,80906,FUR-TA-10000849,Furniture,Tables,Bevis Rectangular Conference Tables,364.95,5,0.5,-248.16599999999994
CA-2012-104346,2017-12-11,2017-12-16,Standard Class,IM-15070,Irene Maddox,Consumer,Colorado Springs,Colorado,80906,OFF-PA-10001166,Office Supplies,Paper,Xerox 1932,85.056,3,0.2,28.70639999999999
CA-2012-104346,2017-12-11,2017-12-16,Standard Class,IM-15070,Irene Maddox,Consumer,Colorado Springs,Colorado,80906,OFF-PA-10003256,Office Supplies,Paper,Avery Personal Creations Heavyweight Cards,27.695999999999998,3,0.2,9.693599999999996
CA-2012-134082,2017-12-11,2017-12-17,Standard Class,JK-15640,Jim Kriz,Home Office,San Bernardino,California,92404,OFF-BI-10004230,Office Supplies,Binders,GBC Recycled Grain Textured Covers,110.528,4,0.2,38.684799999999996
CA-2012-154620,2017-12-12,2017-12-16,Standard Class,LT-17110,Liz Thompson,Consumer,Lancaster,California,93534,FUR-CH-10004675,Furniture,Chairs,"Lifetime Advantage Folding Chairs, 4/Carton",348.92800000000005,2,0.2,34.89279999999998
CA-2012-145065,2017-12-12,2017-12-15,First Class,DK-13375,Dennis Kane,Consumer,San Diego,California,92105,OFF-FA-10001229,Office Supplies,Fasteners,Staples,7.86,2,0.0,3.6155999999999997
CA-2012-145065,2017-12-12,2017-12-15,First Class,DK-13375,Dennis Kane,Consumer,San Diego,California,92105,OFF-BI-10002437,Office Supplies,Binders,Recycled Premium Regency Composition Covers,24.448,2,0.2,8.8624
CA-2012-155586,2017-12-12,2017-12-16,Second Class,XP-21865,Xylona Preis,Consumer,Chico,California,95928,OFF-AR-10001547,Office Supplies,Art,Newell 311,2.21,1,0.0,0.5967
CA-2012-155586,2017-12-12,2017-12-16,Second Class,XP-21865,Xylona Preis,Consumer,Chico,California,95928,OFF-EN-10003072,Office Supplies,Envelopes,Peel & Seel Envelopes,15.52,4,0.0,7.4496
CA-2012-155586,2017-12-12,2017-12-16,Second Class,XP-21865,Xylona Preis,Consumer,Chico,California,95928,OFF-PA-10000726,Office Supplies,Paper,"Black Print Carbonless Snap-Off Rapid Letter, 8 1/2"" x 7""",36.44,4,0.0,16.397999999999996
CA-2012-134075,2017-12-12,2017-12-16,Standard Class,HA-14905,Helen Abelman,Consumer,San Jose,California,95123,FUR-FU-10004597,Furniture,Furnishings,Eldon Cleatmat Chair Mats for Medium Pile Carpets,166.5,3,0.0,21.64500000000001
CA-2012-134075,2017-12-12,2017-12-16,Standard Class,HA-14905,Helen Abelman,Consumer,San Jose,California,95123,OFF-ST-10001496,Office Supplies,Storage,Standard Rollaway File with Lock,360.38,2,0.0,93.6988
CA-2012-127481,2017-12-12,2017-12-15,Second Class,JD-15895,Jonathan Doherty,Corporate,Las Vegas,Nevada,89115,OFF-PA-10002036,Office Supplies,Paper,Xerox 1930,32.400000000000006,5,0.0,15.876000000000001
CA-2012-127481,2017-12-12,2017-12-15,Second Class,JD-15895,Jonathan Doherty,Corporate,Las Vegas,Nevada,89115,OFF-PA-10002377,Office Supplies,Paper,Xerox 1916,97.88,2,0.0,48.94
CA-2012-110870,2017-12-12,2017-12-15,First Class,KD-16270,Karen Daniels,Consumer,Los Angeles,California,90032,TEC-AC-10002926,Technology,Accessories,Logitech Wireless Marathon Mouse M705,299.94,6,0.0,128.97420000000002
CA-2012-110870,2017-12-12,2017-12-15,First Class,KD-16270,Karen Daniels,Consumer,Los Angeles,California,90032,OFF-SU-10001225,Office Supplies,Supplies,Staple remover,25.76,7,0.0,0.5151999999999992
CA-2012-148250,2017-12-13,2017-12-17,Standard Class,RP-19270,Rachel Payne,Corporate,Riverside,California,92503,OFF-PA-10000289,Office Supplies,Paper,Xerox 213,12.96,2,0.0,6.2208000000000006
CA-2012-148250,2017-12-13,2017-12-17,Standard Class,RP-19270,Rachel Payne,Corporate,Riverside,California,92503,OFF-AP-10003040,Office Supplies,Appliances,Fellowes 8 Outlet Superior Workstation Surge Protector w/o Phone/Fax/Modem Protection,134.48,4,0.0,34.9648
CA-2012-125423,2017-12-13,2017-12-15,Second Class,MC-17575,Matt Collins,Consumer,Los Angeles,California,90036,OFF-LA-10001771,Office Supplies,Labels,Avery 513,9.96,2,0.0,4.5816
CA-2012-157770,2017-12-13,2017-12-15,First Class,RD-19585,Rob Dowd,Consumer,Temecula,California,92592,TEC-PH-10001530,Technology,Phones,Plantronics Voyager Pro Legend,494.3760000000001,3,0.2,49.437599999999975
CA-2012-157770,2017-12-13,2017-12-15,First Class,RD-19585,Rob Dowd,Consumer,Temecula,California,92592,OFF-BI-10000050,Office Supplies,Binders,"Angle-D Binders with Locking Rings, Label Holders",29.2,5,0.2,9.854999999999997
CA-2012-157770,2017-12-13,2017-12-15,First Class,RD-19585,Rob Dowd,Consumer,Temecula,California,92592,TEC-AC-10001552,Technology,Accessories,Logitech K350 2.4Ghz Wireless Keyboard,248.85000000000002,5,0.0,27.373499999999993
CA-2012-157770,2017-12-13,2017-12-15,First Class,RD-19585,Rob Dowd,Consumer,Temecula,California,92592,TEC-AC-10003399,Technology,Accessories,Memorex Mini Travel Drive 64 GB USB 2.0 Flash Drive,36.24,1,0.0,15.2208
CA-2012-123232,2017-12-14,2017-12-16,Second Class,DJ-13630,Doug Jacobs,Consumer,Portland,Oregon,97206,TEC-PH-10001051,Technology,Phones,HTC One,319.968,4,0.2,35.99639999999995
CA-2012-146696,2017-12-14,2017-12-19,Standard Class,RD-19480,Rick Duston,Consumer,San Diego,California,92105,OFF-BI-10002432,Office Supplies,Binders,Wilson Jones Standard D-Ring Binders,8.096,2,0.2,2.7323999999999993
CA-2012-130253,2017-12-14,2017-12-18,Standard Class,PP-18955,Paul Prost,Home Office,Los Angeles,California,90036,FUR-FU-10002963,Furniture,Furnishings,"Master Caster Door Stop, Gray",15.24,3,0.0,5.1815999999999995
CA-2012-114048,2017-12-14,2017-12-18,Standard Class,EH-13945,Eric Hoffmann,Consumer,Costa Mesa,California,92627,FUR-FU-10004351,Furniture,Furnishings,Staple-based wall hangings,29.22,3,0.0,12.856800000000002
CA-2012-126347,2017-12-14,2017-12-19,Second Class,AJ-10945,Ashley Jarboe,Consumer,Los Angeles,California,90045,TEC-AC-10003063,Technology,Accessories,Micro Innovations USB RF Wireless Keyboard with Mouse,50.0,2,0.0,10.5
CA-2012-141593,2017-12-14,2017-12-16,Second Class,DB-12970,Darren Budd,Corporate,Los Angeles,California,90045,OFF-BI-10001153,Office Supplies,Binders,Ibico Recycled Grain-Textured Covers,55.264,2,0.2,20.723999999999997
CA-2012-141593,2017-12-14,2017-12-16,Second Class,DB-12970,Darren Budd,Corporate,Los Angeles,California,90045,OFF-PA-10004983,Office Supplies,Paper,Xerox 23,6.48,1,0.0,3.1104000000000003
CA-2012-141593,2017-12-14,2017-12-16,Second Class,DB-12970,Darren Budd,Corporate,Los Angeles,California,90045,OFF-BI-10000948,Office Supplies,Binders,"GBC Laser Imprintable Binding System Covers, Desert Sand",34.248000000000005,3,0.2,11.558699999999998
CA-2012-141593,2017-12-14,2017-12-16,Second Class,DB-12970,Darren Budd,Corporate,Los Angeles,California,90045,FUR-TA-10002622,Furniture,Tables,"Bush Andora Conference Table, Maple/Graphite Gray Finish",273.568,2,0.2,10.258800000000008
CA-2012-109638,2017-12-15,2017-12-22,Standard Class,JH-15985,Joseph Holt,Consumer,Seattle,Washington,98115,OFF-AP-10002472,Office Supplies,Appliances,3M Office Air Cleaner,103.92,4,0.0,36.372
CA-2012-109638,2017-12-15,2017-12-22,Standard Class,JH-15985,Joseph Holt,Consumer,Seattle,Washington,98115,TEC-AC-10004571,Technology,Accessories,Logitech G700s Rechargeable Gaming Mouse,899.91,9,0.0,377.96220000000005
CA-2012-109638,2017-12-15,2017-12-22,Standard Class,JH-15985,Joseph Holt,Consumer,Seattle,Washington,98115,OFF-BI-10001098,Office Supplies,Binders,Acco D-Ring Binder w/DublLock,51.312,3,0.2,18.600599999999996
CA-2012-162544,2017-12-16,2017-12-19,First Class,SG-20080,Sandra Glassco,Consumer,Seattle,Washington,98105,OFF-PA-10004948,Office Supplies,Paper,Xerox 190,4.98,1,0.0,2.3406000000000002
CA-2012-134117,2017-12-17,2017-12-19,Second Class,PG-18895,Paul Gonzalez,Consumer,Los Angeles,California,90008,OFF-AR-10003903,Office Supplies,Art,Sanford 52201 APSCO Electric Pencil Sharpener,204.85,5,0.0,53.261
CA-2012-134117,2017-12-17,2017-12-19,Second Class,PG-18895,Paul Gonzalez,Consumer,Los Angeles,California,90008,TEC-PH-10004908,Technology,Phones,Panasonic KX TS3282W Corded phone,135.984,2,0.2,16.997999999999983
CA-2012-134117,2017-12-17,2017-12-19,Second Class,PG-18895,Paul Gonzalez,Consumer,Los Angeles,California,90008,OFF-AR-10001940,Office Supplies,Art,"Sanford Colorific Eraseable Coloring Pencils, 12 Count",16.4,5,0.0,7.0520000000000005
CA-2012-134117,2017-12-17,2017-12-19,Second Class,PG-18895,Paul Gonzalez,Consumer,Los Angeles,California,90008,OFF-BI-10002026,Office Supplies,Binders,Avery Arch Ring Binders,92.96000000000001,2,0.2,31.373999999999995
CA-2012-107468,2017-12-18,2017-12-22,Standard Class,MK-17905,Michael Kennedy,Corporate,Louisville,Colorado,80027,OFF-AR-10000634,Office Supplies,Art,Newell 320,6.848000000000001,2,0.2,0.5992000000000002
CA-2012-157084,2017-12-19,2017-12-24,Standard Class,JG-15160,James Galang,Consumer,Los Angeles,California,90049,TEC-PH-10002922,Technology,Phones,ShoreTel ShorePhone IP 230 VoIP phone,675.96,5,0.2,84.49499999999995
CA-2012-157084,2017-12-19,2017-12-24,Standard Class,JG-15160,James Galang,Consumer,Los Angeles,California,90049,TEC-AC-10002049,Technology,Accessories,Plantronics Savi W720 Multi-Device Wireless Headset System,1265.85,3,0.0,556.974
CA-2012-154795,2017-12-20,2017-12-24,Standard Class,GZ-14470,Gary Zandusky,Consumer,Bullhead City,Arizona,86442,OFF-EN-10003068,Office Supplies,Envelopes,#6 3/4 Gummed Flap White Envelopes,7.920000000000001,1,0.2,2.7719999999999994
CA-2012-154795,2017-12-20,2017-12-24,Standard Class,GZ-14470,Gary Zandusky,Consumer,Bullhead City,Arizona,86442,FUR-FU-10002088,Furniture,Furnishings,Nu-Dell Float Frame 11 x 14 1/2,14.368000000000002,2,0.2,3.9512
CA-2012-158918,2017-12-20,2017-12-25,Second Class,AI-10855,Arianne Irving,Consumer,Los Angeles,California,90036,OFF-PA-10004947,Office Supplies,Paper,Easy-staple paper,17.12,4,0.0,7.703999999999999
US-2012-126214,2017-12-21,2017-12-24,Second Class,JS-15880,John Stevenson,Consumer,Seattle,Washington,98103,FUR-TA-10003748,Furniture,Tables,Bevis 36 x 72 Conference Tables,1618.37,13,0.0,356.04139999999995
US-2012-126214,2017-12-21,2017-12-24,Second Class,JS-15880,John Stevenson,Consumer,Seattle,Washington,98103,TEC-AC-10003198,Technology,Accessories,Enermax Acrylux Wireless Keyboard,99.6,1,0.0,36.852
CA-2012-127019,2017-12-21,2017-12-25,Standard Class,ER-13855,Elpida Rittenbach,Corporate,Colorado Springs,Colorado,80906,OFF-AP-10003971,Office Supplies,Appliances,Belkin 6 Outlet Metallic Surge Strip,60.98400000000001,7,0.2,4.5737999999999985
US-2012-103471,2017-12-24,2017-12-28,Standard Class,JR-15670,Jim Radford,Consumer,Colorado Springs,Colorado,80906,FUR-BO-10002613,Furniture,Bookcases,"Atlantic Metals Mobile 4-Shelf Bookcases, Custom Colors",590.0580000000001,7,0.7,-786.7440000000003
US-2012-103471,2017-12-24,2017-12-28,Standard Class,JR-15670,Jim Radford,Consumer,Colorado Springs,Colorado,80906,OFF-AR-10003405,Office Supplies,Art,"Dixon My First Ticonderoga Pencil, #2",14.04,3,0.2,1.5794999999999986
CA-2012-120103,2017-12-24,2017-12-29,Standard Class,MS-17365,Maribeth Schnelling,Consumer,Phoenix,Arizona,85023,OFF-PA-10001295,Office Supplies,Paper,Computer Printout Paper with Letter-Trim Perforations,106.232,7,0.2,37.1812
CA-2012-120103,2017-12-24,2017-12-29,Standard Class,MS-17365,Maribeth Schnelling,Consumer,Phoenix,Arizona,85023,TEC-PH-10002170,Technology,Phones,ClearSounds CSC500 Amplified Spirit Phone Corded phone,111.984,2,0.2,11.198400000000003
CA-2012-120103,2017-12-24,2017-12-29,Standard Class,MS-17365,Maribeth Schnelling,Consumer,Phoenix,Arizona,85023,FUR-FU-10002885,Furniture,Furnishings,Magna Visual Magnetic Picture Hangers,7.712000000000001,2,0.2,1.7352000000000005
CA-2012-135538,2017-12-24,2017-12-28,Standard Class,HR-14830,Harold Ryan,Corporate,Gilbert,Arizona,85234,FUR-CH-10004287,Furniture,Chairs,SAFCO Arco Folding Chair,883.84,4,0.2,99.43199999999993
CA-2012-158456,2017-12-24,2017-12-29,Standard Class,KT-16465,Kean Takahito,Consumer,Los Angeles,California,90032,OFF-BI-10001097,Office Supplies,Binders,Avery Hole Reinforcements,19.936000000000003,4,0.2,7.2268
CA-2012-158456,2017-12-24,2017-12-29,Standard Class,KT-16465,Kean Takahito,Consumer,Los Angeles,California,90032,OFF-FA-10004854,Office Supplies,Fasteners,"Vinyl Coated Wire Paper Clips in Organizer Box, 800/Box",45.92,4,0.0,21.5824
CA-2012-111780,2017-12-25,2017-12-30,Second Class,RA-19285,Ralph Arnett,Consumer,San Diego,California,92037,TEC-CO-10004202,Technology,Copiers,Brother DCP1000 Digital 3 in 1 Multifunction Machine,1199.96,5,0.2,224.99249999999995
CA-2012-111780,2017-12-25,2017-12-30,Second Class,RA-19285,Ralph Arnett,Consumer,San Diego,California,92037,OFF-PA-10001307,Office Supplies,Paper,"Important Message Pads, 50 4-1/4 x 5-1/2 Forms per Pad",12.600000000000001,3,0.0,6.1739999999999995
CA-2012-111780,2017-12-25,2017-12-30,Second Class,RA-19285,Ralph Arnett,Consumer,San Diego,California,92037,OFF-PA-10001667,Office Supplies,Paper,Great White Multi-Use Recycled Paper (20Lb. and 84 Bright),17.94,3,0.0,8.073
CA-2012-144890,2017-12-25,2017-12-29,Standard Class,SM-20320,Sean Miller,Home Office,Los Angeles,California,90049,OFF-PA-10001526,Office Supplies,Paper,Xerox 1949,9.96,2,0.0,4.880400000000001
CA-2012-148376,2017-12-27,2017-12-31,Standard Class,AG-10900,Arthur Gainer,Consumer,Los Angeles,California,90008,OFF-AP-10000240,Office Supplies,Appliances,Belkin F9G930V10-GRY 9 Outlet Surge,106.96,2,0.0,31.018399999999986
CA-2012-148376,2017-12-27,2017-12-31,Standard Class,AG-10900,Arthur Gainer,Consumer,Los Angeles,California,90008,OFF-LA-10002381,Office Supplies,Labels,Avery 497,21.560000000000002,7,0.0,10.348799999999999
CA-2012-155145,2017-12-27,2017-12-29,Second Class,KN-16450,Kean Nguyen,Corporate,Visalia,California,93277,TEC-AC-10003709,Technology,Accessories,Maxell 4.7GB DVD-R 5/Pack,7.92,8,0.0,3.484800000000001
CA-2012-130113,2017-12-27,2017-12-31,Standard Class,AH-10030,Aaron Hawkins,Corporate,San Francisco,California,94122,OFF-ST-10000046,Office Supplies,Storage,Fellowes Super Stor/Drawer Files,323.1,2,0.0,61.38900000000001
CA-2012-130113,2017-12-27,2017-12-31,Standard Class,AH-10030,Aaron Hawkins,Corporate,San Francisco,California,94122,TEC-PH-10003505,Technology,Phones,Geemarc AmpliPOWER60,668.16,9,0.2,75.16799999999992
CA-2012-135580,2017-12-30,2018-01-03,Standard Class,CL-12565,Clay Ludtke,Consumer,Los Angeles,California,90049,OFF-PA-10000595,Office Supplies,Paper,Xerox 1929,68.52,3,0.0,31.519199999999998
CA-2012-135580,2017-12-30,2018-01-03,Standard Class,CL-12565,Clay Ludtke,Consumer,Los Angeles,California,90049,OFF-ST-10000798,Office Supplies,Storage,2300 Heavy-Duty Transfer File Systems by Perma,74.94,3,0.0,14.238599999999995
CA-2012-135580,2017-12-30,2018-01-03,Standard Class,CL-12565,Clay Ludtke,Consumer,Los Angeles,California,90049,TEC-MA-10004002,Technology,Machines,Zebra GX420t Direct Thermal/Thermal Transfer Printer,2548.5600000000004,6,0.2,286.7129999999996
CA-2012-135580,2017-12-30,2018-01-03,Standard Class,CL-12565,Clay Ludtke,Consumer,Los Angeles,California,90049,OFF-EN-10003296,Office Supplies,Envelopes,Tyvek Side-Opening Peel & Seel Expanding Envelopes,271.44,3,0.0,122.148
CA-2012-135580,2017-12-30,2018-01-03,Standard Class,CL-12565,Clay Ludtke,Consumer,Los Angeles,California,90049,TEC-PH-10004345,Technology,Phones,Cisco SPA 502G IP Phone,287.88,3,0.2,35.985
CA-2012-109197,2017-12-31,2018-01-04,Standard Class,JO-15280,Jas O'Carroll,Consumer,Missoula,Montana,59801,OFF-BI-10004632,Office Supplies,Binders,Ibico Hi-Tech Manual Binding System,487.98400000000004,2,0.2,152.49499999999998
CA-2013-125206,2018-01-03,2018-01-05,First Class,LR-16915,Lena Radford,Consumer,Los Angeles,California,90045,OFF-ST-10003692,Office Supplies,Storage,Recycled Steel Personal File for Hanging File Folders,114.46,2,0.0,28.614999999999995
CA-2013-101938,2018-01-07,2018-01-12,Standard Class,DW-13480,Dianna Wilson,Home Office,Oakland,California,94601,OFF-AR-10003696,Office Supplies,Art,Panasonic KP-350BK Electric Pencil Sharpener with Auto Stop,34.58,1,0.0,10.028199999999998
CA-2013-108882,2018-01-09,2018-01-15,Standard Class,LA-16780,Laura Armstrong,Corporate,Fresno,California,93727,TEC-AC-10000420,Technology,Accessories,Logitech G500s Laser Gaming Mouse with Adjustable Weight Tuning,349.95,5,0.0,118.98299999999999
CA-2013-108882,2018-01-09,2018-01-15,Standard Class,LA-16780,Laura Armstrong,Corporate,Fresno,California,93727,TEC-PH-10002726,Technology,Phones,netTALK DUO VoIP Telephone Service,377.92800000000005,9,0.2,141.723
CA-2013-116547,2018-01-10,2018-01-17,Standard Class,KB-16585,Ken Black,Corporate,Seattle,Washington,98115,FUR-FU-10000076,Furniture,Furnishings,24-Hour Round Wall Clock,79.92,4,0.0,34.36560000000001
CA-2013-116547,2018-01-10,2018-01-17,Standard Class,KB-16585,Ken Black,Corporate,Seattle,Washington,98115,TEC-AC-10002335,Technology,Accessories,Logitech Media Keyboard K200,69.98,2,0.0,13.296199999999999
CA-2013-163937,2018-01-10,2018-01-13,Second Class,JB-16000,Joy Bell-,Consumer,Longview,Washington,98632,FUR-FU-10000010,Furniture,Furnishings,"DAX Value U-Channel Document Frames, Easel Back",24.849999999999998,5,0.0,7.703499999999998
CA-2013-121755,2018-01-16,2018-01-20,Second Class,EH-13945,Eric Hoffmann,Consumer,Los Angeles,California,90049,OFF-BI-10001634,Office Supplies,Binders,Wilson Jones Active Use Binders,11.648000000000001,2,0.2,4.2224
CA-2013-121755,2018-01-16,2018-01-20,Second Class,EH-13945,Eric Hoffmann,Consumer,Los Angeles,California,90049,TEC-AC-10003027,Technology,Accessories,Imation 8GB Mini TravelDrive USB 2.0 Flash Drive,90.57000000000001,3,0.0,11.774100000000004
US-2013-167339,2018-01-21,2018-01-23,Second Class,TD-20995,Tamara Dahlen,Consumer,San Diego,California,92037,FUR-CH-10004289,Furniture,Chairs,Global Super Steno Chair,153.568,2,0.2,-5.758800000000015
US-2013-167339,2018-01-21,2018-01-23,Second Class,TD-20995,Tamara Dahlen,Consumer,San Diego,California,92037,FUR-CH-10000785,Furniture,Chairs,Global Ergonomic Managers Chair,1013.4879999999999,7,0.2,76.01160000000002
CA-2013-138079,2018-01-22,2018-01-28,Standard Class,AJ-10795,Anthony Johnson,Corporate,Seattle,Washington,98115,FUR-FU-10001475,Furniture,Furnishings,"Contract Clock, 14"", Brown",109.9,5,0.0,37.366
CA-2013-146318,2018-01-22,2018-01-27,Standard Class,MC-17275,Marc Crier,Consumer,Seattle,Washington,98105,OFF-PA-10003953,Office Supplies,Paper,Xerox 218,12.96,2,0.0,6.2208000000000006
CA-2013-125850,2018-01-22,2018-01-28,Standard Class,FP-14320,Frank Preis,Consumer,San Diego,California,92037,OFF-LA-10003498,Office Supplies,Labels,Avery 475,44.400000000000006,3,0.0,22.200000000000003
CA-2013-125850,2018-01-22,2018-01-28,Standard Class,FP-14320,Frank Preis,Consumer,San Diego,California,92037,OFF-LA-10004484,Office Supplies,Labels,Avery 476,20.65,5,0.0,9.498999999999999
CA-2013-113656,2018-01-23,2018-01-29,Standard Class,CB-12415,Christy Brittain,Consumer,Los Angeles,California,90036,FUR-FU-10000719,Furniture,Furnishings,"DAX Cubicle Frames, 8-1/2 x 11",59.99,7,0.0,21.596400000000003
CA-2013-146437,2018-01-28,2018-02-01,Second Class,HG-14965,Henry Goldwyn,Corporate,Los Angeles,California,90036,OFF-AR-10000588,Office Supplies,Art,Newell 345,39.68,2,0.0,10.3168
CA-2013-164483,2018-01-30,2018-02-03,Standard Class,JF-15490,Jeremy Farry,Consumer,San Francisco,California,94122,OFF-BI-10000014,Office Supplies,Binders,Heavy-Duty E-Z-D Binders,17.456,2,0.2,5.8914
CA-2013-153661,2018-01-30,2018-01-31,First Class,SC-20725,Steven Cartwright,Consumer,San Francisco,California,94122,OFF-ST-10000675,Office Supplies,Storage,"File Shuttle II and Handi-File, Black",305.01,9,0.0,76.2525
CA-2013-153661,2018-01-30,2018-01-31,First Class,SC-20725,Steven Cartwright,Consumer,San Francisco,California,94122,OFF-BI-10004781,Office Supplies,Binders,GBC Wire Binding Strips,50.784,2,0.2,17.7744
CA-2013-153661,2018-01-30,2018-01-31,First Class,SC-20725,Steven Cartwright,Consumer,San Francisco,California,94122,OFF-LA-10004689,Office Supplies,Labels,Avery 512,26.01,9,0.0,12.2247
US-2013-166660,2018-01-30,2018-02-01,Second Class,TB-21250,Tim Brockman,Consumer,Seattle,Washington,98103,FUR-CH-10001190,Furniture,Chairs,Global Deluxe High-Back Office Chair in Storm,435.16800000000006,4,0.2,-59.83560000000004
US-2013-166660,2018-01-30,2018-02-01,Second Class,TB-21250,Tim Brockman,Consumer,Seattle,Washington,98103,FUR-BO-10000468,Furniture,Bookcases,O'Sullivan 2-Shelf Heavy-Duty Bookcases,48.58,1,0.0,7.772800000000004
CA-2013-129238,2018-01-31,2018-02-04,Standard Class,SC-20050,Sample Company A,Home Office,Los Angeles,California,90045,TEC-PH-10004120,Technology,Phones,AT&T 1080 Phone,109.59200000000001,1,0.2,8.2194
CA-2013-129238,2018-01-31,2018-02-04,Standard Class,SC-20050,Sample Company A,Home Office,Los Angeles,California,90045,OFF-PA-10002764,Office Supplies,Paper,Easy-staple paper,56.7,5,0.0,27.782999999999998
CA-2013-154067,2018-02-01,2018-02-07,Standard Class,SM-20950,Suzanne McNair,Corporate,Los Angeles,California,90036,OFF-PA-10002254,Office Supplies,Paper,Xerox 1883,105.52,4,0.0,48.539199999999994
CA-2013-117912,2018-02-04,2018-02-08,Standard Class,TB-21520,Tracy Blumstein,Consumer,Sierra Vista,Arizona,85635,FUR-FU-10002088,Furniture,Furnishings,Nu-Dell Float Frame 11 x 14 1/2,14.368000000000002,2,0.2,3.9512
CA-2013-101189,2018-02-04,2018-02-09,Standard Class,JB-15400,Jennifer Braxton,Corporate,Los Angeles,California,90049,OFF-ST-10004180,Office Supplies,Storage,Safco Commercial Shelving,93.02,2,0.0,3.720799999999997
CA-2013-100993,2018-02-05,2018-02-10,Standard Class,AZ-10750,Annie Zypern,Consumer,San Diego,California,92037,OFF-LA-10003223,Office Supplies,Labels,Avery 508,14.73,3,0.0,7.2177
CA-2013-100993,2018-02-05,2018-02-10,Standard Class,AZ-10750,Annie Zypern,Consumer,San Diego,California,92037,OFF-ST-10004340,Office Supplies,Storage,"Fellowes Mobile File Cart, Black",186.54,3,0.0,50.36580000000001
CA-2013-100993,2018-02-05,2018-02-10,Standard Class,AZ-10750,Annie Zypern,Consumer,San Diego,California,92037,FUR-TA-10001095,Furniture,Tables,Chromcraft Round Conference Tables,557.728,4,0.2,6.971599999999995
CA-2013-100993,2018-02-05,2018-02-10,Standard Class,AZ-10750,Annie Zypern,Consumer,San Diego,California,92037,TEC-PH-10001448,Technology,Phones,Anker Astro 15000mAh USB Portable Charger,159.96800000000002,4,0.2,-31.99360000000003
CA-2013-135461,2018-02-07,2018-02-10,Second Class,EB-13975,Erica Bern,Corporate,Los Angeles,California,90049,TEC-PH-10004094,Technology,Phones,Motorola L703CM,623.96,5,0.2,38.9975
US-2013-112396,2018-02-09,2018-02-13,Standard Class,JR-16210,Justin Ritter,Corporate,San Francisco,California,94110,TEC-AC-10003628,Technology,Accessories,Logitech 910-002974 M325 Wireless Mouse for Web Scrolling,89.97,3,0.0,39.58680000000001
US-2013-112396,2018-02-09,2018-02-13,Standard Class,JR-16210,Justin Ritter,Corporate,San Francisco,California,94110,TEC-AC-10004761,Technology,Accessories,Maxell 4.7GB DVD+RW 3/Pack,31.86,2,0.0,11.151
CA-2013-112942,2018-02-13,2018-02-18,Standard Class,RD-19810,Ross DeVincentis,Home Office,Los Angeles,California,90045,OFF-PA-10004092,Office Supplies,Paper,Tops Green Bar Computer Printout Paper,146.82,3,0.0,73.41
CA-2013-106460,2018-02-19,2018-02-22,Second Class,GT-14710,Greg Tran,Consumer,San Francisco,California,94109,OFF-PA-10001736,Office Supplies,Paper,Xerox 1880,70.88,2,0.0,33.313599999999994
CA-2013-139010,2018-02-21,2018-02-26,Second Class,MC-17635,Matthew Clasen,Corporate,Los Angeles,California,90032,TEC-AC-10004227,Technology,Accessories,SanDisk Ultra 16 GB MicroSDHC Class 10 Memory Card,12.99,1,0.0,0.779399999999999
CA-2013-139010,2018-02-21,2018-02-26,Second Class,MC-17635,Matthew Clasen,Corporate,Los Angeles,California,90032,OFF-BI-10000174,Office Supplies,Binders,"Wilson Jones Clip & Carry Folder Binder Tool for Ring Binders, Clear",18.56,4,0.2,6.4959999999999996
CA-2013-139010,2018-02-21,2018-02-26,Second Class,MC-17635,Matthew Clasen,Corporate,Los Angeles,California,90032,OFF-ST-10001809,Office Supplies,Storage,Fellowes Officeware Wire Shelving,449.15,5,0.0,8.98299999999999
CA-2013-139010,2018-02-21,2018-02-26,Second Class,MC-17635,Matthew Clasen,Corporate,Los Angeles,California,90032,OFF-BI-10002309,Office Supplies,Binders,Avery Heavy-Duty EZD  Binder With Locking Rings,31.248000000000005,7,0.2,10.936799999999998
US-2013-143280,2018-02-22,2018-02-26,Standard Class,TZ-21580,Tracy Zic,Consumer,Los Angeles,California,90045,TEC-PH-10002398,Technology,Phones,AT&T 1070 Corded Phone,445.96000000000004,5,0.2,55.74499999999995
US-2013-143280,2018-02-22,2018-02-26,Standard Class,TZ-21580,Tracy Zic,Consumer,Los Angeles,California,90045,TEC-AC-10003399,Technology,Accessories,Memorex Mini Travel Drive 64 GB USB 2.0 Flash Drive,36.24,1,0.0,15.2208
US-2013-143280,2018-02-22,2018-02-26,Standard Class,TZ-21580,Tracy Zic,Consumer,Los Angeles,California,90045,OFF-FA-10000992,Office Supplies,Fasteners,"Acco Clips to Go Binder Clips, 24 Clips in Two Sizes",10.649999999999999,3,0.0,5.0055
US-2013-151862,2018-03-02,2018-03-09,Standard Class,ON-18715,Odella Nelson,Corporate,Denver,Colorado,80219,TEC-PH-10003535,Technology,Phones,RCA ViSYS 25423RE1 Corded phone,159.984,2,0.2,13.998599999999989
CA-2013-120005,2018-03-04,2018-03-04,Same Day,TS-21160,Theresa Swint,Corporate,San Francisco,California,94110,OFF-SU-10004782,Office Supplies,Supplies,"Elite 5"" Scissors",25.349999999999998,3,0.0,7.604999999999998
CA-2013-120005,2018-03-04,2018-03-04,Same Day,TS-21160,Theresa Swint,Corporate,San Francisco,California,94110,FUR-FU-10000672,Furniture,Furnishings,"Executive Impressions 10"" Spectator Wall Clock",35.28,3,0.0,11.995199999999997
CA-2013-154053,2018-03-05,2018-03-11,Standard Class,MG-17890,Michael Granlund,Home Office,San Diego,California,92024,OFF-AR-10003727,Office Supplies,Art,Berol Giant Pencil Sharpener,16.99,1,0.0,4.927099999999998
CA-2013-106306,2018-03-09,2018-03-09,Same Day,PG-18820,Patrick Gardner,Consumer,Glendale,Arizona,85301,OFF-BI-10003676,Office Supplies,Binders,"GBC Standard Recycled Report Covers, Clear Plastic Sheets",9.702000000000002,3,0.7,-7.114799999999999
CA-2013-159016,2018-03-11,2018-03-12,First Class,KF-16285,Karen Ferguson,Home Office,Los Angeles,California,90008,OFF-PA-10004405,Office Supplies,Paper,Rediform Voice Mail Log Books,14.9,5,0.0,7.151999999999999
CA-2013-159016,2018-03-11,2018-03-12,First Class,KF-16285,Karen Ferguson,Home Office,Los Angeles,California,90008,TEC-PH-10002885,Technology,Phones,Apple iPhone 5,4158.912,8,0.2,363.90480000000025
CA-2013-169663,2018-03-11,2018-03-14,First Class,RH-19510,Rick Huthwaite,Home Office,Los Angeles,California,90045,TEC-AC-10003038,Technology,Accessories,Kingston Digital DataTraveler 16GB USB 2.0,26.849999999999998,3,0.0,5.101499999999997
CA-2013-169663,2018-03-11,2018-03-14,First Class,RH-19510,Rick Huthwaite,Home Office,Los Angeles,California,90045,TEC-MA-10000984,Technology,Machines,Okidata MB760 Printer,3357.6000000000004,3,0.2,377.72999999999956
CA-2013-108959,2018-03-11,2018-03-15,Second Class,MH-17785,Maya Herman,Corporate,Glendale,Arizona,85301,OFF-ST-10001272,Office Supplies,Storage,"Mini 13-1/2 Capacity Data Binder Rack, Pearl",104.69600000000001,1,0.2,6.543499999999998
CA-2013-127138,2018-03-13,2018-03-16,Second Class,DK-13225,Dean Katz,Corporate,San Francisco,California,94109,OFF-ST-10002756,Office Supplies,Storage,"Tennsco Stur-D-Stor Boltless Shelving, 5 Shelves, 24"" Deep, Sand",676.55,5,0.0,6.76550000000006
CA-2013-127138,2018-03-13,2018-03-16,Second Class,DK-13225,Dean Katz,Corporate,San Francisco,California,94109,OFF-AP-10003842,Office Supplies,Appliances,Euro-Pro Shark Turbo Vacuum,154.9,5,0.0,40.274
CA-2013-127138,2018-03-13,2018-03-16,Second Class,DK-13225,Dean Katz,Corporate,San Francisco,California,94109,OFF-EN-10004459,Office Supplies,Envelopes,Security-Tint Envelopes,30.56,4,0.0,14.9744
CA-2013-127138,2018-03-13,2018-03-16,Second Class,DK-13225,Dean Katz,Corporate,San Francisco,California,94109,FUR-CH-10003746,Furniture,Chairs,Hon 4070 Series Pagoda Round Back Stacking Chairs,770.3520000000001,3,0.2,77.03519999999997
US-2013-119270,2018-03-13,2018-03-17,Standard Class,SW-20245,Scot Wooten,Consumer,Los Angeles,California,90036,OFF-PA-10004022,Office Supplies,Paper,Hammermill Color Copier Paper (28Lb. and 96 Bright),19.98,2,0.0,8.991
CA-2013-158834,2018-03-14,2018-03-17,First Class,TW-21025,Tamara Willingham,Home Office,Scottsdale,Arizona,85254,OFF-AP-10000326,Office Supplies,Appliances,Belkin 7 Outlet SurgeMaster Surge Protector with Phone Protection,157.92,5,0.2,17.76599999999999
CA-2013-158834,2018-03-14,2018-03-17,First Class,TW-21025,Tamara Willingham,Home Office,Scottsdale,Arizona,85254,TEC-PH-10001254,Technology,Phones,Jabra BIZ 2300 Duo QD Duo Corded Headset,203.184,2,0.2,15.23879999999999
CA-2013-136301,2018-03-14,2018-03-16,Second Class,EH-13765,Edward Hooks,Corporate,San Francisco,California,94109,FUR-FU-10004712,Furniture,Furnishings,"Westinghouse Mesh Shade Clip-On Gooseneck Lamp, Black",28.28,2,0.0,7.352800000000002
CA-2013-136301,2018-03-14,2018-03-16,Second Class,EH-13765,Edward Hooks,Corporate,San Francisco,California,94109,OFF-SU-10000151,Office Supplies,Supplies,High Speed Automatic Electric Letter Opener,4912.59,3,0.0,196.50359999999978
CA-2013-119123,2018-03-14,2018-03-19,Standard Class,DB-13360,Dennis Bolton,Home Office,Riverside,California,92503,OFF-BI-10001036,Office Supplies,Binders,Cardinal EasyOpen D-Ring Binders,51.18400000000001,7,0.2,19.194
CA-2013-124793,2018-03-15,2018-03-17,First Class,MM-18280,Muhammed MacIntyre,Corporate,Seattle,Washington,98103,FUR-CH-10002880,Furniture,Chairs,"Global High-Back Leather Tilter, Burgundy",196.784,2,0.2,-22.138200000000012
CA-2013-133802,2018-03-15,2018-03-21,Standard Class,SP-20650,Stephanie Phelps,Corporate,Redwood City,California,94061,OFF-BI-10003291,Office Supplies,Binders,Wilson Jones Leather-Like Binders with DublLock Round Rings,41.904,6,0.2,14.142599999999996
CA-2013-138968,2018-03-16,2018-03-17,First Class,FC-14335,Fred Chung,Corporate,San Francisco,California,94110,OFF-BI-10003529,Office Supplies,Binders,Avery Round Ring Poly Binders,4.544,2,0.2,1.6472
CA-2013-138968,2018-03-16,2018-03-17,First Class,FC-14335,Fred Chung,Corporate,San Francisco,California,94110,FUR-CH-10000309,Furniture,Chairs,Global Comet Stacking Arm Chair,1352.0320000000002,4,0.2,84.50199999999995
CA-2013-134544,2018-03-18,2018-03-20,Second Class,AC-10660,Anna Chung,Consumer,San Francisco,California,94109,TEC-PH-10003800,Technology,Phones,i.Sound Portable Power - 8000 mAh,84.784,2,0.2,-20.136200000000006
CA-2013-106383,2018-03-20,2018-03-22,Second Class,BT-11440,Bobby Trafton,Consumer,Littleton,Colorado,80122,FUR-BO-10002202,Furniture,Bookcases,"Atlantic Metals Mobile 2-Shelf Bookcases, Custom Colors",72.29400000000001,1,0.7,-98.80179999999999
US-2013-156986,2018-03-21,2018-03-25,Standard Class,ZC-21910,Zuschuss Carroll,Consumer,Salem,Oregon,97301,TEC-PH-10003800,Technology,Phones,i.Sound Portable Power - 8000 mAh,84.784,2,0.2,-20.136200000000006
US-2013-156986,2018-03-21,2018-03-25,Standard Class,ZC-21910,Zuschuss Carroll,Consumer,Salem,Oregon,97301,OFF-PA-10002005,Office Supplies,Paper,Xerox 225,20.736000000000004,4,0.2,7.2576
US-2013-156986,2018-03-21,2018-03-25,Standard Class,ZC-21910,Zuschuss Carroll,Consumer,Salem,Oregon,97301,OFF-BI-10002498,Office Supplies,Binders,Clear Mylar Reinforcing Strips,16.821000000000005,3,0.7,-12.896100000000004
US-2013-156986,2018-03-21,2018-03-25,Standard Class,ZC-21910,Zuschuss Carroll,Consumer,Salem,Oregon,97301,OFF-PA-10004101,Office Supplies,Paper,Xerox 1894,10.368000000000002,2,0.2,3.6288
CA-2013-107615,2018-03-23,2018-03-26,First Class,RB-19645,Robert Barroso,Corporate,North Las Vegas,Nevada,89031,TEC-AC-10001013,Technology,Accessories,Logitech ClearChat Comfort/USB Headset H390,58.58,2,0.0,19.331399999999995
CA-2013-118899,2018-03-23,2018-03-23,Same Day,MC-17275,Marc Crier,Consumer,Seattle,Washington,98103,FUR-CH-10004754,Furniture,Chairs,"Global Stack Chair with Arms, Black",167.888,7,0.2,14.690199999999997
US-2013-164189,2018-03-25,2018-03-29,Standard Class,DR-12880,Dan Reichenbach,Corporate,Gresham,Oregon,97030,TEC-PH-10003691,Technology,Phones,BlackBerry Q10,403.168,4,0.2,25.198000000000008
CA-2013-161361,2018-03-27,2018-03-29,Second Class,MV-17485,Mark Van Huff,Consumer,Pocatello,Idaho,83201,OFF-PA-10001838,Office Supplies,Paper,"Adams Telephone Message Book W/Dividers/Space For Phone Numbers, 5 1/4""X8 1/2"", 300/Messages",17.64,3,0.0,8.6436
CA-2013-161361,2018-03-27,2018-03-29,Second Class,MV-17485,Mark Van Huff,Consumer,Pocatello,Idaho,83201,OFF-BI-10002215,Office Supplies,Binders,"Wilson Jones Hanging View Binder, White, 1""",17.04,3,0.2,5.5379999999999985
CA-2013-131380,2018-03-29,2018-04-01,Second Class,CC-12220,Chris Cortes,Consumer,Los Angeles,California,90032,OFF-ST-10002485,Office Supplies,Storage,Rogers Deluxe File Chest,87.92,4,0.0,0.8791999999999973
CA-2013-131380,2018-03-29,2018-04-01,Second Class,CC-12220,Chris Cortes,Consumer,Los Angeles,California,90032,OFF-PA-10001243,Office Supplies,Paper,Xerox 1983,5.98,1,0.0,2.9302
CA-2013-103947,2018-04-02,2018-04-09,Standard Class,BB-10990,Barry Blumstein,Corporate,Sierra Vista,Arizona,85635,OFF-FA-10003112,Office Supplies,Fasteners,Staples,31.560000000000002,5,0.2,9.862499999999997
CA-2013-103947,2018-04-02,2018-04-09,Standard Class,BB-10990,Barry Blumstein,Corporate,Sierra Vista,Arizona,85635,OFF-AP-10002350,Office Supplies,Appliances,Belkin F9H710-06 7 Outlet SurgeMaster Surge Protector,30.144000000000002,2,0.2,3.0143999999999993
CA-2013-110499,2018-04-08,2018-04-10,First Class,YC-21895,Yoseph Carroll,Corporate,San Francisco,California,94110,TEC-CO-10002095,Technology,Copiers,Hewlett Packard 610 Color Digital Copier / Printer,1199.976,3,0.2,374.99249999999995
CA-2013-130477,2018-04-09,2018-04-13,Standard Class,LC-17140,Logan Currie,Consumer,Los Angeles,California,90032,OFF-PA-10002947,Office Supplies,Paper,Xerox 1923,20.04,3,0.0,9.6192
CA-2013-130477,2018-04-09,2018-04-13,Standard Class,LC-17140,Logan Currie,Consumer,Los Angeles,California,90032,OFF-ST-10002583,Office Supplies,Storage,Fellowes Neat Ideas Storage Cubes,64.96,2,0.0,2.598399999999998
CA-2013-130477,2018-04-09,2018-04-13,Standard Class,LC-17140,Logan Currie,Consumer,Los Angeles,California,90032,OFF-PA-10000019,Office Supplies,Paper,Xerox 1931,12.96,2,0.0,6.2208000000000006
CA-2013-124233,2018-04-09,2018-04-15,Standard Class,CK-12595,Clytie Kelty,Consumer,Los Angeles,California,90032,FUR-FU-10002597,Furniture,Furnishings,"C-Line Magnetic Cubicle Keepers, Clear Polypropylene",24.700000000000003,5,0.0,10.374
CA-2013-126809,2018-04-10,2018-04-14,Standard Class,EB-13750,Edward Becker,Corporate,Seattle,Washington,98103,OFF-BI-10003712,Office Supplies,Binders,"Acco Pressboard Covers with Storage Hooks, 14 7/8"" x 11"", Light Blue",35.352000000000004,9,0.2,12.815099999999997
CA-2013-117681,2018-04-10,2018-04-15,Standard Class,HF-14995,Herbert Flentye,Consumer,Los Angeles,California,90004,FUR-BO-10001798,Furniture,Bookcases,Bush Somerset Collection Bookcase,556.665,5,0.15,6.549000000000021
CA-2013-124814,2018-04-11,2018-04-17,Standard Class,FM-14215,Filia McAdams,Corporate,Bakersfield,California,93309,OFF-PA-10002787,Office Supplies,Paper,Xerox 227,12.96,2,0.0,6.2208000000000006
CA-2013-124814,2018-04-11,2018-04-17,Standard Class,FM-14215,Filia McAdams,Corporate,Bakersfield,California,93309,OFF-BI-10000174,Office Supplies,Binders,"Wilson Jones Clip & Carry Folder Binder Tool for Ring Binders, Clear",23.2,5,0.2,8.119999999999997
CA-2013-123358,2018-04-11,2018-04-18,Standard Class,BT-11680,Brian Thompson,Consumer,San Francisco,California,94122,OFF-AP-10004980,Office Supplies,Appliances,3M Replacement Filter for Office Air Cleaner for 20' x 33' Room,113.76,3,0.0,44.366400000000006
CA-2013-123358,2018-04-11,2018-04-18,Standard Class,BT-11680,Brian Thompson,Consumer,San Francisco,California,94122,OFF-ST-10001932,Office Supplies,Storage,Fellowes Staxonsteel Drawer Files,579.51,3,0.0,81.13140000000001
CA-2013-123358,2018-04-11,2018-04-18,Standard Class,BT-11680,Brian Thompson,Consumer,San Francisco,California,94122,OFF-ST-10000636,Office Supplies,Storage,Rogers Profile Extra Capacity Storage Tub,150.66,9,0.0,6.026399999999992
CA-2013-123358,2018-04-11,2018-04-18,Standard Class,BT-11680,Brian Thompson,Consumer,San Francisco,California,94122,OFF-BI-10000069,Office Supplies,Binders,"GBC Prepunched Paper, 19-Hole, for Binding Systems, 24-lb",48.032000000000004,4,0.2,15.610399999999993
CA-2013-142398,2018-04-13,2018-04-17,Standard Class,BP-11290,Beth Paige,Consumer,Los Angeles,California,90036,FUR-CH-10001545,Furniture,Chairs,Hon Comfortask Task/Swivel Chairs,638.2880000000001,7,0.2,-31.914400000000015
CA-2013-142398,2018-04-13,2018-04-17,Standard Class,BP-11290,Beth Paige,Consumer,Los Angeles,California,90036,OFF-BI-10004826,Office Supplies,Binders,JM Magazine Binder,13.208000000000002,1,0.2,4.622800000000001
CA-2013-163594,2018-04-13,2018-04-15,First Class,JF-15295,Jason Fortune-,Consumer,Los Angeles,California,90036,OFF-PA-10000809,Office Supplies,Paper,Xerox 206,19.44,3,0.0,9.3312
CA-2013-163594,2018-04-13,2018-04-15,First Class,JF-15295,Jason Fortune-,Consumer,Los Angeles,California,90036,FUR-CH-10000225,Furniture,Chairs,"Global Geo Office Task Chair, Gray",194.35200000000003,3,0.2,-36.44100000000003
CA-2013-163594,2018-04-13,2018-04-15,First Class,JF-15295,Jason Fortune-,Consumer,Los Angeles,California,90036,OFF-BI-10003707,Office Supplies,Binders,Aluminum Screw Posts,36.624,3,0.2,13.734
CA-2013-152800,2018-04-14,2018-04-16,First Class,SP-20920,Susan Pistek,Consumer,San Francisco,California,94109,OFF-EN-10001509,Office Supplies,Envelopes,Poly String Tie Envelopes,6.12,3,0.0,2.8763999999999994
CA-2013-148796,2018-04-15,2018-04-19,Standard Class,PB-19150,Philip Brown,Consumer,Los Angeles,California,90004,FUR-CH-10004886,Furniture,Chairs,Bevis Steel Folding Chairs,383.8,5,0.2,38.37999999999998
CA-2013-112669,2018-04-15,2018-04-15,Same Day,KT-16465,Kean Takahito,Consumer,Glendale,Arizona,85301,FUR-CH-10004086,Furniture,Chairs,Hon 4070 Series Pagoda Armless Upholstered Stacking Chairs,933.5360000000001,4,0.2,105.02279999999996
CA-2013-112669,2018-04-15,2018-04-15,Same Day,KT-16465,Kean Takahito,Consumer,Glendale,Arizona,85301,OFF-ST-10001228,Office Supplies,Storage,"Fellowes Personal Hanging Folder Files, Navy",42.976,4,0.2,4.297600000000003
CA-2013-136406,2018-04-16,2018-04-18,Second Class,BD-11320,Bill Donatelli,Consumer,San Francisco,California,94110,FUR-CH-10002024,Furniture,Chairs,HON 5400 Series Task Chairs for Big and Tall,1121.568,2,0.2,0.0
CA-2013-117849,2018-04-16,2018-04-18,Second Class,JK-16120,Julie Kriz,Home Office,San Diego,California,92105,OFF-PA-10004327,Office Supplies,Paper,Xerox 1911,143.7,3,0.0,68.976
CA-2013-105473,2018-04-17,2018-04-19,Second Class,BM-11785,Bryan Mills,Consumer,Seattle,Washington,98115,OFF-SU-10003567,Office Supplies,Supplies,Stiletto Hand Letter Openers,28.799999999999997,3,0.0,0.8640000000000008
CA-2013-108735,2018-04-18,2018-04-22,Standard Class,JM-15535,Jessica Myrick,Consumer,Lakewood,California,90712,FUR-BO-10003441,Furniture,Bookcases,"Bush Westfield Collection Bookcases, Fully Assembled",257.499,3,0.15,24.235199999999978
US-2013-115819,2018-04-20,2018-04-25,Second Class,JO-15280,Jas O'Carroll,Consumer,Los Angeles,California,90049,TEC-PH-10004700,Technology,Phones,PowerGen Dual USB Car Charger,39.96000000000001,5,0.2,12.986999999999995
US-2013-115819,2018-04-20,2018-04-25,Second Class,JO-15280,Jas O'Carroll,Consumer,Los Angeles,California,90049,OFF-AR-10000823,Office Supplies,Art,Newell 307,5.46,3,0.0,1.5288000000000002
US-2013-115819,2018-04-20,2018-04-25,Second Class,JO-15280,Jas O'Carroll,Consumer,Los Angeles,California,90049,OFF-AR-10004456,Office Supplies,Art,Panasonic KP-4ABK Battery-Operated Pencil Sharpener,73.2,5,0.0,21.227999999999998
US-2013-115819,2018-04-20,2018-04-25,Second Class,JO-15280,Jas O'Carroll,Consumer,Los Angeles,California,90049,OFF-BI-10000050,Office Supplies,Binders,"Angle-D Binders with Locking Rings, Label Holders",5.84,1,0.2,1.9709999999999996
US-2013-115819,2018-04-20,2018-04-25,Second Class,JO-15280,Jas O'Carroll,Consumer,Los Angeles,California,90049,OFF-PA-10002377,Office Supplies,Paper,"Adams Telephone Message Book W/Dividers/Space For Phone Numbers, 5 1/4""X8 1/2"", 200/Messages",22.72,4,0.0,10.223999999999998
US-2013-115819,2018-04-20,2018-04-25,Second Class,JO-15280,Jas O'Carroll,Consumer,Los Angeles,California,90049,OFF-BI-10000591,Office Supplies,Binders,Avery Binder Labels,9.336,3,0.2,3.2675999999999994
CA-2013-151498,2018-04-22,2018-04-25,First Class,DN-13690,Duane Noonan,Consumer,Seattle,Washington,98115,OFF-BI-10004967,Office Supplies,Binders,Round Ring Binders,8.32,5,0.2,2.808
CA-2013-109869,2018-04-23,2018-04-30,Standard Class,TN-21040,Tanja Norvell,Home Office,Phoenix,Arizona,85023,FUR-FU-10000023,Furniture,Furnishings,Eldon Wave Desk Accessories,23.56,5,0.2,7.0680000000000005
CA-2013-109869,2018-04-23,2018-04-30,Standard Class,TN-21040,Tanja Norvell,Home Office,Phoenix,Arizona,85023,FUR-TA-10001889,Furniture,Tables,Bush Advantage Collection Racetrack Conference Table,1272.6299999999999,6,0.5,-814.4831999999999
CA-2013-109869,2018-04-23,2018-04-30,Standard Class,TN-21040,Tanja Norvell,Home Office,Phoenix,Arizona,85023,OFF-BI-10000315,Office Supplies,Binders,Poly Designer Cover & Back,28.485,5,0.7,-20.88899999999999
CA-2013-109869,2018-04-23,2018-04-30,Standard Class,TN-21040,Tanja Norvell,Home Office,Phoenix,Arizona,85023,OFF-SU-10003505,Office Supplies,Supplies,Premier Electric Letter Opener,185.376,2,0.2,-34.75800000000002
CA-2013-109869,2018-04-23,2018-04-30,Standard Class,TN-21040,Tanja Norvell,Home Office,Phoenix,Arizona,85023,OFF-AP-10002578,Office Supplies,Appliances,"Fellowes Premier Superior Surge Suppressor, 10-Outlet, With Phone and Remote",78.272,2,0.2,5.8704
CA-2013-147578,2018-04-23,2018-04-27,Second Class,PG-18895,Paul Gonzalez,Consumer,San Francisco,California,94122,FUR-FU-10001889,Furniture,Furnishings,Ultra Door Pull Handle,31.56,3,0.0,10.4148
CA-2013-162138,2018-04-24,2018-04-28,Standard Class,GK-14620,Grace Kelly,Corporate,Hesperia,California,92345,OFF-BI-10004593,Office Supplies,Binders,Ibico Laser Imprintable Binding System Covers,251.52,6,0.2,81.744
CA-2013-162138,2018-04-24,2018-04-28,Standard Class,GK-14620,Grace Kelly,Corporate,Hesperia,California,92345,TEC-AC-10001908,Technology,Accessories,Logitech Wireless Headset h800,99.99,1,0.0,34.9965
CA-2013-126270,2018-04-24,2018-04-28,Standard Class,AF-10870,Art Ferguson,Consumer,San Clemente,California,92672,OFF-BI-10002764,Office Supplies,Binders,Recycled Pressboard Report Cover with Reinforced Top Hinge,18.088,7,0.2,6.556900000000001
CA-2013-126270,2018-04-24,2018-04-28,Standard Class,AF-10870,Art Ferguson,Consumer,San Clemente,California,92672,OFF-EN-10004386,Office Supplies,Envelopes,"Recycled Interoffice Envelopes with String and Button Closure, 10 x 13",71.97,3,0.0,35.985
CA-2013-138933,2018-04-25,2018-04-28,First Class,JL-15130,Jack Lebron,Consumer,Riverside,California,92503,OFF-BI-10003355,Office Supplies,Binders,Cardinal Holdit Business Card Pockets,3.9840000000000004,1,0.2,1.3944
CA-2013-149279,2018-04-25,2018-04-29,Standard Class,CL-12700,Craig Leslie,Home Office,Colorado Springs,Colorado,80906,OFF-PA-10003441,Office Supplies,Paper,Xerox 226,15.552000000000003,3,0.2,5.4432
CA-2013-149279,2018-04-25,2018-04-29,Standard Class,CL-12700,Craig Leslie,Home Office,Colorado Springs,Colorado,80906,FUR-CH-10004287,Furniture,Chairs,SAFCO Arco Folding Chair,1325.76,6,0.2,149.1479999999999
CA-2013-149279,2018-04-25,2018-04-29,Standard Class,CL-12700,Craig Leslie,Home Office,Colorado Springs,Colorado,80906,OFF-BI-10004040,Office Supplies,Binders,Wilson Jones Impact Binders,3.108,2,0.7,-2.1755999999999993
CA-2013-152814,2018-04-29,2018-05-03,Standard Class,EH-14005,Erica Hernandez,Home Office,Denver,Colorado,80219,OFF-PA-10001970,Office Supplies,Paper,Xerox 1881,29.472,3,0.2,9.946799999999998
CA-2013-137204,2018-04-29,2018-05-06,Standard Class,BO-11350,Bill Overfelt,Corporate,Los Angeles,California,90045,FUR-CH-10002304,Furniture,Chairs,"Global Stack Chair without Arms, Black",41.568000000000005,2,0.2,2.5980000000000008
CA-2013-144792,2018-05-01,2018-05-05,Standard Class,KD-16615,Ken Dana,Corporate,Scottsdale,Arizona,85254,FUR-FU-10002759,Furniture,Furnishings,12-1/2 Diameter Round Wall Clock,111.888,7,0.2,22.3776
CA-2013-137729,2018-05-06,2018-05-10,Standard Class,BF-11005,Barry Franz,Home Office,Los Angeles,California,90004,OFF-ST-10001505,Office Supplies,Storage,"Perma STOR-ALL Hanging File Box, 13 1/8""W x 12 1/4""D x 10 1/2""H",5.98,1,0.0,1.0165999999999995
CA-2013-137729,2018-05-06,2018-05-10,Standard Class,BF-11005,Barry Franz,Home Office,Los Angeles,California,90004,TEC-PH-10001433,Technology,Phones,Cisco Small Business SPA 502G VoIP phone,246.168,3,0.2,21.539699999999996
CA-2013-160500,2018-05-06,2018-05-09,First Class,DM-13015,Darrin Martin,Consumer,Encinitas,California,92024,OFF-BI-10003784,Office Supplies,Binders,Computer Printout Index Tabs,6.720000000000001,5,0.2,2.351999999999999
CA-2013-160500,2018-05-06,2018-05-09,First Class,DM-13015,Darrin Martin,Consumer,Encinitas,California,92024,FUR-TA-10003748,Furniture,Tables,Bevis 36 x 72 Conference Tables,298.776,3,0.2,7.469399999999993
CA-2013-126165,2018-05-06,2018-05-08,Second Class,AH-10465,Amy Hunt,Consumer,San Francisco,California,94109,FUR-TA-10001676,Furniture,Tables,Hon 61000 Series Interactive Training Tables,71.08800000000001,2,0.2,-1.777200000000004
US-2013-102239,2018-05-06,2018-05-07,First Class,LW-16990,Lindsay Williams,Corporate,Henderson,Nevada,89015,FUR-TA-10003392,Furniture,Tables,Global Adaptabilities Conference Tables,1685.88,6,0.0,320.3172
US-2013-102239,2018-05-06,2018-05-07,First Class,LW-16990,Lindsay Williams,Corporate,Henderson,Nevada,89015,OFF-BI-10001890,Office Supplies,Binders,Avery Poly Binder Pockets,5.728000000000001,2,0.2,2.0047999999999995
CA-2013-137393,2018-05-07,2018-05-11,Standard Class,GM-14500,Gene McClure,Consumer,Bakersfield,California,93309,FUR-FU-10001617,Furniture,Furnishings,"Executive Impressions 8-1/2"" Career Panel/Partition Cubicle Clock",41.6,4,0.0,14.143999999999998
CA-2013-111696,2018-05-09,2018-05-11,First Class,TB-21625,Trudy Brown,Consumer,Los Angeles,California,90004,OFF-PA-10002751,Office Supplies,Paper,Xerox 1920,17.94,3,0.0,8.073
CA-2013-169166,2018-05-10,2018-05-15,Standard Class,SS-20590,Sonia Sunley,Consumer,Seattle,Washington,98115,TEC-AC-10000991,Technology,Accessories,Sony Micro Vault Click 8 GB USB 2.0 Flash Drive,93.98,2,0.0,13.157200000000003
US-2013-159093,2018-05-10,2018-05-15,Standard Class,RS-19420,Ricardo Sperren,Corporate,Los Angeles,California,90036,OFF-PA-10001260,Office Supplies,Paper,"TOPS Money Receipt Book, Consecutively Numbered in Red,",32.04,4,0.0,14.418
CA-2013-161543,2018-05-11,2018-05-17,Standard Class,RD-19720,Roger Demir,Consumer,Seattle,Washington,98105,OFF-PA-10003971,Office Supplies,Paper,Xerox 1965,11.96,2,0.0,5.8604
CA-2013-162733,2018-05-12,2018-05-13,First Class,TT-21070,Ted Trevino,Consumer,Los Angeles,California,90045,OFF-PA-10002751,Office Supplies,Paper,Xerox 1920,5.98,1,0.0,2.691
CA-2013-167416,2018-05-13,2018-05-18,Standard Class,JM-15580,Jill Matthias,Consumer,Seattle,Washington,98105,OFF-EN-10001141,Office Supplies,Envelopes,"Manila Recycled Extra-Heavyweight Clasp Envelopes, 6"" x 9""",54.900000000000006,5,0.0,26.901000000000003
US-2013-123610,2018-05-13,2018-05-17,Standard Class,VM-21835,Vivian Mathis,Consumer,Mission Viejo,California,92691,TEC-AC-10004518,Technology,Accessories,Memorex Mini Travel Drive 32 GB USB 2.0 Flash Drive,120.0,6,0.0,46.800000000000004
US-2013-123610,2018-05-13,2018-05-17,Standard Class,VM-21835,Vivian Mathis,Consumer,Mission Viejo,California,92691,OFF-AP-10002222,Office Supplies,Appliances,Staple holder,8.67,1,0.0,2.3409000000000004
CA-2013-108224,2018-05-15,2018-05-15,Same Day,TH-21235,Tiffany House,Corporate,Yuma,Arizona,85364,TEC-AC-10003832,Technology,Accessories,Imation 16GB Mini TravelDrive USB 2.0 Flash Drive,185.52800000000002,7,0.2,48.7011
CA-2013-133144,2018-05-17,2018-05-22,Second Class,DO-13435,Denny Ordway,Consumer,Los Angeles,California,90036,OFF-PA-10004971,Office Supplies,Paper,Xerox 196,17.34,3,0.0,8.4966
CA-2013-130638,2018-05-17,2018-05-20,Second Class,SC-20095,Sanjit Chand,Consumer,Los Angeles,California,90045,FUR-FU-10002116,Furniture,Furnishings,"Tenex Carpeted, Granite-Look or Clear Contemporary Contour Shape Chair Mats",282.84,4,0.0,19.79879999999997
CA-2013-130638,2018-05-17,2018-05-20,Second Class,SC-20095,Sanjit Chand,Consumer,Los Angeles,California,90045,OFF-LA-10002195,Office Supplies,Labels,Avery 481,27.72,9,0.0,13.3056
CA-2013-122728,2018-05-19,2018-05-25,Standard Class,EB-13930,Eric Barreto,Consumer,San Francisco,California,94110,OFF-ST-10000604,Office Supplies,Storage,Home/Office Personal File Carts,104.28,3,0.0,26.069999999999993
CA-2013-122728,2018-05-19,2018-05-25,Standard Class,EB-13930,Eric Barreto,Consumer,San Francisco,California,94110,OFF-PA-10004040,Office Supplies,Paper,Universal Premium White Copier/Laser Paper (20Lb. and 87 Bright),17.94,3,0.0,8.790600000000001
CA-2013-126935,2018-05-20,2018-05-25,Standard Class,BT-11395,Bill Tyler,Corporate,San Francisco,California,94109,OFF-BI-10004817,Office Supplies,Binders,GBC Personal VeloBind Strips,9.584000000000001,1,0.2,3.3543999999999996
CA-2013-138282,2018-05-20,2018-05-24,Standard Class,AH-10690,Anna Häberlin,Corporate,Los Angeles,California,90008,OFF-AP-10001366,Office Supplies,Appliances,Staple holder,87.84,8,0.0,23.716800000000006
CA-2013-115917,2018-05-21,2018-05-26,Standard Class,RB-19465,Rick Bensley,Home Office,Vallejo,California,94591,FUR-FU-10000576,Furniture,Furnishings,Luxo Professional Fluorescent Magnifier Lamp with Clamp-Mount Base,1049.2,5,0.0,272.79200000000003
CA-2013-115917,2018-05-21,2018-05-26,Standard Class,RB-19465,Rick Bensley,Home Office,Vallejo,California,94591,OFF-BI-10004728,Office Supplies,Binders,Wilson Jones Turn Tabs Binder Tool for Ring Binders,15.424000000000001,4,0.2,5.0128
CA-2013-146010,2018-05-21,2018-05-24,First Class,EH-14125,Eugene Hildebrand,Home Office,Colorado Springs,Colorado,80906,OFF-BI-10003638,Office Supplies,Binders,GBC Durable Plastic Covers,40.63500000000001,7,0.7,-32.507999999999996
US-2013-139486,2018-05-22,2018-05-24,First Class,LH-17155,Logan Haushalter,Consumer,Los Angeles,California,90032,TEC-PH-10003555,Technology,Phones,Motorola HK250 Universal Bluetooth Headset,55.176,3,0.2,-12.414599999999997
US-2013-139486,2018-05-22,2018-05-24,First Class,LH-17155,Logan Haushalter,Consumer,Los Angeles,California,90032,TEC-AC-10003832,Technology,Accessories,Imation 16GB Mini TravelDrive USB 2.0 Flash Drive,66.26,2,0.0,27.166600000000003
CA-2013-107202,2018-05-22,2018-05-29,Standard Class,LC-16930,Linda Cazamias,Corporate,Sparks,Nevada,89431,TEC-MA-10000112,Technology,Machines,Panasonic KX MB2061 Multifunction Printer,2396.4,10,0.2,179.73000000000013
CA-2013-154081,2018-05-23,2018-05-30,Standard Class,JE-15610,Jim Epp,Corporate,Los Angeles,California,90049,TEC-PH-10001918,Technology,Phones,Nortel Business Series Terminal T7208 Digital phone,222.38400000000001,2,0.2,22.238400000000013
CA-2013-142762,2018-05-24,2018-05-28,Standard Class,LD-17005,Lisa DeCherney,Consumer,San Francisco,California,94109,FUR-FU-10003691,Furniture,Furnishings,"Eldon Image Series Desk Accessories, Ebony",37.05,3,0.0,16.302
CA-2013-148852,2018-05-27,2018-06-01,Standard Class,SV-20785,Stewart Visinsky,Consumer,Santa Ana,California,92704,OFF-FA-10003467,Office Supplies,Fasteners,"Alliance Big Bands Rubber Bands, 12/Pack",5.9399999999999995,3,0.0,0.0
CA-2013-148852,2018-05-27,2018-06-01,Standard Class,SV-20785,Stewart Visinsky,Consumer,Santa Ana,California,92704,OFF-PA-10001293,Office Supplies,Paper,Xerox 1946,45.36,7,0.0,21.772800000000004
CA-2013-148852,2018-05-27,2018-06-01,Standard Class,SV-20785,Stewart Visinsky,Consumer,Santa Ana,California,92704,TEC-PH-10003885,Technology,Phones,Cisco SPA508G,211.168,4,0.2,23.756399999999985
CA-2013-148852,2018-05-27,2018-06-01,Standard Class,SV-20785,Stewart Visinsky,Consumer,Santa Ana,California,92704,FUR-CH-10004860,Furniture,Chairs,Global Low Back Tilter Chair,484.70400000000006,6,0.2,-84.82320000000007
CA-2013-148852,2018-05-27,2018-06-01,Standard Class,SV-20785,Stewart Visinsky,Consumer,Santa Ana,California,92704,TEC-MA-10002428,Technology,Machines,Fellowes Powershred HS-440 4-Sheet High Security Shredder,371.97600000000006,3,0.2,116.24249999999996
CA-2013-136994,2018-05-28,2018-06-03,Standard Class,LS-17245,Lynn Smith,Consumer,Los Angeles,California,90045,OFF-PA-10000575,Office Supplies,Paper,"Wirebound Message Books, Four 2 3/4 x 5 White Forms per Page",13.38,2,0.0,6.1548
CA-2013-134803,2018-05-29,2018-06-04,Standard Class,CL-12565,Clay Ludtke,Consumer,Los Angeles,California,90004,OFF-AP-10000891,Office Supplies,Appliances,Kensington 7 Outlet MasterPiece HOMEOFFICE Power Control Center,262.24,2,0.0,78.672
CA-2013-134803,2018-05-29,2018-06-04,Standard Class,CL-12565,Clay Ludtke,Consumer,Los Angeles,California,90004,OFF-PA-10003790,Office Supplies,Paper,Xerox 1991,182.72,8,0.0,84.0512
CA-2013-134803,2018-05-29,2018-06-04,Standard Class,CL-12565,Clay Ludtke,Consumer,Los Angeles,California,90004,TEC-AC-10002217,Technology,Accessories,Imation Clip USB flash drive - 8 GB,131.6,7,0.0,7.896000000000001
CA-2013-134803,2018-05-29,2018-06-04,Standard Class,CL-12565,Clay Ludtke,Consumer,Los Angeles,California,90004,OFF-BI-10002215,Office Supplies,Binders,"Wilson Jones Hanging View Binder, White, 1""",22.72,4,0.2,7.383999999999999
CA-2013-134803,2018-05-29,2018-06-04,Standard Class,CL-12565,Clay Ludtke,Consumer,Los Angeles,California,90004,TEC-MA-10001972,Technology,Machines,Okidata C331dn Printer,558.4,2,0.2,41.880000000000024
US-2013-105578,2018-05-31,2018-06-05,Standard Class,MY-17380,Maribeth Yedwab,Corporate,Parker,Colorado,80134,OFF-BI-10001670,Office Supplies,Binders,Vinyl Sectional Post Binders,22.620000000000005,2,0.7,-15.079999999999998
US-2013-105578,2018-05-31,2018-06-05,Standard Class,MY-17380,Maribeth Yedwab,Corporate,Parker,Colorado,80134,OFF-BI-10001658,Office Supplies,Binders,GBC Standard Therm-A-Bind Covers,14.952000000000004,2,0.7,-11.961599999999997
US-2013-105578,2018-05-31,2018-06-05,Standard Class,MY-17380,Maribeth Yedwab,Corporate,Parker,Colorado,80134,FUR-CH-10001215,Furniture,Chairs,Global Troy Executive Leather Low-Back Tilter,801.5680000000001,2,0.2,50.097999999999985
US-2013-105578,2018-05-31,2018-06-05,Standard Class,MY-17380,Maribeth Yedwab,Corporate,Parker,Colorado,80134,OFF-BI-10000831,Office Supplies,Binders,Storex Flexible Poly Binders with Double Pockets,2.3760000000000003,3,0.7,-1.9007999999999998
US-2013-105578,2018-05-31,2018-06-05,Standard Class,MY-17380,Maribeth Yedwab,Corporate,Parker,Colorado,80134,OFF-PA-10000357,Office Supplies,Paper,"White Dual Perf Computer Printout Paper, 2700 Sheets, 1 Part, Heavyweight, 20 lbs., 14 7/8 x 11",32.792,1,0.2,11.8871
CA-2013-147473,2018-05-31,2018-06-04,Standard Class,NL-18310,Nancy Lomonaco,Home Office,Los Angeles,California,90049,OFF-PA-10004782,Office Supplies,Paper,Xerox 228,38.88,6,0.0,18.6624
CA-2013-129728,2018-05-31,2018-06-07,Standard Class,JG-15310,Jason Gross,Corporate,Los Angeles,California,90032,FUR-FU-10003247,Furniture,Furnishings,36X48 HARDFLOOR CHAIRMAT,167.84,8,0.0,11.748799999999989
US-2013-119046,2018-06-03,2018-06-07,Standard Class,EH-13765,Edward Hooks,Corporate,Seattle,Washington,98115,OFF-PA-10000246,Office Supplies,Paper,Riverleaf Stik-Withit Designer Note Cubes,30.18,3,0.0,13.8828
US-2013-119046,2018-06-03,2018-06-07,Standard Class,EH-13765,Edward Hooks,Corporate,Seattle,Washington,98115,OFF-BI-10001078,Office Supplies,Binders,"Acco PRESSTEX Data Binder with Storage Hooks, Dark Blue, 14 7/8"" X 11""",51.648,12,0.2,18.7224
US-2013-119046,2018-06-03,2018-06-07,Standard Class,EH-13765,Edward Hooks,Corporate,Seattle,Washington,98115,OFF-BI-10000138,Office Supplies,Binders,Acco Translucent Poly Ring Binders,11.232,3,0.2,3.9312000000000005
CA-2013-164889,2018-06-04,2018-06-07,Second Class,CP-12340,Christine Phan,Corporate,Los Angeles,California,90049,FUR-TA-10001676,Furniture,Tables,Hon 61000 Series Interactive Training Tables,71.08800000000001,2,0.2,-1.777200000000004
CA-2013-110982,2018-06-06,2018-06-08,First Class,CK-12205,Chloris Kastensmidt,Consumer,Santa Clara,California,95051,OFF-BI-10000829,Office Supplies,Binders,Avery Non-Stick Binders,21.552000000000003,6,0.2,7.004399999999998
CA-2013-110982,2018-06-06,2018-06-08,First Class,CK-12205,Chloris Kastensmidt,Consumer,Santa Clara,California,95051,OFF-AP-10004859,Office Supplies,Appliances,Acco 6 Outlet Guardian Premium Surge Suppressor,58.24,4,0.0,15.724800000000002
CA-2013-149671,2018-06-06,2018-06-10,Standard Class,KB-16600,Ken Brennan,Corporate,Seattle,Washington,98105,OFF-SU-10002537,Office Supplies,Supplies,Acme Box Cutter Scissors,61.38,6,0.0,15.958800000000004
US-2013-155971,2018-06-07,2018-06-13,Standard Class,RB-19795,Ross Baird,Home Office,Los Angeles,California,90036,OFF-LA-10000452,Office Supplies,Labels,Avery 488,22.05,7,0.0,10.584
US-2013-155971,2018-06-07,2018-06-13,Standard Class,RB-19795,Ross Baird,Home Office,Los Angeles,California,90036,OFF-PA-10000210,Office Supplies,Paper,Xerox Blank Computer Paper,99.9,5,0.0,46.952999999999996
CA-2013-160717,2018-06-07,2018-06-12,Standard Class,ME-17320,Maria Etezadi,Home Office,Santa Barbara,California,93101,TEC-PH-10001459,Technology,Phones,Samsung Galaxy Mega 6.3,3023.9280000000003,9,0.2,226.79460000000006
CA-2013-160717,2018-06-07,2018-06-12,Standard Class,ME-17320,Maria Etezadi,Home Office,Santa Barbara,California,93101,TEC-AC-10002134,Technology,Accessories,Rosewill 107 Normal Keys USB Wired Standard Keyboard,26.96,2,0.0,3.7744
CA-2013-160717,2018-06-07,2018-06-12,Standard Class,ME-17320,Maria Etezadi,Home Office,Santa Barbara,California,93101,TEC-PH-10001760,Technology,Phones,Bose SoundLink Bluetooth Speaker,477.6,3,0.2,161.19000000000003
CA-2013-103163,2018-06-08,2018-06-12,Standard Class,FM-14290,Frank Merwin,Home Office,Bakersfield,California,93309,OFF-BI-10003305,Office Supplies,Binders,Avery Hanging File Binders,4.784000000000001,1,0.2,1.5547999999999997
CA-2013-103163,2018-06-08,2018-06-12,Standard Class,FM-14290,Frank Merwin,Home Office,Bakersfield,California,93309,OFF-PA-10004000,Office Supplies,Paper,"While You Were Out Pads, 50 per Pad, 4 x 5 1/4, Green Cycle",4.73,1,0.0,2.3177000000000003
US-2013-139710,2018-06-10,2018-06-16,Standard Class,GM-14680,Greg Matthias,Consumer,Los Angeles,California,90045,TEC-PH-10001198,Technology,Phones,Avaya 4621SW VoIP phone,177.48000000000002,3,0.2,19.966499999999982
CA-2013-122448,2018-06-10,2018-06-15,Standard Class,DB-13210,Dean Braden,Consumer,San Francisco,California,94109,FUR-CH-10002774,Furniture,Chairs,"Global Deluxe Stacking Chair, Gray",122.352,3,0.2,13.764599999999994
CA-2013-113243,2018-06-11,2018-06-16,Standard Class,OT-18730,Olvera Toch,Consumer,Los Angeles,California,90045,OFF-LA-10001297,Office Supplies,Labels,Avery 473,20.7,2,0.0,9.936
CA-2013-113243,2018-06-11,2018-06-16,Standard Class,OT-18730,Olvera Toch,Consumer,Los Angeles,California,90045,FUR-TA-10004256,Furniture,Tables,Bretford “Just In Time” Height-Adjustable Multi-Task Work Tables,1335.68,4,0.2,-217.04800000000017
CA-2013-113243,2018-06-11,2018-06-16,Standard Class,OT-18730,Olvera Toch,Consumer,Los Angeles,California,90045,OFF-PA-10003441,Office Supplies,Paper,Xerox 226,32.400000000000006,5,0.0,15.552000000000001
CA-2013-142405,2018-06-12,2018-06-16,Standard Class,SE-20110,Sanjit Engle,Consumer,Seattle,Washington,98103,OFF-LA-10004093,Office Supplies,Labels,Avery 486,14.62,2,0.0,6.8713999999999995
CA-2013-142405,2018-06-12,2018-06-16,Standard Class,SE-20110,Sanjit Engle,Consumer,Seattle,Washington,98103,OFF-BI-10004728,Office Supplies,Binders,Wilson Jones Turn Tabs Binder Tool for Ring Binders,53.984,14,0.2,17.544800000000002
CA-2013-142405,2018-06-12,2018-06-16,Standard Class,SE-20110,Sanjit Engle,Consumer,Seattle,Washington,98103,TEC-AC-10003095,Technology,Accessories,Logitech G35 7.1-Channel Surround Sound Headset,389.97,3,0.0,132.58980000000003
CA-2013-118745,2018-06-12,2018-06-17,Standard Class,SV-20365,Seth Vernon,Consumer,Los Angeles,California,90049,FUR-TA-10003473,Furniture,Tables,Bretford Rectangular Conference Table Tops,902.712,3,0.2,33.85170000000005
CA-2013-138688,2018-06-13,2018-06-17,Second Class,DV-13045,Darrin Van Huff,Corporate,Los Angeles,California,90036,OFF-LA-10000240,Office Supplies,Labels,Self-Adhesive Address Labels for Typewriters by Universal,14.62,2,0.0,6.8713999999999995
CA-2013-104633,2018-06-13,2018-06-17,Standard Class,EA-14035,Erin Ashbrook,Corporate,Pasadena,California,91104,OFF-PA-10000241,Office Supplies,Paper,"IBM Multi-Purpose Copy Paper, 8 1/2 x 11"", Case",185.88,6,0.0,83.64599999999999
CA-2013-104633,2018-06-13,2018-06-17,Standard Class,EA-14035,Erin Ashbrook,Corporate,Pasadena,California,91104,OFF-PA-10004782,Office Supplies,Paper,Xerox 228,12.96,2,0.0,6.2208000000000006
CA-2013-107216,2018-06-15,2018-06-18,First Class,PV-18985,Paul Van Hugh,Home Office,San Francisco,California,94122,OFF-AR-10001545,Office Supplies,Art,Newell 326,7.04,4,0.0,2.0416
CA-2013-107216,2018-06-15,2018-06-18,First Class,PV-18985,Paul Van Hugh,Home Office,San Francisco,California,94122,FUR-FU-10000206,Furniture,Furnishings,"GE General Purpose, Extra Long Life, Showcase & Floodlight Incandescent Bulbs",8.73,3,0.0,4.1030999999999995
CA-2013-107216,2018-06-15,2018-06-18,First Class,PV-18985,Paul Van Hugh,Home Office,San Francisco,California,94122,TEC-AC-10001013,Technology,Accessories,Logitech ClearChat Comfort/USB Headset H390,29.29,1,0.0,9.665699999999998
CA-2013-107216,2018-06-15,2018-06-18,First Class,PV-18985,Paul Van Hugh,Home Office,San Francisco,California,94122,OFF-AR-10002255,Office Supplies,Art,Newell 346,8.64,3,0.0,2.5056
US-2013-108497,2018-06-15,2018-06-15,Same Day,MH-17290,Marc Harrigan,Home Office,Los Angeles,California,90036,FUR-BO-10004218,Furniture,Bookcases,"Bush Heritage Pine Collection 5-Shelf Bookcase, Albany Pine Finish, *Special Order",599.165,5,0.15,35.245000000000005
CA-2013-128223,2018-06-15,2018-06-15,Same Day,EB-13705,Ed Braxton,Corporate,Anaheim,California,92804,FUR-TA-10001771,Furniture,Tables,"Bush Cubix Conference Tables, Fully Assembled",1293.4879999999998,7,0.2,80.84300000000007
CA-2013-132304,2018-06-15,2018-06-19,Standard Class,AR-10825,Anthony Rawles,Corporate,Seattle,Washington,98103,FUR-TA-10004619,Furniture,Tables,Hon Non-Folding Utility Tables,1115.17,7,0.0,334.55099999999993
CA-2013-148593,2018-06-17,2018-06-19,Second Class,BD-11320,Bill Donatelli,Consumer,Los Angeles,California,90045,OFF-PA-10001776,Office Supplies,Paper,"Wirebound Message Books, Four 2 3/4"" x 5"" Forms per Page, 600 Sets per Book",46.349999999999994,5,0.0,21.784499999999998
CA-2013-159345,2018-06-18,2018-06-23,Standard Class,IG-15085,Ivan Gibson,Consumer,San Diego,California,92024,OFF-PA-10000806,Office Supplies,Paper,Xerox 1934,111.96,2,0.0,54.8604
CA-2013-123512,2018-06-18,2018-06-20,First Class,MV-18190,Mike Vittorini,Consumer,Los Angeles,California,90045,FUR-BO-10004218,Furniture,Bookcases,"Bush Heritage Pine Collection 5-Shelf Bookcase, Albany Pine Finish, *Special Order",239.66599999999997,2,0.15,14.097999999999999
CA-2013-123512,2018-06-18,2018-06-20,First Class,MV-18190,Mike Vittorini,Consumer,Los Angeles,California,90045,OFF-LA-10000081,Office Supplies,Labels,Avery 496,22.5,6,0.0,10.799999999999999
CA-2013-123512,2018-06-18,2018-06-20,First Class,MV-18190,Mike Vittorini,Consumer,Los Angeles,California,90045,OFF-PA-10001497,Office Supplies,Paper,Xerox 1914,219.84,4,0.0,107.7216
CA-2013-107146,2018-06-18,2018-06-20,First Class,LC-16885,Lena Creighton,Consumer,Longmont,Colorado,80501,FUR-FU-10002298,Furniture,Furnishings,"Rubbermaid ClusterMat Chairmats, Mat Size- 66"" x 60"", Lip 20"" x 11"" -90 Degree Angle",266.35200000000003,3,0.2,-13.317600000000013
CA-2013-107146,2018-06-18,2018-06-20,First Class,LC-16885,Lena Creighton,Consumer,Longmont,Colorado,80501,FUR-CH-10004853,Furniture,Chairs,"Global Manager's Adjustable Task Chair, Storm",483.13599999999997,4,0.2,54.352799999999945
CA-2013-105760,2018-06-20,2018-06-21,First Class,KC-16255,Karen Carlisle,Corporate,San Francisco,California,94110,OFF-PA-10000350,Office Supplies,Paper,"Message Book, Standard Line ""While You Were Out"", 5 1/2"" X 4"", 200 Sets/Book",17.12,2,0.0,8.0464
CA-2013-152534,2018-06-21,2018-06-26,Second Class,DP-13105,Dave Poirier,Corporate,Salinas,California,93905,OFF-AR-10002335,Office Supplies,Art,DIXON Oriole Pencils,5.16,2,0.0,1.3416000000000001
CA-2013-152534,2018-06-21,2018-06-26,Second Class,DP-13105,Dave Poirier,Corporate,Salinas,California,93905,OFF-PA-10001870,Office Supplies,Paper,Xerox 202,38.88,6,0.0,18.6624
CA-2013-141397,2018-06-21,2018-06-22,First Class,RC-19825,Roy Collins,Consumer,Pasadena,California,91104,OFF-PA-10002986,Office Supplies,Paper,Xerox 1898,46.76,7,0.0,22.4448
CA-2013-141397,2018-06-21,2018-06-22,First Class,RC-19825,Roy Collins,Consumer,Pasadena,California,91104,OFF-BI-10000320,Office Supplies,Binders,GBC Plastic Binding Combs,17.712,3,0.2,6.420600000000001
CA-2013-141397,2018-06-21,2018-06-22,First Class,RC-19825,Roy Collins,Consumer,Pasadena,California,91104,OFF-AP-10003971,Office Supplies,Appliances,Belkin 6 Outlet Metallic Surge Strip,21.78,2,0.0,5.662800000000001
CA-2013-141397,2018-06-21,2018-06-22,First Class,RC-19825,Roy Collins,Consumer,Pasadena,California,91104,OFF-ST-10001469,Office Supplies,Storage,Fellowes Bankers Box Recycled Super Stor/Drawer,161.94,3,0.0,9.716399999999993
CA-2013-141397,2018-06-21,2018-06-22,First Class,RC-19825,Roy Collins,Consumer,Pasadena,California,91104,FUR-CH-10003846,Furniture,Chairs,Hon Valutask Swivel Chairs,161.568,2,0.2,-8.078399999999995
CA-2013-140382,2018-06-24,2018-06-26,Second Class,RD-19900,Ruben Dartt,Consumer,San Francisco,California,94109,OFF-ST-10003638,Office Supplies,Storage,Mobile Personal File Cube,93.68,4,0.0,25.293599999999998
CA-2013-140382,2018-06-24,2018-06-26,Second Class,RD-19900,Ruben Dartt,Consumer,San Francisco,California,94109,OFF-LA-10001934,Office Supplies,Labels,Avery 516,21.93,3,0.0,10.307099999999998
CA-2013-140382,2018-06-24,2018-06-26,Second Class,RD-19900,Ruben Dartt,Consumer,San Francisco,California,94109,TEC-PH-10003012,Technology,Phones,Nortel Meridian M3904 Professional Digital phone,862.344,7,0.2,97.01369999999986
CA-2013-140382,2018-06-24,2018-06-26,Second Class,RD-19900,Ruben Dartt,Consumer,San Francisco,California,94109,OFF-PA-10001019,Office Supplies,Paper,Xerox 1884,19.98,1,0.0,9.3906
CA-2013-130680,2018-06-25,2018-06-30,Standard Class,BD-11320,Bill Donatelli,Consumer,San Diego,California,92024,TEC-PH-10004833,Technology,Phones,Macally Suction Cup Mount,38.24,4,0.2,-9.56
CA-2013-100300,2018-06-25,2018-06-27,Second Class,MJ-17740,Max Jones,Consumer,San Diego,California,92037,TEC-MA-10000984,Technology,Machines,Okidata MB760 Printer,4476.8,4,0.2,503.63999999999965
CA-2013-100300,2018-06-25,2018-06-27,Second Class,MJ-17740,Max Jones,Consumer,San Diego,California,92037,OFF-PA-10000418,Office Supplies,Paper,Xerox 189,104.85,1,0.0,50.327999999999996
CA-2013-100300,2018-06-25,2018-06-27,Second Class,MJ-17740,Max Jones,Consumer,San Diego,California,92037,OFF-AP-10001242,Office Supplies,Appliances,APC 7 Outlet Network SurgeArrest Surge Protector,241.44,3,0.0,72.43199999999999
CA-2013-118913,2018-06-26,2018-06-30,Standard Class,AS-10240,Alan Shonely,Consumer,Los Angeles,California,90049,OFF-AP-10000692,Office Supplies,Appliances,Fellowes Mighty 8 Compact Surge Protector,60.81,3,0.0,17.0268
CA-2013-114951,2018-06-27,2018-07-04,Standard Class,DN-13690,Duane Noonan,Consumer,San Francisco,California,94109,FUR-FU-10002364,Furniture,Furnishings,"Eldon Expressions Wood Desk Accessories, Oak",22.14,3,0.0,6.420599999999998
CA-2013-144015,2018-06-27,2018-06-27,Same Day,AH-10075,Adam Hart,Corporate,Los Angeles,California,90036,OFF-SU-10003505,Office Supplies,Supplies,Premier Electric Letter Opener,231.72,2,0.0,11.585999999999984
CA-2013-144015,2018-06-27,2018-06-27,Same Day,AH-10075,Adam Hart,Corporate,Los Angeles,California,90036,OFF-FA-10000624,Office Supplies,Fasteners,OIC Binder Clips,17.9,5,0.0,8.95
CA-2013-144015,2018-06-27,2018-06-27,Same Day,AH-10075,Adam Hart,Corporate,Los Angeles,California,90036,OFF-PA-10002870,Office Supplies,Paper,"Ampad Phone Message Book, Recycled, 400 Message Capacity, 5 ¾” x 11”",12.48,2,0.0,5.616
CA-2013-161928,2018-06-28,2018-06-30,Second Class,AC-10660,Anna Chung,Consumer,San Francisco,California,94109,TEC-PH-10003484,Technology,Phones,Ooma Telo VoIP Home Phone System,201.584,2,0.2,12.599000000000004
CA-2013-161095,2018-06-29,2018-06-29,Same Day,CS-12250,Chris Selesnick,Corporate,Los Angeles,California,90032,OFF-BI-10002764,Office Supplies,Binders,Recycled Pressboard Report Cover with Reinforced Top Hinge,7.752000000000001,3,0.2,2.8101
CA-2013-161095,2018-06-29,2018-06-29,Same Day,CS-12250,Chris Selesnick,Corporate,Los Angeles,California,90032,OFF-BI-10001524,Office Supplies,Binders,GBC Premium Transparent Covers with Diagonal Lined Pattern,33.568000000000005,2,0.2,11.748799999999997
CA-2013-139997,2018-07-02,2018-07-04,First Class,EM-14140,Eugene Moren,Home Office,Lehi,Utah,84043,TEC-CO-10000971,Technology,Copiers,Hewlett Packard 310 Color Digital Copier,1499.95,5,0.0,449.9849999999999
US-2013-158680,2018-07-02,2018-07-03,First Class,NZ-18565,Nick Zandusky,Home Office,Seattle,Washington,98115,OFF-BI-10000145,Office Supplies,Binders,Zipper Ring Binder Pockets,2.4960000000000004,1,0.2,0.9047999999999998
CA-2013-149314,2018-07-03,2018-07-08,Second Class,GB-14530,George Bell,Corporate,Los Angeles,California,90004,FUR-CH-10002126,Furniture,Chairs,Hon Deluxe Fabric Upholstered Stacking Chairs,195.184,1,0.2,19.518400000000007
CA-2013-130029,2018-07-04,2018-07-07,First Class,GT-14755,Guy Thornton,Consumer,Los Angeles,California,90049,OFF-PA-10000552,Office Supplies,Paper,Xerox 200,12.96,2,0.0,6.2208000000000006
CA-2013-130029,2018-07-04,2018-07-07,First Class,GT-14755,Guy Thornton,Consumer,Los Angeles,California,90049,OFF-FA-10001135,Office Supplies,Fasteners,"Brites Rubber Bands, 1 1/2 oz. Box",3.96,2,0.0,0.07920000000000016
CA-2013-147137,2018-07-05,2018-07-07,First Class,AA-10645,Anna Andreadi,Consumer,San Francisco,California,94109,FUR-FU-10000221,Furniture,Furnishings,"Master Caster Door Stop, Brown",25.4,5,0.0,8.636
CA-2013-147137,2018-07-05,2018-07-07,First Class,AA-10645,Anna Andreadi,Consumer,San Francisco,California,94109,OFF-EN-10003567,Office Supplies,Envelopes,"Inter-Office Recycled Envelopes, Brown Kraft, Button-String,10"" x 13"" , 100/Box",43.96,2,0.0,20.6612
CA-2013-147137,2018-07-05,2018-07-07,First Class,AA-10645,Anna Andreadi,Consumer,San Francisco,California,94109,FUR-BO-10001811,Furniture,Bookcases,"Atlantic Metals Mobile 5-Shelf Bookcases, Custom Colors",1279.165,5,0.15,225.73499999999993
CA-2013-147137,2018-07-05,2018-07-07,First Class,AA-10645,Anna Andreadi,Consumer,San Francisco,California,94109,OFF-ST-10002486,Office Supplies,Storage,Eldon Shelf Savers Cubes and Bins,27.92,4,0.0,0.5583999999999989
CA-2013-103107,2018-07-05,2018-07-05,Same Day,RB-19465,Rick Bensley,Home Office,Seattle,Washington,98103,FUR-FU-10000221,Furniture,Furnishings,"Master Caster Door Stop, Brown",25.4,5,0.0,8.636
CA-2013-103107,2018-07-05,2018-07-05,Same Day,RB-19465,Rick Bensley,Home Office,Seattle,Washington,98103,TEC-PH-10001198,Technology,Phones,Avaya 4621SW VoIP phone,177.48000000000002,3,0.2,19.966499999999982
CA-2013-103107,2018-07-05,2018-07-05,Same Day,RB-19465,Rick Bensley,Home Office,Seattle,Washington,98103,TEC-PH-10002564,Technology,Phones,OtterBox Defender Series Case - Samsung Galaxy S4,71.976,3,0.2,8.99699999999999
CA-2013-100965,2018-07-08,2018-07-12,Standard Class,RM-19375,Raymond Messe,Consumer,San Jose,California,95123,FUR-FU-10003039,Furniture,Furnishings,"Howard Miller 11-1/2"" Diameter Grantwood Wall Clock",215.65,5,0.0,73.321
CA-2013-135265,2018-07-08,2018-07-10,Second Class,CC-12370,Christopher Conant,Consumer,Los Angeles,California,90045,FUR-CH-10003061,Furniture,Chairs,"Global Leather Task Chair, Black",287.968,4,0.2,-3.599600000000052
CA-2013-135265,2018-07-08,2018-07-10,Second Class,CC-12370,Christopher Conant,Consumer,Los Angeles,California,90045,TEC-CO-10003763,Technology,Copiers,Canon PC1060 Personal Laser Copier,2799.9600000000005,5,0.2,944.9864999999999
CA-2013-135265,2018-07-08,2018-07-10,Second Class,CC-12370,Christopher Conant,Consumer,Los Angeles,California,90045,OFF-PA-10002923,Office Supplies,Paper,Xerox 1942,48.94,1,0.0,24.47
CA-2013-106397,2018-07-08,2018-07-14,Standard Class,MJ-17740,Max Jones,Consumer,Orem,Utah,84057,OFF-PA-10003441,Office Supplies,Paper,Xerox 226,12.96,2,0.0,6.2208000000000006
CA-2013-106397,2018-07-08,2018-07-14,Standard Class,MJ-17740,Max Jones,Consumer,Orem,Utah,84057,OFF-AR-10004602,Office Supplies,Art,Boston KS Multi-Size Manual Pencil Sharpener,45.98,2,0.0,12.874400000000001
CA-2013-112109,2018-07-09,2018-07-13,Standard Class,JE-15715,Joe Elijah,Consumer,Broomfield,Colorado,80020,OFF-BI-10002082,Office Supplies,Binders,GBC Twin Loop Wire Binding Elements,19.968000000000004,2,0.7,-13.311999999999998
CA-2013-112109,2018-07-09,2018-07-13,Standard Class,JE-15715,Joe Elijah,Consumer,Broomfield,Colorado,80020,OFF-ST-10001505,Office Supplies,Storage,"Perma STOR-ALL Hanging File Box, 13 1/8""W x 12 1/4""D x 10 1/2""H",33.48800000000001,7,0.2,-1.2558000000000051
CA-2013-112109,2018-07-09,2018-07-13,Standard Class,JE-15715,Joe Elijah,Consumer,Broomfield,Colorado,80020,OFF-BI-10001634,Office Supplies,Binders,Wilson Jones Active Use Binders,8.736000000000002,4,0.7,-6.1152
CA-2013-112109,2018-07-09,2018-07-13,Standard Class,JE-15715,Joe Elijah,Consumer,Broomfield,Colorado,80020,FUR-CH-10004287,Furniture,Chairs,SAFCO Arco Folding Chair,662.88,3,0.2,74.57399999999996
CA-2013-155474,2018-07-09,2018-07-15,Standard Class,CC-12220,Chris Cortes,Consumer,Seattle,Washington,98105,TEC-PH-10001580,Technology,Phones,Logitech Mobile Speakerphone P710e - speaker phone,107.984,1,0.2,9.448599999999995
CA-2013-155474,2018-07-09,2018-07-15,Standard Class,CC-12220,Chris Cortes,Consumer,Seattle,Washington,98105,OFF-BI-10004209,Office Supplies,Binders,"Fellowes Twister Kit, Gray/Clear, 3/pkg",19.296,3,0.2,6.029999999999999
CA-2013-126613,2018-07-11,2018-07-17,Standard Class,AA-10375,Allen Armold,Consumer,Mesa,Arizona,85204,OFF-ST-10001325,Office Supplies,Storage,Sterilite Officeware Hinged File Box,16.768,2,0.2,1.4672
CA-2013-134222,2018-07-11,2018-07-12,Same Day,NZ-18565,Nick Zandusky,Home Office,Yuma,Arizona,85364,OFF-BI-10001658,Office Supplies,Binders,GBC Standard Therm-A-Bind Covers,44.85600000000001,6,0.7,-35.884799999999984
CA-2013-103891,2018-07-13,2018-07-20,Standard Class,KH-16690,Kristen Hastings,Corporate,Los Angeles,California,90008,TEC-PH-10000149,Technology,Phones,Cisco SPA525G2 IP Phone - Wireless,95.76,6,0.2,7.181999999999995
CA-2013-136924,2018-07-15,2018-07-18,First Class,ES-14080,Erin Smith,Corporate,Tucson,Arizona,85705,TEC-PH-10002262,Technology,Phones,LG Electronics Tone+ HBS-730 Bluetooth Headset,380.86400000000003,8,0.2,38.086400000000026
CA-2013-109953,2018-07-15,2018-07-19,Standard Class,RB-19360,Raymond Buch,Consumer,San Francisco,California,94122,TEC-PH-10004093,Technology,Phones,Panasonic Kx-TS550,110.376,3,0.2,12.417299999999997
CA-2013-109953,2018-07-15,2018-07-19,Standard Class,RB-19360,Raymond Buch,Consumer,San Francisco,California,94122,OFF-AP-10002998,Office Supplies,Appliances,Holmes 99% HEPA Air Purifier,151.62,7,0.0,50.03459999999999
CA-2013-109953,2018-07-15,2018-07-19,Standard Class,RB-19360,Raymond Buch,Consumer,San Francisco,California,94122,FUR-FU-10000073,Furniture,Furnishings,Deflect-O Glasstique Clear Desk Accessories,30.8,4,0.0,10.163999999999998
CA-2013-122322,2018-07-16,2018-07-22,Standard Class,RH-19510,Rick Huthwaite,Home Office,Provo,Utah,84604,OFF-SU-10000952,Office Supplies,Supplies,Fiskars Home & Office Scissors,44.400000000000006,5,0.0,12.432000000000002
US-2013-168095,2018-07-16,2018-07-21,Standard Class,MC-17425,Mark Cousins,Corporate,Portland,Oregon,97206,FUR-CH-10004886,Furniture,Chairs,Bevis Steel Folding Chairs,230.28000000000003,3,0.2,23.02799999999999
US-2013-168095,2018-07-16,2018-07-21,Standard Class,MC-17425,Mark Cousins,Corporate,Portland,Oregon,97206,OFF-PA-10003641,Office Supplies,Paper,Xerox 1909,105.52,5,0.2,34.294
CA-2013-101343,2018-07-18,2018-07-23,Standard Class,RA-19885,Ruben Ausman,Corporate,Los Angeles,California,90049,OFF-ST-10003479,Office Supplies,Storage,"Eldon Base for stackable storage shelf, platinum",77.88,2,0.0,3.8939999999999912
US-2013-139087,2018-07-18,2018-07-23,Second Class,DK-13375,Dennis Kane,Consumer,Seattle,Washington,98105,FUR-FU-10001847,Furniture,Furnishings,Eldon Image Series Black Desk Accessories,12.419999999999998,3,0.0,4.4712
US-2013-139087,2018-07-18,2018-07-23,Second Class,DK-13375,Dennis Kane,Consumer,Seattle,Washington,98105,TEC-AC-10004595,Technology,Accessories,First Data TMFD35 PIN Pad,428.40000000000003,3,0.0,89.964
US-2013-139087,2018-07-18,2018-07-23,Second Class,DK-13375,Dennis Kane,Consumer,Seattle,Washington,98105,FUR-FU-10004164,Furniture,Furnishings,"Eldon 300 Class Desk Accessories, Black",24.75,5,0.0,10.890000000000002
US-2013-139087,2018-07-18,2018-07-23,Second Class,DK-13375,Dennis Kane,Consumer,Seattle,Washington,98105,OFF-LA-10001074,Office Supplies,Labels,Round Specialty Laser Printer Labels,87.71,7,0.0,41.223699999999994
US-2013-139087,2018-07-18,2018-07-23,Second Class,DK-13375,Dennis Kane,Consumer,Seattle,Washington,98105,OFF-ST-10000604,Office Supplies,Storage,Home/Office Personal File Carts,69.52,2,0.0,17.379999999999995
US-2013-139087,2018-07-18,2018-07-23,Second Class,DK-13375,Dennis Kane,Consumer,Seattle,Washington,98105,TEC-PH-10000148,Technology,Phones,Cyber Acoustics AC-202b Speech Recognition Stereo Headset,20.784000000000002,2,0.2,-4.6764
US-2013-139087,2018-07-18,2018-07-23,Second Class,DK-13375,Dennis Kane,Consumer,Seattle,Washington,98105,OFF-BI-10000042,Office Supplies,Binders,"Pressboard Data Binder, Crimson, 12"" X 8 1/2""",12.816,3,0.2,4.165199999999999
CA-2013-114727,2018-07-19,2018-07-25,Standard Class,LS-16945,Linda Southworth,Corporate,Denver,Colorado,80219,FUR-CH-10002335,Furniture,Chairs,Hon GuestStacker Chair,544.008,3,0.2,40.8006
CA-2013-114727,2018-07-19,2018-07-25,Standard Class,LS-16945,Linda Southworth,Corporate,Denver,Colorado,80219,OFF-BI-10004967,Office Supplies,Binders,Round Ring Binders,1.8720000000000003,3,0.7,-1.4352
CA-2013-114727,2018-07-19,2018-07-25,Standard Class,LS-16945,Linda Southworth,Corporate,Denver,Colorado,80219,FUR-CH-10002331,Furniture,Chairs,Hon 4700 Series Mobuis Mid-Back Task Chairs with Adjustable Arms,854.3520000000001,3,0.2,10.679399999999873
CA-2013-114727,2018-07-19,2018-07-25,Standard Class,LS-16945,Linda Southworth,Corporate,Denver,Colorado,80219,OFF-ST-10002292,Office Supplies,Storage,"Sauder Facets Collection Locker/File Cabinet, Sky Alder Finish",593.5680000000001,2,0.2,0.0
CA-2013-114727,2018-07-19,2018-07-25,Standard Class,LS-16945,Linda Southworth,Corporate,Denver,Colorado,80219,OFF-ST-10000689,Office Supplies,Storage,"Fellowes Strictly Business Drawer File, Letter/Legal Size",338.04,3,0.2,-33.804
CA-2013-161676,2018-07-19,2018-07-24,Standard Class,JP-15460,Jennifer Patt,Corporate,Glendale,Arizona,85301,OFF-SU-10004782,Office Supplies,Supplies,"Elite 5"" Scissors",33.8,5,0.2,4.224999999999998
CA-2013-162110,2018-07-19,2018-07-23,Standard Class,NP-18670,Nora Paige,Consumer,Phoenix,Arizona,85023,TEC-PH-10001924,Technology,Phones,iHome FM Clock Radio with Lightning Dock,55.992,1,0.2,3.499500000000003
CA-2013-157217,2018-07-20,2018-07-22,First Class,TC-21535,Tracy Collins,Home Office,San Francisco,California,94110,TEC-PH-10002070,Technology,Phones,Griffin GC36547 PowerJolt SE Lightning Charger,35.984,2,0.2,4.497999999999996
CA-2013-157217,2018-07-20,2018-07-22,First Class,TC-21535,Tracy Collins,Home Office,San Francisco,California,94110,TEC-AC-10003095,Technology,Accessories,Logitech G35 7.1-Channel Surround Sound Headset,389.97,3,0.0,132.58980000000003
CA-2013-160941,2018-07-22,2018-07-27,Standard Class,DK-12835,Damala Kotsonis,Corporate,Roseville,California,95661,OFF-EN-10003001,Office Supplies,Envelopes,Ames Color-File Green Diamond Border X-ray Mailers,419.90000000000003,5,0.0,197.35299999999998
CA-2013-160941,2018-07-22,2018-07-27,Standard Class,DK-12835,Damala Kotsonis,Corporate,Roseville,California,95661,OFF-LA-10003766,Office Supplies,Labels,Self-Adhesive Removable Labels,3.15,1,0.0,1.512
CA-2013-144855,2018-07-23,2018-07-25,Second Class,DL-13495,Dionis Lloyd,Corporate,San Francisco,California,94110,OFF-LA-10003766,Office Supplies,Labels,Self-Adhesive Removable Labels,6.3,2,0.0,3.024
CA-2013-140613,2018-07-23,2018-07-30,Standard Class,KN-16705,Kristina Nunn,Home Office,Sparks,Nevada,89431,OFF-SU-10004261,Office Supplies,Supplies,"Fiskars 8"" Scissors, 2/Pack",86.19999999999999,5,0.0,24.997999999999987
CA-2013-126158,2018-07-26,2018-08-01,Standard Class,SC-20095,Sanjit Chand,Consumer,Costa Mesa,California,92627,OFF-BI-10002498,Office Supplies,Binders,Clear Mylar Reinforcing Strips,119.61600000000001,8,0.2,40.3704
CA-2013-126158,2018-07-26,2018-08-01,Standard Class,SC-20095,Sanjit Chand,Consumer,Costa Mesa,California,92627,FUR-FU-10004864,Furniture,Furnishings,"Howard Miller 14-1/2"" Diameter Chrome Round Wall Clock",255.76,4,0.0,81.8432
CA-2013-126158,2018-07-26,2018-08-01,Standard Class,SC-20095,Sanjit Chand,Consumer,Costa Mesa,California,92627,FUR-CH-10002602,Furniture,Chairs,DMI Arturo Collection Mission-style Design Wood Chair,241.56799999999998,2,0.2,18.11760000000001
CA-2013-126158,2018-07-26,2018-08-01,Standard Class,SC-20095,Sanjit Chand,Consumer,Costa Mesa,California,92627,FUR-FU-10000073,Furniture,Furnishings,Deflect-O Glasstique Clear Desk Accessories,69.3,9,0.0,22.868999999999996
CA-2013-111115,2018-07-26,2018-07-28,Second Class,LB-16735,Larry Blacks,Consumer,Los Angeles,California,90032,OFF-FA-10000624,Office Supplies,Fasteners,OIC Binder Clips,21.48,6,0.0,10.74
CA-2013-149335,2018-07-26,2018-07-26,Same Day,BC-11125,Becky Castell,Home Office,San Francisco,California,94122,OFF-AR-10001419,Office Supplies,Art,Newell 325,37.17,9,0.0,11.151
CA-2013-140046,2018-07-29,2018-08-04,Standard Class,KM-16660,Khloe Miller,Consumer,Los Angeles,California,90032,OFF-LA-10000305,Office Supplies,Labels,Avery 495,18.9,3,0.0,8.693999999999999
CA-2013-112585,2018-07-31,2018-08-03,First Class,RW-19630,Rob Williams,Corporate,San Francisco,California,94122,OFF-AP-10003849,Office Supplies,Appliances,Hoover Shoulder Vac Commercial Portable Vacuum,715.64,2,0.0,178.90999999999997
CA-2013-144148,2018-08-01,2018-08-06,Standard Class,AH-10690,Anna Häberlin,Corporate,San Francisco,California,94122,FUR-TA-10002774,Furniture,Tables,Laminate Occasional Tables,863.128,7,0.2,-32.367300000000085
CA-2013-155978,2018-08-02,2018-08-02,Same Day,TS-21205,Thomas Seio,Corporate,Riverside,California,92503,TEC-PH-10002885,Technology,Phones,Apple iPhone 5,1039.728,2,0.2,90.97620000000006
CA-2013-155978,2018-08-02,2018-08-02,Same Day,TS-21205,Thomas Seio,Corporate,Riverside,California,92503,OFF-AP-10002892,Office Supplies,Appliances,Belkin F5C206VTEL 6 Outlet Surge,45.96,2,0.0,13.787999999999997
CA-2013-156265,2018-08-03,2018-08-05,Second Class,BF-11020,Barry Französisch,Corporate,Los Angeles,California,90032,FUR-TA-10001691,Furniture,Tables,"Barricks Non-Folding Utility Table with Steel Legs, Laminate Tops",136.46400000000003,2,0.2,15.35219999999999
CA-2013-156265,2018-08-03,2018-08-05,Second Class,BF-11020,Barry Französisch,Corporate,Los Angeles,California,90032,TEC-PH-10001918,Technology,Phones,Nortel Business Series Terminal T7208 Digital phone,333.576,3,0.2,33.35760000000002
CA-2013-156265,2018-08-03,2018-08-05,Second Class,BF-11020,Barry Französisch,Corporate,Los Angeles,California,90032,OFF-BI-10000285,Office Supplies,Binders,XtraLife ClearVue Slant-D Ring Binders by Cardinal,12.544,2,0.2,4.704
CA-2013-111913,2018-08-05,2018-08-07,Second Class,LC-16930,Linda Cazamias,Corporate,Sacramento,California,95823,TEC-PH-10002275,Technology,Phones,Mitel 5320 IP Phone VoIP phone,302.384,2,0.2,30.238400000000013
CA-2013-111913,2018-08-05,2018-08-07,Second Class,LC-16930,Linda Cazamias,Corporate,Sacramento,California,95823,OFF-BI-10003291,Office Supplies,Binders,Wilson Jones Leather-Like Binders with DublLock Round Rings,20.952,3,0.2,7.071299999999998
CA-2013-111913,2018-08-05,2018-08-07,Second Class,LC-16930,Linda Cazamias,Corporate,Sacramento,California,95823,OFF-BI-10000343,Office Supplies,Binders,"Pressboard Covers with Storage Hooks, 9 1/2"" x 11"", Light Blue",11.784,3,0.2,3.9770999999999996
CA-2013-151092,2018-08-07,2018-08-14,Standard Class,VG-21790,Vivek Gonzalez,Consumer,Los Angeles,California,90032,TEC-PH-10001700,Technology,Phones,Panasonic KX-TG6844B Expandable Digital Cordless Telephone,211.168,4,0.2,18.47720000000001
CA-2013-148516,2018-08-08,2018-08-12,Standard Class,DW-13585,Dorothy Wardle,Corporate,Edmonds,Washington,98026,TEC-AC-10003610,Technology,Accessories,Logitech Illuminated - Keyboard,179.97,3,0.0,86.38560000000001
CA-2013-107328,2018-08-09,2018-08-16,Standard Class,CA-12055,Cathy Armstrong,Home Office,Los Angeles,California,90036,FUR-TA-10001932,Furniture,Tables,"Chromcraft 48"" x 96"" Racetrack Double Pedestal Table",513.024,2,0.2,12.82559999999998
CA-2013-107328,2018-08-09,2018-08-16,Standard Class,CA-12055,Cathy Armstrong,Home Office,Los Angeles,California,90036,OFF-AP-10004487,Office Supplies,Appliances,Kensington 4 Outlet MasterPiece Compact Power Control Center,487.91999999999996,6,0.0,136.61759999999998
CA-2013-107328,2018-08-09,2018-08-16,Standard Class,CA-12055,Cathy Armstrong,Home Office,Los Angeles,California,90036,OFF-BI-10002160,Office Supplies,Binders,Acco Hanging Data Binders,15.24,5,0.2,5.334
CA-2013-136021,2018-08-15,2018-08-19,Standard Class,JM-15580,Jill Matthias,Consumer,Los Angeles,California,90045,OFF-PA-10000551,Office Supplies,Paper,Array Memo Cubes,15.54,3,0.0,7.614599999999999
CA-2013-136021,2018-08-15,2018-08-19,Standard Class,JM-15580,Jill Matthias,Consumer,Los Angeles,California,90045,TEC-MA-10000423,Technology,Machines,Texas Instruments TI-34 Scientific Calculator,105.55199999999999,6,0.2,35.623799999999996
US-2013-123470,2018-08-16,2018-08-22,Standard Class,ME-17725,Max Engle,Consumer,Aurora,Colorado,80013,OFF-BI-10001989,Office Supplies,Binders,Premium Transparent Presentation Covers by GBC,18.882000000000005,3,0.7,-13.846800000000002
US-2013-123470,2018-08-16,2018-08-22,Standard Class,ME-17725,Max Engle,Consumer,Aurora,Colorado,80013,OFF-AP-10003287,Office Supplies,Appliances,Tripp Lite TLP810NET Broadband Surge for Modem/Fax,122.328,3,0.2,12.232799999999997
CA-2013-166163,2018-08-16,2018-08-21,Second Class,CY-12745,Craig Yedwab,Corporate,Oakland,California,94601,TEC-PH-10004896,Technology,Phones,Nokia Lumia 521 (T-Mobile),71.976,3,0.2,7.197600000000005
CA-2013-166163,2018-08-16,2018-08-21,Second Class,CY-12745,Craig Yedwab,Corporate,Oakland,California,94601,OFF-LA-10000452,Office Supplies,Labels,Avery 488,3.15,1,0.0,1.512
CA-2013-167241,2018-08-16,2018-08-23,Standard Class,BD-11320,Bill Donatelli,Consumer,Los Angeles,California,90004,FUR-FU-10004071,Furniture,Furnishings,Luxo Professional Magnifying Clamp-On Fluorescent Lamps,312.03000000000003,3,0.0,43.68420000000002
CA-2013-167241,2018-08-16,2018-08-23,Standard Class,BD-11320,Bill Donatelli,Consumer,Los Angeles,California,90004,OFF-ST-10001505,Office Supplies,Storage,"Perma STOR-ALL Hanging File Box, 13 1/8""W x 12 1/4""D x 10 1/2""H",17.94,3,0.0,3.0497999999999985
CA-2013-167241,2018-08-16,2018-08-23,Standard Class,BD-11320,Bill Donatelli,Consumer,Los Angeles,California,90004,TEC-PH-10004614,Technology,Phones,AT&T 841000 Phone,165.60000000000002,3,0.2,10.349999999999994
CA-2013-167241,2018-08-16,2018-08-23,Standard Class,BD-11320,Bill Donatelli,Consumer,Los Angeles,California,90004,OFF-PA-10004911,Office Supplies,Paper,"Rediform S.O.S. 1-Up Phone Message Bk, 4-1/4x3-1/16 Bk, 1 Form/Pg, 40 Messages/Bk, 3/Pk",37.52,4,0.0,18.009600000000002
CA-2013-150343,2018-08-17,2018-08-21,Standard Class,PK-19075,Pete Kriz,Consumer,San Francisco,California,94110,OFF-EN-10004030,Office Supplies,Envelopes,Convenience Packs of Business Envelopes,10.86,3,0.0,5.1042000000000005
CA-2013-148096,2018-08-17,2018-08-20,First Class,AO-10810,Anthony O'Donnell,Corporate,Los Angeles,California,90045,FUR-TA-10004152,Furniture,Tables,"Barricks 18"" x 48"" Non-Folding Utility Table with Bottom Storage Shelf",161.28,2,0.2,12.095999999999997
CA-2013-113117,2018-08-17,2018-08-23,Standard Class,JP-15520,Jeremy Pistek,Consumer,Davis,California,95616,OFF-PA-10000019,Office Supplies,Paper,Xerox 1931,32.400000000000006,5,0.0,15.552000000000001
US-2013-157308,2018-08-18,2018-08-22,Standard Class,NM-18520,Neoma Murray,Consumer,Seattle,Washington,98105,OFF-BI-10003712,Office Supplies,Binders,"Acco Pressboard Covers with Storage Hooks, 14 7/8"" x 11"", Light Blue",15.712000000000002,4,0.2,5.695599999999999
US-2013-126452,2018-08-22,2018-08-29,Standard Class,SC-20230,Scot Coram,Corporate,Los Angeles,California,90004,OFF-BI-10004465,Office Supplies,Binders,Avery Durable Slant Ring Binders,12.672,2,0.2,4.752
US-2013-126452,2018-08-22,2018-08-29,Standard Class,SC-20230,Scot Coram,Corporate,Los Angeles,California,90004,TEC-PH-10003555,Technology,Phones,Motorola HK250 Universal Bluetooth Headset,91.96,5,0.2,-20.690999999999992
US-2013-126452,2018-08-22,2018-08-29,Standard Class,SC-20230,Scot Coram,Corporate,Los Angeles,California,90004,TEC-AC-10000844,Technology,Accessories,Logitech Gaming G510s - Keyboard,254.96999999999997,3,0.0,91.7892
US-2013-126452,2018-08-22,2018-08-29,Standard Class,SC-20230,Scot Coram,Corporate,Los Angeles,California,90004,TEC-PH-10003187,Technology,Phones,Anker Astro Mini 3000mAh Ultra-Compact Portable Charger,31.983999999999998,2,0.2,-7.9959999999999996
US-2013-126452,2018-08-22,2018-08-29,Standard Class,SC-20230,Scot Coram,Corporate,Los Angeles,California,90004,FUR-TA-10003569,Furniture,Tables,Bretford CR8500 Series Meeting Room Furniture,2887.0560000000005,9,0.2,180.44099999999992
US-2013-126452,2018-08-22,2018-08-29,Standard Class,SC-20230,Scot Coram,Corporate,Los Angeles,California,90004,OFF-PA-10003848,Office Supplies,Paper,Xerox 1997,12.96,2,0.0,6.2208000000000006
US-2013-126452,2018-08-22,2018-08-29,Standard Class,SC-20230,Scot Coram,Corporate,Los Angeles,California,90004,OFF-PA-10002606,Office Supplies,Paper,Xerox 1928,47.52,9,0.0,21.384
CA-2013-167983,2018-08-22,2018-08-25,Second Class,RP-19270,Rachel Payne,Corporate,Seattle,Washington,98115,OFF-BI-10003727,Office Supplies,Binders,Avery Durable Slant Ring Binders With Label Holder,33.44,10,0.2,11.703999999999997
CA-2013-130484,2018-08-23,2018-08-28,Standard Class,SG-20470,Sheri Gordon,Consumer,Gresham,Oregon,97030,OFF-BI-10000088,Office Supplies,Binders,GBC Imprintable Covers,26.352000000000004,8,0.7,-18.446399999999997
US-2013-106313,2018-08-23,2018-08-27,Standard Class,DG-13300,Deirdre Greer,Corporate,Seattle,Washington,98105,OFF-PA-10001870,Office Supplies,Paper,Xerox 202,19.44,3,0.0,9.3312
US-2013-141880,2018-08-23,2018-08-24,First Class,TC-21475,Tony Chapman,Home Office,Fort Collins,Colorado,80525,FUR-FU-10001979,Furniture,Furnishings,Dana Halogen Swing-Arm Architect Lamp,98.328,3,0.2,9.832800000000006
CA-2013-140256,2018-08-23,2018-08-30,Standard Class,PW-19030,Pauline Webber,Corporate,Los Angeles,California,90049,OFF-AR-10002255,Office Supplies,Art,Newell 346,5.76,2,0.0,1.6703999999999999
CA-2013-150350,2018-08-24,2018-08-31,Standard Class,MS-17770,Maxwell Schwartz,Consumer,Seattle,Washington,98105,TEC-MA-10001972,Technology,Machines,Okidata C331dn Printer,837.5999999999999,3,0.2,62.82000000000005
CA-2013-150350,2018-08-24,2018-08-31,Standard Class,MS-17770,Maxwell Schwartz,Consumer,Seattle,Washington,98105,OFF-EN-10002504,Office Supplies,Envelopes,"Tyvek  Top-Opening Peel & Seel Envelopes, Plain White",135.9,5,0.0,63.873
CA-2013-150350,2018-08-24,2018-08-31,Standard Class,MS-17770,Maxwell Schwartz,Consumer,Seattle,Washington,98105,OFF-PA-10002160,Office Supplies,Paper,Xerox 1978,34.68,6,0.0,16.9932
CA-2013-150350,2018-08-24,2018-08-31,Standard Class,MS-17770,Maxwell Schwartz,Consumer,Seattle,Washington,98105,FUR-CH-10001973,Furniture,Chairs,Office Star Flex Back Scooter Chair with White Frame,532.7040000000001,6,0.2,-39.952800000000025
CA-2013-150350,2018-08-24,2018-08-31,Standard Class,MS-17770,Maxwell Schwartz,Consumer,Seattle,Washington,98105,OFF-AP-10001492,Office Supplies,Appliances,"Acco Six-Outlet Power Strip, 4' Cord Length",43.099999999999994,5,0.0,11.206
CA-2013-150350,2018-08-24,2018-08-31,Standard Class,MS-17770,Maxwell Schwartz,Consumer,Seattle,Washington,98105,OFF-SU-10002189,Office Supplies,Supplies,Acme Rosewood Handle Letter Opener,15.88,4,0.0,0.15879999999999939
CA-2013-105585,2018-08-27,2018-08-28,First Class,RF-19735,Roland Fjeld,Consumer,San Jose,California,95123,OFF-FA-10002983,Office Supplies,Fasteners,Advantus SlideClip Paper Clips,10.23,3,0.0,4.9104
CA-2013-105585,2018-08-27,2018-08-28,First Class,RF-19735,Roland Fjeld,Consumer,San Jose,California,95123,OFF-PA-10003625,Office Supplies,Paper,Xerox 1979,154.9,5,0.0,69.705
CA-2013-148201,2018-08-27,2018-08-30,Second Class,CC-12145,Charles Crestani,Consumer,Seattle,Washington,98103,OFF-PA-10000019,Office Supplies,Paper,Xerox 1931,6.48,1,0.0,3.1104000000000003
CA-2013-128594,2018-08-27,2018-08-30,First Class,DJ-13510,Don Jones,Corporate,San Diego,California,92037,FUR-CH-10001215,Furniture,Chairs,Global Troy Executive Leather Low-Back Tilter,1603.1360000000002,4,0.2,100.19599999999997
US-2013-100405,2018-08-27,2018-08-29,Second Class,TS-21430,Tom Stivers,Corporate,Los Angeles,California,90045,OFF-AR-10000390,Office Supplies,Art,Newell Chalk Holder,8.26,2,0.0,3.7996
US-2013-144211,2018-08-29,2018-09-03,Standard Class,CS-12130,Chad Sievert,Consumer,Englewood,Colorado,80112,OFF-PA-10002246,Office Supplies,Paper,"Wirebound Four 2-3/4 x 5 Forms per Page, 400 Sets per Book",15.48,3,0.2,5.6115
US-2013-144211,2018-08-29,2018-09-03,Standard Class,CS-12130,Chad Sievert,Consumer,Englewood,Colorado,80112,TEC-PH-10002890,Technology,Phones,AT&T 17929 Lendline Telephone,108.576,3,0.2,8.1432
CA-2013-165995,2018-08-31,2018-09-07,Standard Class,BG-11740,Bruce Geld,Consumer,Los Angeles,California,90008,FUR-FU-10000672,Furniture,Furnishings,"Executive Impressions 10"" Spectator Wall Clock",47.04,4,0.0,15.993599999999997
CA-2013-165995,2018-08-31,2018-09-07,Standard Class,BG-11740,Bruce Geld,Consumer,Los Angeles,California,90008,TEC-PH-10004908,Technology,Phones,Panasonic KX TS3282W Corded phone,339.96000000000004,5,0.2,42.49499999999995
CA-2013-120859,2018-09-02,2018-09-05,First Class,CV-12805,Cynthia Voltz,Corporate,San Francisco,California,94110,OFF-EN-10001335,Office Supplies,Envelopes,"White Business Envelopes with Contemporary Seam, Recycled White Business Envelopes",21.88,2,0.0,10.94
CA-2013-124583,2018-09-02,2018-09-04,Second Class,LB-16795,Laurel Beltran,Home Office,Huntington Beach,California,92646,OFF-EN-10002500,Office Supplies,Envelopes,Globe Weis Peel & Seel First Class Envelopes,12.78,1,0.0,5.7509999999999994
CA-2013-113096,2018-09-03,2018-09-05,First Class,SZ-20035,Sam Zeldin,Home Office,San Francisco,California,94122,OFF-ST-10003455,Office Supplies,Storage,"Tenex File Box, Personal Filing Tote with Lid, Black",46.53,3,0.0,12.097800000000001
CA-2013-166429,2018-09-03,2018-09-09,Standard Class,TG-21310,Toby Gnade,Consumer,Des Moines,Washington,98198,TEC-CO-10002095,Technology,Copiers,Hewlett Packard 610 Color Digital Copier / Printer,999.98,2,0.0,449.991
CA-2013-106278,2018-09-03,2018-09-06,Second Class,BM-11140,Becky Martin,Consumer,Des Moines,Washington,98198,FUR-CH-10003061,Furniture,Chairs,"Global Leather Task Chair, Black",215.976,3,0.2,-2.6997000000000355
CA-2013-106278,2018-09-03,2018-09-06,Second Class,BM-11140,Becky Martin,Consumer,Des Moines,Washington,98198,OFF-EN-10003567,Office Supplies,Envelopes,"Inter-Office Recycled Envelopes, Brown Kraft, Button-String,10"" x 13"" , 100/Box",65.94,3,0.0,30.9918
CA-2013-126732,2018-09-03,2018-09-07,Standard Class,LR-16915,Lena Radford,Consumer,Los Angeles,California,90036,FUR-FU-10001889,Furniture,Furnishings,Ultra Door Pull Handle,94.67999999999999,9,0.0,31.244399999999995
CA-2013-126732,2018-09-03,2018-09-07,Standard Class,LR-16915,Lena Radford,Consumer,Los Angeles,California,90036,OFF-ST-10000321,Office Supplies,Storage,Akro Stacking Bins,23.669999999999998,3,0.0,0.946799999999997
CA-2013-126732,2018-09-03,2018-09-07,Standard Class,LR-16915,Lena Radford,Consumer,Los Angeles,California,90036,TEC-PH-10001530,Technology,Phones,Cisco Unified IP Phone 7945G VoIP phone,1091.1680000000001,4,0.2,68.19799999999998
CA-2013-126732,2018-09-03,2018-09-07,Standard Class,LR-16915,Lena Radford,Consumer,Los Angeles,California,90036,OFF-AR-10004752,Office Supplies,Art,Blackstonian Pencils,18.689999999999998,7,0.0,5.2332
CA-2013-126732,2018-09-03,2018-09-07,Standard Class,LR-16915,Lena Radford,Consumer,Los Angeles,California,90036,FUR-TA-10001539,Furniture,Tables,Chromcraft Rectangular Conference Tables,568.7280000000001,3,0.2,28.436399999999935
CA-2013-126732,2018-09-03,2018-09-07,Standard Class,LR-16915,Lena Radford,Consumer,Los Angeles,California,90036,OFF-BI-10001553,Office Supplies,Binders,SpineVue Locking Slant-D Ring Binders by Cardinal,7.312000000000001,1,0.2,2.5591999999999997
CA-2013-129630,2018-09-05,2018-09-05,Same Day,IM-15055,Ionia McGrath,Consumer,San Francisco,California,94122,FUR-FU-10000260,Furniture,Furnishings,"6"" Cubicle Wall Clock, Black",24.27,3,0.0,8.7372
CA-2013-129630,2018-09-05,2018-09-05,Same Day,IM-15055,Ionia McGrath,Consumer,San Francisco,California,94122,TEC-CO-10003763,Technology,Copiers,Canon PC1060 Personal Laser Copier,2799.9600000000005,5,0.2,944.9864999999999
CA-2013-137673,2018-09-06,2018-09-11,Standard Class,ML-17395,Marina Lichtenstein,Corporate,San Diego,California,92105,TEC-AC-10002345,Technology,Accessories,HP Standard 104 key PS/2 Keyboard,116.0,8,0.0,29.0
CA-2013-151372,2018-09-06,2018-09-07,First Class,JH-15985,Joseph Holt,Consumer,Redondo Beach,California,90278,OFF-PA-10004381,Office Supplies,Paper,14-7/8 x 11 Blue Bar Computer Printout Paper,96.08,2,0.0,46.118399999999994
CA-2013-151372,2018-09-06,2018-09-07,First Class,JH-15985,Joseph Holt,Consumer,Redondo Beach,California,90278,OFF-BI-10000050,Office Supplies,Binders,"Angle-D Binders with Locking Rings, Label Holders",11.68,2,0.2,3.9419999999999993
CA-2013-151372,2018-09-06,2018-09-07,First Class,JH-15985,Joseph Holt,Consumer,Redondo Beach,California,90278,OFF-FA-10000304,Office Supplies,Fasteners,Advantus Push Pins,4.36,2,0.0,1.7876000000000003
CA-2013-113516,2018-09-09,2018-09-11,Second Class,VM-21685,Valerie Mitchum,Home Office,Lancaster,California,93534,OFF-BI-10002225,Office Supplies,Binders,"Square Ring Data Binders, Rigid 75 Pt. Covers, 11"" x 14-7/8""",33.024,2,0.2,11.558399999999999
CA-2013-113516,2018-09-09,2018-09-11,Second Class,VM-21685,Valerie Mitchum,Home Office,Lancaster,California,93534,OFF-BI-10001989,Office Supplies,Binders,Premium Transparent Presentation Covers by GBC,67.13600000000001,4,0.2,23.497599999999995
CA-2013-153101,2018-09-09,2018-09-09,Same Day,PJ-19015,Pauline Johnson,Consumer,Santa Ana,California,92704,FUR-TA-10003008,Furniture,Tables,"Lesro Round Back Collection Coffee Table, End Table",146.04000000000002,1,0.2,-12.778499999999994
CA-2013-110009,2018-09-09,2018-09-14,Standard Class,TR-21325,Toby Ritter,Consumer,Seattle,Washington,98103,FUR-FU-10003039,Furniture,Furnishings,"Howard Miller 11-1/2"" Diameter Grantwood Wall Clock",43.13,1,0.0,14.664200000000001
CA-2013-110009,2018-09-09,2018-09-14,Standard Class,TR-21325,Toby Ritter,Consumer,Seattle,Washington,98103,OFF-PA-10002615,Office Supplies,Paper,"Ampad Gold Fibre Wirebound Steno Books, 6"" x 9"", Gregg Ruled",30.87,7,0.0,14.200199999999999
CA-2013-103709,2018-09-09,2018-09-16,Standard Class,LP-17095,Liz Preis,Consumer,Visalia,California,93277,OFF-AR-10003338,Office Supplies,Art,"Eberhard Faber 3 1/2"" Golf Pencils",14.88,2,0.0,3.7200000000000006
CA-2013-103709,2018-09-09,2018-09-16,Standard Class,LP-17095,Liz Preis,Consumer,Visalia,California,93277,OFF-PA-10004610,Office Supplies,Paper,Xerox 1900,34.24,8,0.0,15.407999999999998
CA-2013-103709,2018-09-09,2018-09-16,Standard Class,LP-17095,Liz Preis,Consumer,Visalia,California,93277,OFF-ST-10001272,Office Supplies,Storage,"Mini 13-1/2 Capacity Data Binder Rack, Pearl",261.74,2,0.0,65.435
CA-2013-112893,2018-09-10,2018-09-14,Second Class,AT-10735,Annie Thurman,Consumer,Stockton,California,95207,OFF-BI-10004654,Office Supplies,Binders,VariCap6 Expandable Binder,55.36000000000001,4,0.2,18.683999999999997
CA-2013-165918,2018-09-11,2018-09-15,Standard Class,BD-11770,Bryan Davis,Consumer,Edmonds,Washington,98026,OFF-LA-10003720,Office Supplies,Labels,Avery 487,7.38,2,0.0,3.4686
CA-2013-165918,2018-09-11,2018-09-15,Standard Class,BD-11770,Bryan Davis,Consumer,Edmonds,Washington,98026,OFF-BI-10004364,Office Supplies,Binders,Storex Dura Pro Binders,14.256000000000002,3,0.2,4.455
CA-2013-165918,2018-09-11,2018-09-15,Standard Class,BD-11770,Bryan Davis,Consumer,Edmonds,Washington,98026,OFF-PA-10000100,Office Supplies,Paper,Xerox 1945,81.98,2,0.0,40.1702
CA-2013-165918,2018-09-11,2018-09-15,Standard Class,BD-11770,Bryan Davis,Consumer,Edmonds,Washington,98026,OFF-BI-10004826,Office Supplies,Binders,JM Magazine Binder,39.62400000000001,3,0.2,13.868400000000001
CA-2013-126102,2018-09-11,2018-09-13,Second Class,DV-13465,Dianna Vittorini,Consumer,Los Angeles,California,90049,OFF-BI-10004318,Office Supplies,Binders,Ibico EB-19 Dual Function Manual Binding System,276.78400000000005,2,0.2,89.95479999999999
CA-2013-145625,2018-09-12,2018-09-18,Standard Class,KC-16540,Kelly Collister,Consumer,San Diego,California,92037,OFF-PA-10004569,Office Supplies,Paper,"Wirebound Message Books, Two 4 1/4"" x 5"" Forms per Page",7.61,1,0.0,3.5766999999999998
CA-2013-145625,2018-09-12,2018-09-18,Standard Class,KC-16540,Kelly Collister,Consumer,San Diego,California,92037,TEC-AC-10003832,Technology,Accessories,Logitech P710e Mobile Speakerphone,3347.37,13,0.0,636.0002999999997
CA-2013-116561,2018-09-12,2018-09-18,Standard Class,EB-14110,Eugene Barchas,Consumer,San Jose,California,95123,OFF-ST-10004186,Office Supplies,Storage,"Stur-D-Stor Shelving, Vertical 5-Shelf: 72""H x 36""W x 18 1/2""D",332.94,3,0.0,6.658799999999999
CA-2013-116561,2018-09-12,2018-09-18,Standard Class,EB-14110,Eugene Barchas,Consumer,San Jose,California,95123,OFF-BI-10001658,Office Supplies,Binders,GBC Standard Therm-A-Bind Covers,39.87200000000001,2,0.2,12.9584
CA-2013-143476,2018-09-12,2018-09-14,First Class,LC-16930,Linda Cazamias,Corporate,Phoenix,Arizona,85023,OFF-AR-10003759,Office Supplies,Art,"Crayola Anti Dust Chalk, 12/Pack",2.9120000000000004,2,0.2,0.9099999999999998
CA-2013-143476,2018-09-12,2018-09-14,First Class,LC-16930,Linda Cazamias,Corporate,Phoenix,Arizona,85023,OFF-PA-10001837,Office Supplies,Paper,Xerox 1976,20.736000000000004,4,0.2,7.2576
CA-2013-143476,2018-09-12,2018-09-14,First Class,LC-16930,Linda Cazamias,Corporate,Phoenix,Arizona,85023,OFF-PA-10001667,Office Supplies,Paper,Great White Multi-Use Recycled Paper (20Lb. and 84 Bright),9.568000000000001,2,0.2,2.9899999999999993
CA-2013-142902,2018-09-13,2018-09-15,Second Class,BP-11185,Ben Peterman,Corporate,Arvada,Colorado,80004,FUR-FU-10001918,Furniture,Furnishings,C-Line Cubicle Keepers Polyproplyene Holder With Velcro Backings,15.136000000000003,4,0.2,3.594800000000001
CA-2013-142902,2018-09-13,2018-09-15,Second Class,BP-11185,Ben Peterman,Corporate,Arvada,Colorado,80004,FUR-CH-10004086,Furniture,Chairs,Hon 4070 Series Pagoda Armless Upholstered Stacking Chairs,466.76800000000003,2,0.2,52.51139999999998
CA-2013-142902,2018-09-13,2018-09-15,Second Class,BP-11185,Ben Peterman,Corporate,Arvada,Colorado,80004,FUR-FU-10001756,Furniture,Furnishings,"Eldon Expressions Desk Accessory, Wood Photo Frame, Mahogany",15.232,1,0.2,1.7135999999999978
CA-2013-142902,2018-09-13,2018-09-15,Second Class,BP-11185,Ben Peterman,Corporate,Arvada,Colorado,80004,OFF-LA-10000634,Office Supplies,Labels,Avery 509,6.264,3,0.2,2.0358
CA-2013-128811,2018-09-13,2018-09-17,Standard Class,SF-20200,Sarah Foster,Consumer,Seattle,Washington,98103,OFF-FA-10000585,Office Supplies,Fasteners,OIC Bulk Pack Metal Binder Clips,10.47,3,0.0,4.8162
CA-2013-128811,2018-09-13,2018-09-17,Standard Class,SF-20200,Sarah Foster,Consumer,Seattle,Washington,98103,OFF-LA-10003720,Office Supplies,Labels,Avery 487,11.07,3,0.0,5.2029
CA-2013-128811,2018-09-13,2018-09-17,Standard Class,SF-20200,Sarah Foster,Consumer,Seattle,Washington,98103,OFF-BI-10000301,Office Supplies,Binders,GBC Instant Report Kit,20.704,4,0.2,7.763999999999999
CA-2013-151148,2018-09-13,2018-09-14,Same Day,PO-19180,Philisse Overcash,Home Office,Louisville,Colorado,80027,TEC-PH-10001870,Technology,Phones,Lunatik TT5L-002 Taktik Strike Impact Protection System for iPhone 5,146.952,3,0.2,9.184499999999993
CA-2013-151148,2018-09-13,2018-09-14,Same Day,PO-19180,Philisse Overcash,Home Office,Louisville,Colorado,80027,FUR-CH-10002304,Furniture,Chairs,"Global Stack Chair without Arms, Black",83.13600000000001,4,0.2,5.1960000000000015
US-2013-128678,2018-09-16,2018-09-21,Standard Class,RB-19570,Rob Beeghly,Consumer,Seattle,Washington,98105,OFF-PA-10000807,Office Supplies,Paper,"TOPS ""Important Message"" Pads, Canary, 4-1/4 x 5-1/2, 50 Sheets per Pad",21.400000000000002,5,0.0,10.058
US-2013-128678,2018-09-16,2018-09-21,Standard Class,RB-19570,Rob Beeghly,Consumer,Seattle,Washington,98105,OFF-BI-10002103,Office Supplies,Binders,"Cardinal Slant-D Ring Binder, Heavy Gauge Vinyl",48.664,7,0.2,15.8158
CA-2013-116911,2018-09-16,2018-09-21,Standard Class,JD-16150,Justin Deggeller,Corporate,Twin Falls,Idaho,83301,OFF-BI-10001249,Office Supplies,Binders,Avery Heavy-Duty EZD View Binder with Locking Rings,20.416,4,0.2,6.635199999999998
CA-2013-116911,2018-09-16,2018-09-21,Standard Class,JD-16150,Justin Deggeller,Corporate,Twin Falls,Idaho,83301,FUR-TA-10003473,Furniture,Tables,Bretford Rectangular Conference Table Tops,1128.3899999999999,3,0.0,259.52970000000005
CA-2013-160479,2018-09-16,2018-09-21,Standard Class,AH-10585,Angele Hood,Consumer,Seattle,Washington,98105,OFF-AR-10002445,Office Supplies,Art,SANFORD Major Accent Highlighters,35.4,5,0.0,13.452000000000002
US-2013-134369,2018-09-17,2018-09-23,Standard Class,BC-11125,Becky Castell,Home Office,Laguna Niguel,California,92677,OFF-PA-10002195,Office Supplies,Paper,Xerox 1966,12.96,2,0.0,6.3504000000000005
CA-2013-123337,2018-09-17,2018-09-23,Standard Class,KD-16495,Keith Dawkins,Corporate,San Jose,California,95123,FUR-BO-10001918,Furniture,Bookcases,"Sauder Forest Hills Library with Doors, Woodland Oak Finish",273.666,2,0.15,-12.878400000000013
CA-2013-123337,2018-09-17,2018-09-23,Standard Class,KD-16495,Keith Dawkins,Corporate,San Jose,California,95123,OFF-AP-10002287,Office Supplies,Appliances,"Eureka Sanitaire  Multi-Pro Heavy-Duty Upright, Disposable Bags",17.48,4,0.0,4.5448
CA-2013-109806,2018-09-18,2018-09-23,Standard Class,JS-15685,Jim Sink,Corporate,Los Angeles,California,90036,OFF-AR-10004930,Office Supplies,Art,Turquoise Lead Holder with Pocket Clip,20.1,3,0.0,6.632999999999998
CA-2013-109806,2018-09-18,2018-09-23,Standard Class,JS-15685,Jim Sink,Corporate,Los Angeles,California,90036,TEC-PH-10004093,Technology,Phones,Panasonic Kx-TS550,73.584,2,0.2,8.278199999999998
CA-2013-109806,2018-09-18,2018-09-23,Standard Class,JS-15685,Jim Sink,Corporate,Los Angeles,California,90036,OFF-PA-10000304,Office Supplies,Paper,Xerox 1995,6.48,1,0.0,3.1104000000000003
CA-2013-159730,2018-09-18,2018-09-22,Standard Class,SJ-20125,Sanjit Jacobs,Home Office,Seattle,Washington,98103,FUR-CH-10004875,Furniture,Chairs,Harbour Creations 67200 Series Stacking Chairs,113.88800000000002,2,0.2,9.9652
CA-2013-159730,2018-09-18,2018-09-22,Standard Class,SJ-20125,Sanjit Jacobs,Home Office,Seattle,Washington,98103,TEC-PH-10002085,Technology,Phones,Clarity 53712,105.584,2,0.2,7.9188000000000045
US-2013-148957,2018-09-18,2018-09-24,Standard Class,CC-12430,Chuck Clark,Home Office,Redmond,Washington,98052,OFF-LA-10002195,Office Supplies,Labels,Avery 481,12.32,4,0.0,5.9136
CA-2013-133935,2018-09-19,2018-09-23,Standard Class,JW-15220,Jane Waco,Corporate,San Diego,California,92105,FUR-CH-10001215,Furniture,Chairs,Global Troy Executive Leather Low-Back Tilter,801.5680000000001,2,0.2,50.097999999999985
CA-2013-133935,2018-09-19,2018-09-23,Standard Class,JW-15220,Jane Waco,Corporate,San Diego,California,92105,OFF-PA-10000100,Office Supplies,Paper,Xerox 1945,368.91,9,0.0,180.76590000000002
CA-2013-133935,2018-09-19,2018-09-23,Standard Class,JW-15220,Jane Waco,Corporate,San Diego,California,92105,FUR-CH-10002880,Furniture,Chairs,"Global High-Back Leather Tilter, Burgundy",885.528,9,0.2,-99.62190000000007
CA-2013-110086,2018-09-19,2018-09-23,Standard Class,BD-11320,Bill Donatelli,Consumer,Woodland,California,95695,TEC-PH-10001299,Technology,Phones,Polycom CX300 Desktop Phone USB VoIP phone,239.98400000000004,2,0.2,23.998400000000004
CA-2013-130267,2018-09-20,2018-09-24,Standard Class,SW-20245,Scot Wooten,Consumer,Stockton,California,95207,OFF-PA-10002222,Office Supplies,Paper,"Xerox Color Copier Paper, 11"" x 17"", Ream",159.88,7,0.0,73.5448
US-2013-114888,2018-09-20,2018-09-25,Second Class,CC-12430,Chuck Clark,Home Office,San Francisco,California,94109,OFF-BI-10003355,Office Supplies,Binders,Cardinal Holdit Business Card Pockets,11.952000000000002,3,0.2,4.1832
US-2013-114888,2018-09-20,2018-09-25,Second Class,CC-12430,Chuck Clark,Home Office,San Francisco,California,94109,OFF-SU-10001212,Office Supplies,Supplies,Kleencut Forged Office Shears by Acme United Corporation,6.24,3,0.0,1.8719999999999997
CA-2013-168557,2018-09-20,2018-09-24,Standard Class,FH-14275,Frank Hawley,Corporate,San Francisco,California,94122,OFF-BI-10002309,Office Supplies,Binders,Avery Heavy-Duty EZD  Binder With Locking Rings,8.928,2,0.2,3.1247999999999996
CA-2013-100244,2018-09-21,2018-09-25,Standard Class,GM-14695,Greg Maxwell,Corporate,San Francisco,California,94122,OFF-PA-10001471,Office Supplies,Paper,Strathmore Photo Frame Cards,65.78999999999999,9,0.0,30.263399999999997
CA-2013-100244,2018-09-21,2018-09-25,Standard Class,GM-14695,Greg Maxwell,Corporate,San Francisco,California,94122,OFF-BI-10003656,Office Supplies,Binders,Fellowes PB200 Plastic Comb Binding Machine,271.98400000000004,2,0.2,88.39479999999998
CA-2013-100244,2018-09-21,2018-09-25,Standard Class,GM-14695,Greg Maxwell,Corporate,San Francisco,California,94122,OFF-AR-10000940,Office Supplies,Art,Newell 343,11.76,4,0.0,3.1752000000000002
CA-2013-100244,2018-09-21,2018-09-25,Standard Class,GM-14695,Greg Maxwell,Corporate,San Francisco,California,94122,OFF-PA-10002319,Office Supplies,Paper,Xerox 1944,77.52,2,0.0,37.9848
CA-2013-100244,2018-09-21,2018-09-25,Standard Class,GM-14695,Greg Maxwell,Corporate,San Francisco,California,94122,OFF-BI-10000977,Office Supplies,Binders,Ibico Plastic Spiral Binding Combs,48.64,2,0.2,15.807999999999996
CA-2013-166772,2018-09-21,2018-09-25,Standard Class,HJ-14875,Heather Jas,Home Office,Seattle,Washington,98105,FUR-BO-10002853,Furniture,Bookcases,O'Sullivan 5-Shelf Heavy-Duty Bookcases,163.88,2,0.0,40.97
CA-2013-125724,2018-09-23,2018-09-28,Standard Class,SM-20950,Suzanne McNair,Corporate,Broomfield,Colorado,80020,FUR-FU-10000246,Furniture,Furnishings,Aluminum Document Frame,68.43200000000002,7,0.2,8.553999999999988
CA-2013-110730,2018-09-24,2018-09-27,Second Class,CM-11815,Candace McMahon,Corporate,Seattle,Washington,98115,OFF-SU-10004737,Office Supplies,Supplies,Acme Design Stainless Steel Bent Scissors,13.68,2,0.0,3.6936
CA-2013-106656,2018-09-24,2018-09-27,First Class,DV-13045,Darrin Van Huff,Corporate,San Diego,California,92037,OFF-EN-10001509,Office Supplies,Envelopes,Poly String Tie Envelopes,4.08,2,0.0,1.9175999999999997
CA-2013-106656,2018-09-24,2018-09-27,First Class,DV-13045,Darrin Van Huff,Corporate,San Diego,California,92037,OFF-LA-10003148,Office Supplies,Labels,Avery 51,18.9,3,0.0,8.693999999999999
CA-2013-159009,2018-09-24,2018-09-28,Standard Class,DP-13105,Dave Poirier,Corporate,Seattle,Washington,98115,OFF-BI-10004970,Office Supplies,Binders,"ACCOHIDE 3-Ring Binder, Blue, 1""",13.216000000000001,4,0.2,4.4604
CA-2013-159009,2018-09-24,2018-09-28,Standard Class,DP-13105,Dave Poirier,Corporate,Seattle,Washington,98115,FUR-CH-10003396,Furniture,Chairs,Global Deluxe Steno Chair,184.752,3,0.2,-20.78460000000001
CA-2013-155187,2018-09-25,2018-09-27,Second Class,LA-16780,Laura Armstrong,Corporate,Los Angeles,California,90004,OFF-ST-10000642,Office Supplies,Storage,"Tennsco Lockers, Gray",41.96,2,0.0,2.937199999999997
CA-2013-155187,2018-09-25,2018-09-27,Second Class,LA-16780,Laura Armstrong,Corporate,Los Angeles,California,90004,OFF-PA-10000380,Office Supplies,Paper,"REDIFORM Incoming/Outgoing Call Register, 11"" X 8 1/2"", 100 Messages",41.7,5,0.0,20.85
US-2013-147340,2018-09-25,2018-09-25,Same Day,EB-13750,Edward Becker,Corporate,San Francisco,California,94110,FUR-FU-10002501,Furniture,Furnishings,Nu-Dell Executive Frame,63.2,5,0.0,23.384
CA-2013-108875,2018-09-25,2018-10-02,Standard Class,CL-12700,Craig Leslie,Home Office,Aurora,Colorado,80013,FUR-FU-10002671,Furniture,Furnishings,Electrix 20W Halogen Replacement Bulb for Zoom-In Desk Lamp,21.44,2,0.2,7.503999999999999
CA-2013-108875,2018-09-25,2018-10-02,Standard Class,CL-12700,Craig Leslie,Home Office,Aurora,Colorado,80013,OFF-ST-10001370,Office Supplies,Storage,Sensible Storage WireTech Storage Systems,511.05600000000004,9,0.2,-95.82300000000008
CA-2013-100944,2018-09-25,2018-09-29,Standard Class,EH-13765,Edward Hooks,Corporate,Los Angeles,California,90049,OFF-EN-10001453,Office Supplies,Envelopes,"Tyvek Interoffice Envelopes, 9 1/2"" x 12 1/2"", 100/Box",304.9,5,0.0,143.30299999999997
CA-2013-100944,2018-09-25,2018-09-29,Standard Class,EH-13765,Edward Hooks,Corporate,Los Angeles,California,90049,FUR-CH-10000988,Furniture,Chairs,Hon Olson Stacker Stools,563.24,5,0.2,56.32400000000001
US-2013-122245,2018-09-26,2018-10-01,Standard Class,AB-10105,Adrian Barton,Consumer,Phoenix,Arizona,85023,FUR-TA-10002356,Furniture,Tables,Bevis Boat-Shaped Conference Table,393.165,3,0.5,-204.44580000000005
CA-2013-140417,2018-09-26,2018-09-30,Standard Class,KE-16420,Katrina Edelman,Corporate,Tigard,Oregon,97224,OFF-PA-10000380,Office Supplies,Paper,"REDIFORM Incoming/Outgoing Call Register, 11"" X 8 1/2"", 100 Messages",60.048,9,0.2,22.518
CA-2013-140417,2018-09-26,2018-09-30,Standard Class,KE-16420,Katrina Edelman,Corporate,Tigard,Oregon,97224,OFF-BI-10004828,Office Supplies,Binders,GBC Poly Designer Binding Covers,5.022,1,0.7,-3.5153999999999996
CA-2013-101385,2018-09-26,2018-10-02,Standard Class,JW-16075,Julia West,Consumer,San Francisco,California,94109,OFF-AR-10004441,Office Supplies,Art,BIC Brite Liner Highlighters,16.56,4,0.0,6.9552
CA-2013-148747,2018-09-26,2018-09-28,First Class,AS-10045,Aaron Smayling,Corporate,San Francisco,California,94110,FUR-BO-10002613,Furniture,Bookcases,"Atlantic Metals Mobile 4-Shelf Bookcases, Custom Colors",477.666,2,0.15,84.29399999999997
US-2013-125402,2018-09-26,2018-10-02,Standard Class,DL-12865,Dan Lawera,Consumer,Long Beach,California,90805,OFF-PA-10000141,Office Supplies,Paper,"Ampad Evidence Wirebond Steno Books, 6"" x 9""",10.9,5,0.0,5.122999999999999
US-2013-125402,2018-09-26,2018-10-02,Standard Class,DL-12865,Dan Lawera,Consumer,Long Beach,California,90805,OFF-LA-10003923,Office Supplies,Labels,Alphabetical Labels for Top Tab Filing,29.6,2,0.0,14.8
US-2013-125402,2018-09-26,2018-10-02,Standard Class,DL-12865,Dan Lawera,Consumer,Long Beach,California,90805,OFF-LA-10001771,Office Supplies,Labels,Avery 513,4.98,1,0.0,2.2908
US-2013-125402,2018-09-26,2018-10-02,Standard Class,DL-12865,Dan Lawera,Consumer,Long Beach,California,90805,TEC-CO-10001943,Technology,Copiers,Canon PC-428 Personal Copier,479.97600000000006,3,0.2,161.9919
US-2013-125402,2018-09-26,2018-10-02,Standard Class,DL-12865,Dan Lawera,Consumer,Long Beach,California,90805,TEC-PH-10003356,Technology,Phones,"SmartStand Mobile Device Holder, Assorted Colors",44.736000000000004,8,0.2,4.473600000000001
US-2013-125402,2018-09-26,2018-10-02,Standard Class,DL-12865,Dan Lawera,Consumer,Long Beach,California,90805,OFF-AR-10002255,Office Supplies,Art,Newell 346,5.76,2,0.0,1.6703999999999999
US-2013-125402,2018-09-26,2018-10-02,Standard Class,DL-12865,Dan Lawera,Consumer,Long Beach,California,90805,FUR-CH-10000665,Furniture,Chairs,"Global Airflow Leather Mesh Back Chair, Black",483.13599999999997,4,0.2,60.39199999999994
US-2013-146794,2018-09-27,2018-10-02,Standard Class,SH-19975,Sally Hughsby,Corporate,Hesperia,California,92345,FUR-BO-10004467,Furniture,Bookcases,Bestar Classic Bookcase,424.9574999999999,5,0.15,19.997999999999976
CA-2013-169957,2018-09-27,2018-10-01,Standard Class,SN-20710,Steve Nguyen,Home Office,Covington,Washington,98042,OFF-AP-10000576,Office Supplies,Appliances,Belkin 7 Outlet SurgeMaster II,236.88,6,0.0,66.3264
CA-2013-169957,2018-09-27,2018-10-01,Standard Class,SN-20710,Steve Nguyen,Home Office,Covington,Washington,98042,OFF-PA-10004040,Office Supplies,Paper,Universal Premium White Copier/Laser Paper (20Lb. and 87 Bright),29.900000000000002,5,0.0,14.651
CA-2013-169957,2018-09-27,2018-10-01,Standard Class,SN-20710,Steve Nguyen,Home Office,Covington,Washington,98042,TEC-AC-10003063,Technology,Accessories,Micro Innovations USB RF Wireless Keyboard with Mouse,100.0,4,0.0,21.0
CA-2013-145898,2018-09-27,2018-09-27,Same Day,CM-12445,Chuck Magee,Consumer,Redlands,California,92374,OFF-ST-10004507,Office Supplies,Storage,Advantus Rolling Storage Box,51.449999999999996,3,0.0,13.891499999999999
CA-2013-145898,2018-09-27,2018-09-27,Same Day,CM-12445,Chuck Magee,Consumer,Redlands,California,92374,OFF-LA-10000262,Office Supplies,Labels,Avery 494,7.83,3,0.0,3.6018
CA-2013-145898,2018-09-27,2018-09-27,Same Day,CM-12445,Chuck Magee,Consumer,Redlands,California,92374,OFF-AR-10002445,Office Supplies,Art,SANFORD Major Accent Highlighters,35.4,5,0.0,13.452000000000002
CA-2013-145898,2018-09-27,2018-09-27,Same Day,CM-12445,Chuck Magee,Consumer,Redlands,California,92374,OFF-PA-10001667,Office Supplies,Paper,Great White Multi-Use Recycled Paper (20Lb. and 84 Bright),29.900000000000002,5,0.0,13.454999999999998
CA-2013-165820,2018-09-27,2018-10-01,Standard Class,DW-13585,Dorothy Wardle,Corporate,San Francisco,California,94109,OFF-PA-10004735,Office Supplies,Paper,Xerox 1905,12.96,2,0.0,6.2208000000000006
CA-2013-140249,2018-09-28,2018-10-04,Standard Class,SW-20455,Shaun Weien,Consumer,Seattle,Washington,98103,TEC-PH-10002584,Technology,Phones,Samsung Galaxy S4,1001.5840000000001,2,0.2,125.19799999999992
US-2013-101497,2018-09-30,2018-10-02,Second Class,PS-18760,Pamela Stobb,Consumer,Los Angeles,California,90008,OFF-PA-10000176,Office Supplies,Paper,Xerox 1887,18.97,1,0.0,9.105599999999999
CA-2013-138037,2018-09-30,2018-10-04,Standard Class,AR-10540,Andy Reiter,Consumer,San Francisco,California,94109,OFF-BI-10002982,Office Supplies,Binders,Avery Self-Adhesive Photo Pockets for Polaroid Photos,27.240000000000002,5,0.2,9.533999999999997
CA-2013-106621,2018-09-30,2018-10-02,Second Class,DM-12955,Dario Medina,Corporate,Yuma,Arizona,85364,OFF-AR-10002375,Office Supplies,Art,Newell 351,10.496,4,0.2,1.1807999999999983
CA-2013-108056,2018-09-30,2018-10-04,Standard Class,ES-14080,Erin Smith,Corporate,Springfield,Oregon,97477,TEC-PH-10001817,Technology,Phones,Wilson Electronics DB Pro Signal Booster,859.2,3,0.2,75.18000000000006
CA-2013-125794,2018-09-30,2018-10-04,Standard Class,ML-17410,Maris LaWare,Consumer,Los Angeles,California,90008,TEC-AC-10003399,Technology,Accessories,Memorex Mini Travel Drive 64 GB USB 2.0 Flash Drive,36.24,1,0.0,15.2208
CA-2013-157686,2018-10-02,2018-10-03,First Class,BD-11620,Brian DeCherney,Consumer,San Francisco,California,94122,FUR-CH-10001146,Furniture,Chairs,"Global Value Mid-Back Manager's Chair, Gray",194.848,4,0.2,12.177999999999983
CA-2013-118969,2018-10-03,2018-10-04,First Class,LP-17095,Liz Preis,Consumer,Phoenix,Arizona,85023,OFF-BI-10002429,Office Supplies,Binders,"Premier Elliptical Ring Binder, Black",54.79200000000001,6,0.7,-40.18079999999999
CA-2013-101672,2018-10-04,2018-10-08,Standard Class,DB-12910,Daniel Byrd,Home Office,Lake Forest,California,92630,OFF-LA-10002271,Office Supplies,Labels,Smead Alpha-Z Color-Coded Second Alphabetical Labels and Starter Set,6.16,2,0.0,2.9568
CA-2013-101672,2018-10-04,2018-10-08,Standard Class,DB-12910,Daniel Byrd,Home Office,Lake Forest,California,92630,FUR-CH-10004063,Furniture,Chairs,Global Deluxe High-Back Manager's Chair,915.1360000000001,4,0.2,102.95279999999988
CA-2013-101672,2018-10-04,2018-10-08,Standard Class,DB-12910,Daniel Byrd,Home Office,Lake Forest,California,92630,OFF-PA-10004610,Office Supplies,Paper,Xerox 1900,8.56,2,0.0,3.8519999999999994
CA-2013-101672,2018-10-04,2018-10-08,Standard Class,DB-12910,Daniel Byrd,Home Office,Lake Forest,California,92630,OFF-PA-10001878,Office Supplies,Paper,Xerox 1891,97.82,2,0.0,45.97539999999999
US-2013-157490,2018-10-07,2018-10-08,First Class,LB-16795,Laurel Beltran,Home Office,Pueblo,Colorado,81001,TEC-MA-10001695,Technology,Machines,Zebra GK420t Direct Thermal/Thermal Transfer Printer,703.71,6,0.7,-938.28
US-2013-157490,2018-10-07,2018-10-08,First Class,LB-16795,Laurel Beltran,Home Office,Pueblo,Colorado,81001,OFF-BI-10002824,Office Supplies,Binders,Recycled Easel Ring Binders,17.904000000000003,4,0.7,-14.920000000000002
US-2013-157490,2018-10-07,2018-10-08,First Class,LB-16795,Laurel Beltran,Home Office,Pueblo,Colorado,81001,OFF-BI-10002571,Office Supplies,Binders,"Avery Framed View Binder, EZD Ring (Locking), Navy, 1 1/2""",11.976000000000003,4,0.7,-9.1816
US-2013-157490,2018-10-07,2018-10-08,First Class,LB-16795,Laurel Beltran,Home Office,Pueblo,Colorado,81001,TEC-AC-10001553,Technology,Accessories,"Memorex 25GB 6X Branded Blu-Ray Recordable Disc, 15/Pack",67.96,5,0.2,0.8495000000000026
CA-2013-162614,2018-10-08,2018-10-14,Standard Class,TB-21250,Tim Brockman,Consumer,Los Angeles,California,90049,OFF-BI-10004001,Office Supplies,Binders,GBC Recycled VeloBinder Covers,27.264,2,0.2,8.860799999999998
CA-2013-127649,2018-10-08,2018-10-10,First Class,DL-13495,Dionis Lloyd,Corporate,Spokane,Washington,99207,TEC-MA-10001972,Technology,Machines,Okidata C331dn Printer,837.5999999999999,3,0.2,62.82000000000005
CA-2013-155033,2018-10-08,2018-10-13,Standard Class,CC-12475,Cindy Chapman,Consumer,Los Angeles,California,90032,OFF-PA-10000143,Office Supplies,Paper,Astroparche Fine Business Paper,10.56,2,0.0,5.0688
CA-2013-139808,2018-10-08,2018-10-12,Standard Class,MC-18100,Mick Crebagga,Consumer,Marysville,Washington,98270,OFF-FA-10001883,Office Supplies,Fasteners,"Alliance Super-Size Bands, Assorted Sizes",93.36,12,0.0,0.9335999999999984
US-2013-162026,2018-10-09,2018-10-09,Same Day,JE-15745,Joel Eaton,Consumer,Los Angeles,California,90036,OFF-PA-10000167,Office Supplies,Paper,Xerox 1925,61.96,2,0.0,27.881999999999998
CA-2013-114748,2018-10-10,2018-10-15,Standard Class,MZ-17335,Maria Zettner,Home Office,Phoenix,Arizona,85023,OFF-AR-10001315,Office Supplies,Art,Newell 310,1.4080000000000001,1,0.2,0.15839999999999993
CA-2013-114748,2018-10-10,2018-10-15,Standard Class,MZ-17335,Maria Zettner,Home Office,Phoenix,Arizona,85023,FUR-FU-10001488,Furniture,Furnishings,"Tenex 46"" x 60"" Computer Anti-Static Chairmat, Rectangular Shaped",169.568,2,0.2,0.0
CA-2013-157707,2018-10-11,2018-10-13,First Class,CC-12610,Corey Catlett,Corporate,Denver,Colorado,80219,FUR-BO-10001567,Furniture,Bookcases,"Bush Westfield Collection Bookcases, Dark Cherry Finish, Fully Assembled",90.882,3,0.7,-190.85220000000004
CA-2013-157707,2018-10-11,2018-10-13,First Class,CC-12610,Corey Catlett,Corporate,Denver,Colorado,80219,TEC-PH-10002583,Technology,Phones,iOttie HLCRIO102 Car Mount,15.991999999999999,1,0.2,-2.998500000000002
CA-2013-157707,2018-10-11,2018-10-13,First Class,CC-12610,Corey Catlett,Corporate,Denver,Colorado,80219,FUR-CH-10004853,Furniture,Chairs,"Global Manager's Adjustable Task Chair, Storm",120.78399999999999,1,0.2,13.588199999999986
CA-2013-145583,2018-10-14,2018-10-20,Standard Class,LC-16885,Lena Creighton,Consumer,Roseville,California,95661,OFF-PA-10001804,Office Supplies,Paper,Xerox 195,20.04,3,0.0,9.6192
CA-2013-145583,2018-10-14,2018-10-20,Standard Class,LC-16885,Lena Creighton,Consumer,Roseville,California,95661,OFF-PA-10001736,Office Supplies,Paper,Xerox 1880,35.44,1,0.0,16.656799999999997
CA-2013-145583,2018-10-14,2018-10-20,Standard Class,LC-16885,Lena Creighton,Consumer,Roseville,California,95661,OFF-AR-10001149,Office Supplies,Art,"Sanford Colorific Colored Pencils, 12/Box",11.52,4,0.0,3.4559999999999995
CA-2013-145583,2018-10-14,2018-10-20,Standard Class,LC-16885,Lena Creighton,Consumer,Roseville,California,95661,OFF-FA-10002988,Office Supplies,Fasteners,Ideal Clamps,4.02,2,0.0,1.9697999999999998
CA-2013-145583,2018-10-14,2018-10-20,Standard Class,LC-16885,Lena Creighton,Consumer,Roseville,California,95661,OFF-BI-10004781,Office Supplies,Binders,GBC Wire Binding Strips,76.176,3,0.2,26.661599999999996
CA-2013-145583,2018-10-14,2018-10-20,Standard Class,LC-16885,Lena Creighton,Consumer,Roseville,California,95661,OFF-SU-10001218,Office Supplies,Supplies,Fiskars Softgrip Scissors,65.88,6,0.0,18.446400000000004
CA-2013-145583,2018-10-14,2018-10-20,Standard Class,LC-16885,Lena Creighton,Consumer,Roseville,California,95661,FUR-FU-10001706,Furniture,Furnishings,Longer-Life Soft White Bulbs,43.120000000000005,14,0.0,20.697599999999998
US-2013-100839,2018-10-14,2018-10-18,Standard Class,NC-18625,Noah Childs,Corporate,Aurora,Colorado,80013,FUR-TA-10004575,Furniture,Tables,Hon 5100 Series Wood Tables,727.45,5,0.5,-465.5680000000001
US-2013-100839,2018-10-14,2018-10-18,Standard Class,NC-18625,Noah Childs,Corporate,Aurora,Colorado,80013,FUR-FU-10001617,Furniture,Furnishings,"Executive Impressions 8-1/2"" Career Panel/Partition Cubicle Clock",24.96,3,0.2,4.3679999999999986
US-2013-108098,2018-10-15,2018-10-19,Standard Class,CP-12340,Christine Phan,Corporate,Seattle,Washington,98115,TEC-AC-10000865,Technology,Accessories,WD My Passport Ultra 500GB Portable External Hard Drive,177.0,3,0.0,30.089999999999982
CA-2013-125738,2018-10-16,2018-10-22,Standard Class,PB-18805,Patrick Bzostek,Home Office,Salt Lake City,Utah,84106,OFF-PA-10000740,Office Supplies,Paper,Xerox 1982,45.68,2,0.0,21.0128
CA-2013-125738,2018-10-16,2018-10-22,Standard Class,PB-18805,Patrick Bzostek,Home Office,Salt Lake City,Utah,84106,OFF-PA-10003001,Office Supplies,Paper,Xerox 1986,60.12,9,0.0,28.857599999999998
CA-2013-125738,2018-10-16,2018-10-22,Standard Class,PB-18805,Patrick Bzostek,Home Office,Salt Lake City,Utah,84106,OFF-BI-10001628,Office Supplies,Binders,"Acco Data Flex Cable Posts For Top & Bottom Load Binders, 6"" Capacity",41.72,5,0.2,13.037499999999998
CA-2013-125738,2018-10-16,2018-10-22,Standard Class,PB-18805,Patrick Bzostek,Home Office,Salt Lake City,Utah,84106,OFF-PA-10001509,Office Supplies,Paper,"Recycled Desk Saver Line ""While You Were Out"" Book, 5 1/2"" X 4""",71.6,8,0.0,32.93599999999999
CA-2013-141586,2018-10-18,2018-10-21,First Class,NK-18490,Neil Knudson,Home Office,San Francisco,California,94122,OFF-BI-10003981,Office Supplies,Binders,"Avery Durable Plastic 1"" Binders",18.16,5,0.2,6.583000000000001
CA-2013-163972,2018-10-18,2018-10-22,Standard Class,MG-17890,Michael Granlund,Home Office,Fresno,California,93727,FUR-BO-10003894,Furniture,Bookcases,"Safco Value Mate Steel Bookcase, Baked Enamel Finish on Steel, Black",120.666,2,0.15,21.293999999999993
US-2013-159856,2018-10-19,2018-10-23,Standard Class,EP-13915,Emily Phan,Consumer,Tempe,Arizona,85281,FUR-CH-10003396,Furniture,Chairs,Global Deluxe Steno Chair,307.92,5,0.2,-34.64100000000002
CA-2013-168921,2018-10-21,2018-10-23,First Class,AG-10495,Andrew Gjertsen,Corporate,Los Angeles,California,90049,OFF-BI-10004209,Office Supplies,Binders,"Fellowes Twister Kit, Gray/Clear, 3/pkg",19.296,3,0.2,6.029999999999999
CA-2013-139549,2018-10-21,2018-10-26,Standard Class,MY-18295,Muhammed Yedwab,Corporate,El Cajon,California,92020,FUR-CH-10001802,Furniture,Chairs,Hon Every-Day Chair Series Swivel Task Chairs,387.136,4,0.2,4.839199999999991
CA-2013-112340,2018-10-22,2018-10-28,Standard Class,NM-18520,Neoma Murray,Consumer,Riverside,California,92503,OFF-PA-10001892,Office Supplies,Paper,"Rediform Wirebound ""Phone Memo"" Message Book, 11 x 5-3/4",22.919999999999998,3,0.0,11.230799999999999
CA-2013-144729,2018-10-22,2018-10-26,Standard Class,JE-15745,Joel Eaton,Consumer,San Diego,California,92037,OFF-ST-10004804,Office Supplies,Storage,"Belkin 19"" Vented Equipment Shelf, Black",154.44,3,0.0,1.544400000000003
CA-2013-138478,2018-10-22,2018-10-27,Second Class,DP-13390,Dennis Pardue,Home Office,North Las Vegas,Nevada,89031,OFF-AR-10002240,Office Supplies,Art,Panasonic KP-150 Electric Pencil Sharpener,113.22,3,0.0,29.4372
CA-2013-138478,2018-10-22,2018-10-27,Second Class,DP-13390,Dennis Pardue,Home Office,North Las Vegas,Nevada,89031,OFF-PA-10001801,Office Supplies,Paper,Xerox 193,35.88,6,0.0,17.581200000000003
CA-2013-138478,2018-10-22,2018-10-27,Second Class,DP-13390,Dennis Pardue,Home Office,North Las Vegas,Nevada,89031,OFF-BI-10001120,Office Supplies,Binders,Ibico EPK-21 Electric Binding System,4535.976000000001,3,0.2,1644.2912999999999
CA-2013-161746,2018-10-22,2018-10-28,Standard Class,CS-11950,Carlos Soltero,Consumer,Los Angeles,California,90045,FUR-CH-10004626,Furniture,Chairs,Office Star Flex Back Scooter Chair with Aluminum Finish Frame,242.13600000000002,3,0.2,12.106799999999993
CA-2013-161746,2018-10-22,2018-10-28,Standard Class,CS-11950,Carlos Soltero,Consumer,Los Angeles,California,90045,OFF-AR-10000390,Office Supplies,Art,Newell Chalk Holder,12.39,3,0.0,5.6994
CA-2013-161746,2018-10-22,2018-10-28,Standard Class,CS-11950,Carlos Soltero,Consumer,Los Angeles,California,90045,FUR-FU-10003731,Furniture,Furnishings,"Eldon Expressions Wood and Plastic Desk Accessories, Oak",19.96,2,0.0,5.588800000000001
CA-2013-161746,2018-10-22,2018-10-28,Standard Class,CS-11950,Carlos Soltero,Consumer,Los Angeles,California,90045,OFF-ST-10002743,Office Supplies,Storage,SAFCO Boltless Steel Shelving,340.92,3,0.0,3.4091999999999842
CA-2013-169887,2018-10-23,2018-10-23,Same Day,MS-17530,MaryBeth Skach,Consumer,Seattle,Washington,98105,OFF-PA-10003001,Office Supplies,Paper,Xerox 1986,6.68,1,0.0,3.2064
CA-2013-169887,2018-10-23,2018-10-23,Same Day,MS-17530,MaryBeth Skach,Consumer,Seattle,Washington,98105,OFF-AR-10002766,Office Supplies,Art,Prang Drawing Pencil Set,8.34,3,0.0,2.2518
CA-2013-169887,2018-10-23,2018-10-23,Same Day,MS-17530,MaryBeth Skach,Consumer,Seattle,Washington,98105,FUR-FU-10003095,Furniture,Furnishings,"Linden 12"" Wall Clock With Oak Frame",101.94,3,0.0,30.581999999999987
CA-2013-151323,2018-10-24,2018-10-29,Standard Class,AB-10255,Alejandro Ballentine,Home Office,Seattle,Washington,98103,OFF-FA-10002983,Office Supplies,Fasteners,Advantus SlideClip Paper Clips,17.05,5,0.0,8.184000000000001
CA-2013-121748,2018-10-25,2018-10-29,Second Class,VW-21775,Victoria Wilson,Corporate,Los Angeles,California,90032,TEC-AC-10003063,Technology,Accessories,Micro Innovations USB RF Wireless Keyboard with Mouse,100.0,4,0.0,21.0
CA-2013-121748,2018-10-25,2018-10-29,Second Class,VW-21775,Victoria Wilson,Corporate,Los Angeles,California,90032,TEC-AC-10002637,Technology,Accessories,Logitech VX Revolution Cordless Laser Mouse for Notebooks (Black),359.98,2,0.0,21.598799999999983
CA-2013-166275,2018-10-25,2018-10-25,Same Day,SS-20590,Sonia Sunley,Consumer,San Francisco,California,94109,TEC-AC-10001838,Technology,Accessories,Razer Tiamat Over Ear 7.1 Surround Sound PC Gaming Headset,199.99,1,0.0,85.99570000000001
CA-2013-118311,2018-10-25,2018-10-29,Standard Class,ED-13885,Emily Ducich,Home Office,San Francisco,California,94110,TEC-AC-10000892,Technology,Accessories,NETGEAR N750 Dual Band Wi-Fi Gigabit Router,450.0,5,0.0,162.0
CA-2013-156811,2018-10-28,2018-11-03,Standard Class,BP-11095,Bart Pistole,Corporate,San Francisco,California,94122,OFF-AP-10001366,Office Supplies,Appliances,Staple holder,43.92,4,0.0,11.858400000000003
CA-2013-156811,2018-10-28,2018-11-03,Standard Class,BP-11095,Bart Pistole,Corporate,San Francisco,California,94122,OFF-BI-10001628,Office Supplies,Binders,"Acco Data Flex Cable Posts For Top & Bottom Load Binders, 6"" Capacity",25.031999999999996,3,0.2,7.822499999999998
US-2013-117387,2018-10-28,2018-11-01,Standard Class,PA-19060,Pete Armstrong,Home Office,San Francisco,California,94122,OFF-BI-10004308,Office Supplies,Binders,Avery Legal 4-Ring Binder,67.13600000000001,4,0.2,25.176
CA-2013-130162,2018-10-29,2018-11-02,Standard Class,JH-15910,Jonathan Howell,Consumer,Los Angeles,California,90032,OFF-ST-10001328,Office Supplies,Storage,"Personal Filing Tote with Lid, Black/Gray",93.06,6,0.0,26.056800000000003
CA-2013-130162,2018-10-29,2018-11-02,Standard Class,JH-15910,Jonathan Howell,Consumer,Los Angeles,California,90032,TEC-PH-10002563,Technology,Phones,Adtran 1202752G1,302.376,3,0.2,22.678200000000018
CA-2013-134775,2018-10-29,2018-10-30,First Class,AS-10285,Alejandro Savely,Corporate,San Francisco,California,94109,OFF-PA-10004734,Office Supplies,Paper,Southworth Structures Collection,50.96,7,0.0,25.48
CA-2013-134775,2018-10-29,2018-10-30,First Class,AS-10285,Alejandro Savely,Corporate,San Francisco,California,94109,OFF-BI-10002225,Office Supplies,Binders,"Square Ring Data Binders, Rigid 75 Pt. Covers, 11"" x 14-7/8""",49.536,3,0.2,17.3376
US-2013-131912,2018-10-30,2018-11-02,Second Class,LH-17155,Logan Haushalter,Consumer,Los Angeles,California,90008,OFF-BI-10004236,Office Supplies,Binders,"XtraLife ClearVue Slant-D Ring Binder, White, 3""",11.744,1,0.2,3.8167999999999997
CA-2013-105291,2018-10-31,2018-11-05,Standard Class,SP-20920,Susan Pistek,Consumer,San Luis Obispo,California,93405,OFF-FA-10003059,Office Supplies,Fasteners,Assorted Color Push Pins,3.62,2,0.0,1.1945999999999999
CA-2013-144218,2018-11-01,2018-11-05,Standard Class,JD-15895,Jonathan Doherty,Corporate,Los Angeles,California,90045,OFF-ST-10002615,Office Supplies,Storage,"Dual Level, Single-Width Filing Carts",1085.42,7,0.0,282.2092
CA-2013-146913,2018-11-01,2018-11-06,Standard Class,SF-20965,Sylvia Foulston,Corporate,San Francisco,California,94109,FUR-CH-10001854,Furniture,Chairs,Office Star - Professional Matrix Back Chair with 2-to-1 Synchro Tilt and Mesh Fabric Seat,1403.9200000000003,5,0.2,70.19600000000003
CA-2013-127250,2018-11-04,2018-11-08,Standard Class,SF-20200,Sarah Foster,Consumer,Marysville,Washington,98270,OFF-AR-10003394,Office Supplies,Art,Newell 332,8.82,3,0.0,2.3814
CA-2013-114972,2018-11-04,2018-11-07,First Class,PF-19225,Phillip Flathmann,Consumer,Los Angeles,California,90032,FUR-CH-10001190,Furniture,Chairs,Global Deluxe High-Back Office Chair in Storm,217.58400000000003,2,0.2,-29.91780000000002
CA-2013-114972,2018-11-04,2018-11-07,First Class,PF-19225,Phillip Flathmann,Consumer,Los Angeles,California,90032,TEC-AC-10000682,Technology,Accessories,Kensington K72356US Mouse-in-a-Box USB Desktop Mouse,82.95,5,0.0,29.0325
CA-2013-114972,2018-11-04,2018-11-07,First Class,PF-19225,Phillip Flathmann,Consumer,Los Angeles,California,90032,OFF-LA-10004545,Office Supplies,Labels,Avery 50,87.71,7,0.0,41.223699999999994
CA-2013-114972,2018-11-04,2018-11-07,First Class,PF-19225,Phillip Flathmann,Consumer,Los Angeles,California,90032,OFF-AP-10003057,Office Supplies,Appliances,Honeywell Enviracaire Portable HEPA Air Cleaner for 16' x 20' Room,1101.48,4,0.0,429.57720000000006
CA-2013-109365,2018-11-04,2018-11-09,Standard Class,XP-21865,Xylona Preis,Consumer,Los Angeles,California,90049,OFF-FA-10001561,Office Supplies,Fasteners,Stockwell Push Pins,15.260000000000002,7,0.0,5.0358
CA-2013-109365,2018-11-04,2018-11-09,Standard Class,XP-21865,Xylona Preis,Consumer,Los Angeles,California,90049,OFF-AP-10002998,Office Supplies,Appliances,Holmes 99% HEPA Air Purifier,43.32,2,0.0,14.295599999999997
CA-2013-109365,2018-11-04,2018-11-09,Standard Class,XP-21865,Xylona Preis,Consumer,Los Angeles,California,90049,OFF-BI-10003981,Office Supplies,Binders,"Avery Durable Plastic 1"" Binders",43.584,12,0.2,15.799199999999999
CA-2013-109365,2018-11-04,2018-11-09,Standard Class,XP-21865,Xylona Preis,Consumer,Los Angeles,California,90049,OFF-PA-10001725,Office Supplies,Paper,Xerox 1892,116.28,3,0.0,56.977199999999996
CA-2013-109365,2018-11-04,2018-11-09,Standard Class,XP-21865,Xylona Preis,Consumer,Los Angeles,California,90049,OFF-BI-10002071,Office Supplies,Binders,Fellowes Black Plastic Comb Bindings,9.296,2,0.2,3.0211999999999994
CA-2013-109365,2018-11-04,2018-11-09,Standard Class,XP-21865,Xylona Preis,Consumer,Los Angeles,California,90049,OFF-PA-10000477,Office Supplies,Paper,Xerox 22,19.44,3,0.0,9.3312
CA-2013-109365,2018-11-04,2018-11-09,Standard Class,XP-21865,Xylona Preis,Consumer,Los Angeles,California,90049,OFF-PA-10004359,Office Supplies,Paper,Multicolor Computer Printout Paper,314.54999999999995,3,0.0,150.98399999999998
CA-2013-159023,2018-11-04,2018-11-06,First Class,NW-18400,Natalie Webber,Consumer,Portland,Oregon,97206,OFF-BI-10002813,Office Supplies,Binders,Avery Reinforcements for Hole-Punch Pages,4.158,7,0.7,-3.465
CA-2013-159023,2018-11-04,2018-11-06,First Class,NW-18400,Natalie Webber,Consumer,Portland,Oregon,97206,TEC-MA-10003337,Technology,Machines,Okidata B401 Printer,179.99100000000004,3,0.7,-251.98739999999992
CA-2013-163755,2018-11-05,2018-11-09,Second Class,AS-10285,Alejandro Savely,Corporate,Seattle,Washington,98103,FUR-FU-10003394,Furniture,Furnishings,"Tenex ""The Solids"" Textured Chair Mats",209.88,3,0.0,35.67959999999998
CA-2013-166443,2018-11-05,2018-11-06,First Class,LH-17020,Lisa Hazard,Consumer,San Francisco,California,94122,FUR-FU-10004020,Furniture,Furnishings,Advantus Panel Wall Acrylic Frame,38.29,7,0.0,16.4647
CA-2013-146766,2018-11-05,2018-11-05,Same Day,TT-21220,Thomas Thornton,Consumer,Chula Vista,California,91911,OFF-AR-10002135,Office Supplies,Art,Boston Heavy-Duty Trimline Electric Pencil Sharpeners,192.8,4,0.0,55.91199999999998
CA-2013-163328,2018-11-05,2018-11-07,Second Class,TP-21565,Tracy Poddar,Corporate,Eugene,Oregon,97405,OFF-SU-10002301,Office Supplies,Supplies,Serrated Blade or Curved Handle Hand Letter Openers,17.584000000000003,7,0.2,-4.1762
CA-2013-163328,2018-11-05,2018-11-07,Second Class,TP-21565,Tracy Poddar,Corporate,Eugene,Oregon,97405,FUR-CH-10003298,Furniture,Chairs,"Office Star - Contemporary Task Swivel chair with Loop Arms, Charcoal",104.78399999999999,1,0.2,-14.407800000000009
CA-2013-163328,2018-11-05,2018-11-07,Second Class,TP-21565,Tracy Poddar,Corporate,Eugene,Oregon,97405,OFF-PA-10004353,Office Supplies,Paper,Southworth 25% Cotton Premium Laser Paper and Envelopes,47.952000000000005,3,0.2,16.7832
CA-2013-163328,2018-11-05,2018-11-07,Second Class,TP-21565,Tracy Poddar,Corporate,Eugene,Oregon,97405,FUR-CH-10000229,Furniture,Chairs,Global Enterprise Series Seating High-Back Swivel/Tilt Chairs,650.3520000000001,3,0.2,-97.55280000000008
CA-2013-163328,2018-11-05,2018-11-07,Second Class,TP-21565,Tracy Poddar,Corporate,Eugene,Oregon,97405,OFF-LA-10003930,Office Supplies,Labels,"Dot Matrix Printer Tape Reel Labels, White, 5000/Box",629.1840000000001,8,0.2,228.0792
CA-2013-163328,2018-11-05,2018-11-07,Second Class,TP-21565,Tracy Poddar,Corporate,Eugene,Oregon,97405,OFF-PA-10000176,Office Supplies,Paper,Xerox 1887,15.176,1,0.2,5.3115999999999985
CA-2013-119018,2018-11-05,2018-11-09,Standard Class,CW-11905,Carl Weiss,Home Office,Los Angeles,California,90004,OFF-BI-10003314,Office Supplies,Binders,Tuff Stuff Recycled Round Ring Binders,7.712000000000001,2,0.2,2.7956000000000003
CA-2013-119018,2018-11-05,2018-11-09,Standard Class,CW-11905,Carl Weiss,Home Office,Los Angeles,California,90004,OFF-BI-10000494,Office Supplies,Binders,Acco Economy Flexible Poly Round Ring Binder,4.176,1,0.2,1.3049999999999997
CA-2013-119018,2018-11-05,2018-11-09,Standard Class,CW-11905,Carl Weiss,Home Office,Los Angeles,California,90004,OFF-PA-10000295,Office Supplies,Paper,Xerox 229,38.88,6,0.0,18.6624
CA-2013-158260,2018-11-05,2018-11-09,Standard Class,CC-12475,Cindy Chapman,Consumer,San Diego,California,92037,TEC-MA-10003176,Technology,Machines,Okidata B400 Printer,686.4000000000001,2,0.2,77.21999999999991
CA-2013-140207,2018-11-06,2018-11-11,Standard Class,CS-12400,Christopher Schild,Home Office,San Jose,California,95123,OFF-BI-10003963,Office Supplies,Binders,Cardinal Holdit Data Disk Pockets,29.120000000000005,5,0.2,9.827999999999996
CA-2013-148908,2018-11-06,2018-11-09,First Class,JH-15985,Joseph Holt,Consumer,San Francisco,California,94109,OFF-BI-10002082,Office Supplies,Binders,GBC Twin Loop Wire Binding Elements,53.248000000000005,2,0.2,19.968
CA-2013-125094,2018-11-06,2018-11-10,Standard Class,NP-18700,Nora Preis,Consumer,Seattle,Washington,98105,TEC-AC-10004420,Technology,Accessories,Cherry 142-key Programmable Keyboard,479.72,4,0.0,52.76920000000001
CA-2013-144092,2018-11-06,2018-11-08,Second Class,LH-17155,Logan Haushalter,Consumer,San Jose,California,95123,TEC-AC-10002305,Technology,Accessories,KeyTronic E03601U1 - Keyboard - Beige,72.0,4,0.0,12.959999999999994
CA-2013-144092,2018-11-06,2018-11-08,Second Class,LH-17155,Logan Haushalter,Consumer,San Jose,California,95123,FUR-CH-10004875,Furniture,Chairs,Harbour Creations 67200 Series Stacking Chairs,113.88800000000002,2,0.2,9.9652
CA-2013-144092,2018-11-06,2018-11-08,Second Class,LH-17155,Logan Haushalter,Consumer,San Jose,California,95123,OFF-EN-10001434,Office Supplies,Envelopes,"Strathmore #10 Envelopes, Ultimate White",158.13,3,0.0,77.4837
US-2013-125969,2018-11-07,2018-11-11,Second Class,LS-16975,Lindsay Shagiari,Home Office,Los Angeles,California,90004,FUR-CH-10001146,Furniture,Chairs,"Global Task Chair, Black",81.424,2,0.2,-9.160199999999996
US-2013-125969,2018-11-07,2018-11-11,Second Class,LS-16975,Lindsay Shagiari,Home Office,Los Angeles,California,90004,FUR-FU-10003773,Furniture,Furnishings,Eldon Cleatmat Plus Chair Mats for High Pile Carpets,238.56,3,0.0,26.241599999999977
CA-2013-109925,2018-11-07,2018-11-11,Second Class,IM-15070,Irene Maddox,Consumer,San Diego,California,92105,OFF-ST-10003442,Office Supplies,Storage,Eldon Portable Mobile Manager,84.84,3,0.0,22.9068
CA-2013-113817,2018-11-08,2018-11-12,Standard Class,MJ-17740,Max Jones,Consumer,Seattle,Washington,98115,OFF-BI-10004002,Office Supplies,Binders,Wilson Jones International Size A4 Ring Binders,27.680000000000003,2,0.2,9.687999999999999
CA-2013-161669,2018-11-08,2018-11-10,First Class,EM-14095,Eudokia Martin,Corporate,Los Angeles,California,90036,OFF-BI-10001294,Office Supplies,Binders,Fellowes Binding Cases,37.44,4,0.2,11.699999999999996
CA-2013-161669,2018-11-08,2018-11-10,First Class,EM-14095,Eudokia Martin,Corporate,Los Angeles,California,90036,OFF-BI-10001636,Office Supplies,Binders,Ibico Plastic and Wire Spiral Binding Combs,26.976,4,0.2,8.767199999999999
CA-2013-161669,2018-11-08,2018-11-10,First Class,EM-14095,Eudokia Martin,Corporate,Los Angeles,California,90036,OFF-SU-10002503,Office Supplies,Supplies,Acme Preferred Stainless Steel Scissors,11.36,2,0.0,3.2943999999999996
CA-2013-161669,2018-11-08,2018-11-10,First Class,EM-14095,Eudokia Martin,Corporate,Los Angeles,California,90036,OFF-LA-10004093,Office Supplies,Labels,Avery 486,14.62,2,0.0,6.8713999999999995
CA-2013-147585,2018-11-08,2018-11-13,Standard Class,CB-12535,Claudia Bergmann,Corporate,San Francisco,California,94110,FUR-FU-10002597,Furniture,Furnishings,"C-Line Magnetic Cubicle Keepers, Clear Polypropylene",14.82,3,0.0,6.224400000000001
CA-2013-164896,2018-11-08,2018-11-13,Standard Class,PS-19045,Penelope Sewall,Home Office,Oceanside,California,92054,OFF-PA-10002246,Office Supplies,Paper,"Wirebound Four 2-3/4 x 5 Forms per Page, 400 Sets per Book",12.9,2,0.0,6.321
CA-2013-152247,2018-11-08,2018-11-13,Standard Class,MA-17995,Michelle Arnett,Home Office,Cheyenne,Wyoming,82001,FUR-CH-10001215,Furniture,Chairs,Global Troy Executive Leather Low-Back Tilter,1603.1360000000002,4,0.2,100.19599999999997
CA-2013-168830,2018-11-08,2018-11-14,Standard Class,ML-17395,Marina Lichtenstein,Corporate,San Francisco,California,94122,TEC-AC-10003911,Technology,Accessories,NETGEAR AC1750 Dual Band Gigabit Smart WiFi Router,479.97,3,0.0,163.1898
CA-2013-116379,2018-11-08,2018-11-13,Standard Class,LD-17005,Lisa DeCherney,Consumer,San Francisco,California,94122,OFF-BI-10001543,Office Supplies,Binders,GBC VeloBinder Manual Binding System,57.584,2,0.2,20.154400000000003
CA-2013-138233,2018-11-10,2018-11-15,Standard Class,PF-19165,Philip Fox,Consumer,Oakland,California,94601,TEC-AC-10002001,Technology,Accessories,Logitech Wireless Gaming Headset G930,479.97,3,0.0,177.58890000000002
CA-2013-105494,2018-11-11,2018-11-13,First Class,PC-18745,Pamela Coakley,Corporate,San Francisco,California,94122,OFF-ST-10002205,Office Supplies,Storage,File Shuttle I and Handi-File,155.82000000000002,7,0.0,42.07140000000001
CA-2013-105494,2018-11-11,2018-11-13,First Class,PC-18745,Pamela Coakley,Corporate,San Francisco,California,94122,OFF-BI-10003364,Office Supplies,Binders,Binding Machine Supplies,70.00800000000001,3,0.2,24.5028
CA-2013-163384,2018-11-11,2018-11-13,First Class,CC-12430,Chuck Clark,Home Office,San Francisco,California,94122,OFF-BI-10004970,Office Supplies,Binders,"ACCOHIDE 3-Ring Binder, Blue, 1""",13.216000000000001,4,0.2,4.4604
CA-2013-163384,2018-11-11,2018-11-13,First Class,CC-12430,Chuck Clark,Home Office,San Francisco,California,94122,OFF-PA-10003172,Office Supplies,Paper,Xerox 1996,32.400000000000006,5,0.0,15.552000000000001
CA-2013-158694,2018-11-11,2018-11-14,Second Class,AI-10855,Arianne Irving,Consumer,Los Angeles,California,90036,OFF-PA-10002421,Office Supplies,Paper,Embossed Ink Jet Note Cards,67.71000000000001,3,0.0,32.5008
CA-2013-158694,2018-11-11,2018-11-14,Second Class,AI-10855,Arianne Irving,Consumer,Los Angeles,California,90036,OFF-AP-10000055,Office Supplies,Appliances,Belkin F9S820V06 8 Outlet Surge,129.92,4,0.0,38.975999999999985
CA-2013-158694,2018-11-11,2018-11-14,Second Class,AI-10855,Arianne Irving,Consumer,Los Angeles,California,90036,FUR-FU-10000965,Furniture,Furnishings,"Howard Miller 11-1/2"" Diameter Ridgewood Wall Clock",467.46,9,0.0,191.6586
CA-2013-158694,2018-11-11,2018-11-14,Second Class,AI-10855,Arianne Irving,Consumer,Los Angeles,California,90036,OFF-PA-10001363,Office Supplies,Paper,Xerox 1933,61.4,5,0.0,28.857999999999997
CA-2013-158694,2018-11-11,2018-11-14,Second Class,AI-10855,Arianne Irving,Consumer,Los Angeles,California,90036,OFF-ST-10001496,Office Supplies,Storage,Standard Rollaway File with Lock,720.76,4,0.0,187.3976
CA-2013-158694,2018-11-11,2018-11-14,Second Class,AI-10855,Arianne Irving,Consumer,Los Angeles,California,90036,OFF-BI-10004656,Office Supplies,Binders,Peel & Stick Add-On Corner Pockets,5.184000000000001,3,0.2,1.8143999999999996
CA-2013-158694,2018-11-11,2018-11-14,Second Class,AI-10855,Arianne Irving,Consumer,Los Angeles,California,90036,OFF-AR-10001227,Office Supplies,Art,Newell 338,14.7,5,0.0,3.9690000000000003
CA-2013-162348,2018-11-11,2018-11-16,Standard Class,BF-11170,Ben Ferrer,Home Office,Sacramento,California,95823,FUR-FU-10003731,Furniture,Furnishings,"Eldon Expressions Wood and Plastic Desk Accessories, Oak",9.98,1,0.0,2.7944000000000004
CA-2013-152940,2018-11-11,2018-11-14,First Class,RO-19780,Rose O'Brian,Consumer,San Francisco,California,94110,OFF-ST-10000352,Office Supplies,Storage,Acco Perma 2700 Stacking Storage Drawers,29.74,1,0.0,4.461000000000002
CA-2013-130799,2018-11-12,2018-11-17,Second Class,BK-11260,Berenike Kampe,Consumer,San Francisco,California,94110,FUR-FU-10001852,Furniture,Furnishings,"Eldon Regeneration Recycled Desk Accessories, Smoke",6.96,4,0.0,2.2272
CA-2013-116722,2018-11-12,2018-11-17,Standard Class,LP-17080,Liz Pelletier,Consumer,San Francisco,California,94110,FUR-FU-10001934,Furniture,Furnishings,Magnifier Swing Arm Lamp,41.96,2,0.0,10.909600000000001
CA-2013-116722,2018-11-12,2018-11-17,Standard Class,LP-17080,Liz Pelletier,Consumer,San Francisco,California,94110,FUR-CH-10004997,Furniture,Chairs,Hon Every-Day Series Multi-Task Chairs,451.15199999999993,3,0.2,0.0
CA-2013-116722,2018-11-12,2018-11-17,Standard Class,LP-17080,Liz Pelletier,Consumer,San Francisco,California,94110,OFF-BI-10001890,Office Supplies,Binders,Avery Poly Binder Pockets,31.504000000000005,11,0.2,11.026399999999999
CA-2013-134348,2018-11-13,2018-11-20,Standard Class,MS-17710,Maurice Satty,Consumer,Mesa,Arizona,85204,OFF-BI-10003727,Office Supplies,Binders,Avery Durable Slant Ring Binders With Label Holder,6.27,5,0.7,-4.598000000000001
CA-2013-134348,2018-11-13,2018-11-20,Standard Class,MS-17710,Maurice Satty,Consumer,Mesa,Arizona,85204,OFF-BI-10004967,Office Supplies,Binders,Round Ring Binders,4.368,7,0.7,-3.3487999999999998
CA-2013-134348,2018-11-13,2018-11-20,Standard Class,MS-17710,Maurice Satty,Consumer,Mesa,Arizona,85204,TEC-AC-10003447,Technology,Accessories,Micropad Numeric Keypads,31.983999999999998,2,0.2,1.998999999999998
CA-2013-164399,2018-11-13,2018-11-16,First Class,DW-13480,Dianna Wilson,Home Office,San Diego,California,92024,TEC-PH-10004908,Technology,Phones,Panasonic KX TS3282W Corded phone,203.976,3,0.2,25.496999999999986
CA-2013-164399,2018-11-13,2018-11-16,First Class,DW-13480,Dianna Wilson,Home Office,San Diego,California,92024,FUR-TA-10003392,Furniture,Tables,Global Adaptabilities Conference Tables,674.3520000000001,3,0.2,-8.429400000000015
CA-2013-155488,2018-11-14,2018-11-18,Standard Class,FM-14290,Frank Merwin,Home Office,Vancouver,Washington,98661,OFF-AR-10002956,Office Supplies,Art,Boston 16801 Nautilus Battery Pencil Sharpener,44.02,2,0.0,11.4452
CA-2013-149461,2018-11-14,2018-11-20,Standard Class,AS-10135,Adrian Shami,Home Office,Auburn,Washington,98002,FUR-FU-10004270,Furniture,Furnishings,"Eldon Image Series Desk Accessories, Burgundy",4.18,1,0.0,1.5048
CA-2013-147683,2018-11-14,2018-11-18,Standard Class,PO-19180,Philisse Overcash,Home Office,Seattle,Washington,98103,FUR-FU-10004848,Furniture,Furnishings,DAX Solid Wood Frames,19.54,2,0.0,7.229799999999999
CA-2013-149482,2018-11-15,2018-11-20,Standard Class,RR-19315,Ralph Ritter,Consumer,San Francisco,California,94110,OFF-LA-10000248,Office Supplies,Labels,Avery 52,7.38,2,0.0,3.4686
US-2013-112970,2018-11-15,2018-11-16,First Class,TB-21250,Tim Brockman,Consumer,Los Angeles,California,90049,OFF-AR-10003829,Office Supplies,Art,Newell 35,9.84,3,0.0,2.853599999999999
CA-2013-105963,2018-11-16,2018-11-23,Standard Class,SC-20770,Stewart Carmichael,Corporate,Los Angeles,California,90008,TEC-AC-10003832,Technology,Accessories,Imation 16GB Mini TravelDrive USB 2.0 Flash Drive,99.39000000000001,3,0.0,40.749900000000004
CA-2013-146633,2018-11-16,2018-11-18,Second Class,TG-21310,Toby Gnade,Consumer,Los Angeles,California,90049,OFF-BI-10003527,Office Supplies,Binders,Fellowes PB500 Electric Punch Plastic Comb Binding Machine with Manual Bind,1016.792,1,0.2,381.297
CA-2013-146633,2018-11-16,2018-11-18,Second Class,TG-21310,Toby Gnade,Consumer,Los Angeles,California,90049,OFF-BI-10002982,Office Supplies,Binders,Avery Self-Adhesive Photo Pockets for Polaroid Photos,38.136,7,0.2,13.347599999999998
CA-2013-148740,2018-11-16,2018-11-20,Standard Class,AH-10690,Anna Häberlin,Corporate,San Diego,California,92024,TEC-PH-10002549,Technology,Phones,Polycom SoundPoint IP 450 VoIP phone,361.37600000000003,2,0.2,27.1032
CA-2013-154508,2018-11-17,2018-11-21,Standard Class,RD-19900,Ruben Dartt,Consumer,Carlsbad,New Mexico,88220,OFF-EN-10001990,Office Supplies,Envelopes,Staple envelope,28.4,5,0.0,13.347999999999997
CA-2013-124527,2018-11-17,2018-11-18,First Class,IM-15055,Ionia McGrath,Consumer,Roseville,California,95661,OFF-BI-10004967,Office Supplies,Binders,Round Ring Binders,8.32,5,0.2,2.808
CA-2013-150658,2018-11-18,2018-11-23,Standard Class,MS-17365,Maribeth Schnelling,Consumer,Carlsbad,New Mexico,88220,OFF-BI-10004140,Office Supplies,Binders,Avery Non-Stick Binders,10.776000000000002,3,0.2,3.3674999999999984
CA-2013-118500,2018-11-18,2018-11-19,First Class,HJ-14875,Heather Jas,Home Office,San Francisco,California,94122,OFF-SU-10004231,Office Supplies,Supplies,Acme Tagit Stainless Steel Antibacterial Scissors,49.5,5,0.0,13.365
CA-2013-166226,2018-11-19,2018-11-23,Standard Class,TC-21535,Tracy Collins,Home Office,Los Angeles,California,90008,TEC-PH-10003357,Technology,Phones,Grandstream GXP2100 Mainstream Business Phone,61.192,1,0.2,6.119200000000001
CA-2013-166226,2018-11-19,2018-11-23,Standard Class,TC-21535,Tracy Collins,Home Office,Los Angeles,California,90008,OFF-AP-10002867,Office Supplies,Appliances,Fellowes Command Center 5-outlet power strip,67.84,1,0.0,18.3168
CA-2013-103464,2018-11-19,2018-11-23,Standard Class,PG-18820,Patrick Gardner,Consumer,San Diego,California,92105,TEC-AC-10002842,Technology,Accessories,WD My Passport Ultra 2TB Portable External Hard Drive,595.0,5,0.0,95.20000000000003
CA-2013-108630,2018-11-19,2018-11-19,Same Day,BE-11410,Bobby Elias,Consumer,Concord,California,94521,OFF-BI-10002437,Office Supplies,Binders,Recycled Premium Regency Composition Covers,61.120000000000005,5,0.2,22.156
CA-2013-126858,2018-11-20,2018-11-24,Standard Class,JM-15265,Janet Molinari,Corporate,Seattle,Washington,98115,FUR-FU-10000448,Furniture,Furnishings,Tenex Chairmats For Use With Carpeted Floors,31.96,2,0.0,1.597999999999999
CA-2013-145492,2018-11-21,2018-11-28,Standard Class,MC-17605,Matt Connell,Corporate,Los Angeles,California,90004,OFF-AP-10003622,Office Supplies,Appliances,"Bravo II Megaboss 12-Amp Hard Body Upright, Replacement Belts, 2 Belts per Pack",39.0,12,0.0,11.309999999999999
CA-2013-142615,2018-11-21,2018-11-25,Standard Class,BM-11575,Brendan Murry,Corporate,Montebello,California,90640,TEC-AC-10004803,Technology,Accessories,Sony Micro Vault Click 4 GB USB 2.0 Flash Drive,27.88,2,0.0,3.903200000000002
US-2013-114293,2018-11-22,2018-11-27,Standard Class,JH-16180,Justin Hirsh,Consumer,Gresham,Oregon,97030,FUR-CH-10003833,Furniture,Chairs,Novimex Fabric Task Chair,195.136,4,0.2,-12.196000000000005
CA-2013-152646,2018-11-22,2018-11-27,Standard Class,TH-21235,Tiffany House,Corporate,Los Angeles,California,90049,OFF-PA-10004451,Office Supplies,Paper,Xerox 222,32.400000000000006,5,0.0,15.552000000000001
CA-2013-100468,2018-11-25,2018-12-02,Standard Class,AT-10435,Alyssa Tate,Home Office,Los Angeles,California,90045,TEC-PH-10001300,Technology,Phones,"iKross Bluetooth Portable Keyboard + Cell Phone Stand Holder + Brush for Apple iPhone 5S 5C 5, 4S 4",33.52,2,0.2,3.3519999999999985
CA-2013-100468,2018-11-25,2018-12-02,Standard Class,AT-10435,Alyssa Tate,Home Office,Los Angeles,California,90045,FUR-FU-10000010,Furniture,Furnishings,"DAX Value U-Channel Document Frames, Easel Back",9.94,2,0.0,3.0813999999999995
CA-2013-100083,2018-11-25,2018-11-30,Standard Class,CD-11980,Carol Darley,Consumer,Medford,Oregon,97504,OFF-PA-10000241,Office Supplies,Paper,"IBM Multi-Purpose Copy Paper, 8 1/2 x 11"", Case",24.784000000000002,1,0.2,7.744999999999998
US-2013-163881,2018-11-25,2018-12-01,Standard Class,SP-20860,Sung Pak,Corporate,Los Angeles,California,90036,TEC-AC-10003033,Technology,Accessories,Plantronics CS510 - Over-the-Head monaural Wireless Headset System,659.9,2,0.0,217.76699999999994
US-2013-163881,2018-11-25,2018-12-01,Standard Class,SP-20860,Sung Pak,Corporate,Los Angeles,California,90036,FUR-CH-10001394,Furniture,Chairs,Global Leather Executive Chair,1684.7520000000002,6,0.2,210.59399999999977
US-2013-163881,2018-11-25,2018-12-01,Standard Class,SP-20860,Sung Pak,Corporate,Los Angeles,California,90036,TEC-AC-10000420,Technology,Accessories,Logitech G500s Laser Gaming Mouse with Adjustable Weight Tuning,559.92,8,0.0,190.37279999999998
CA-2013-163573,2018-11-25,2018-11-28,First Class,AC-10450,Amy Cox,Consumer,Seattle,Washington,98105,OFF-BI-10004632,Office Supplies,Binders,Ibico Hi-Tech Manual Binding System,1219.96,5,0.2,381.23749999999995
CA-2013-165561,2018-11-25,2018-11-29,Standard Class,CR-12580,Clay Rozendal,Home Office,Bellevue,Washington,98006,OFF-SU-10004782,Office Supplies,Supplies,"Elite 5"" Scissors",25.349999999999998,3,0.0,7.604999999999998
CA-2013-113726,2018-11-25,2018-12-02,Standard Class,SC-20680,Steve Carroll,Home Office,Seattle,Washington,98105,FUR-FU-10003535,Furniture,Furnishings,Howard Miller Distant Time Traveler Alarm Clock,82.26,3,0.0,33.726600000000005
CA-2013-113341,2018-11-26,2018-11-30,Standard Class,MH-17455,Mark Hamilton,Consumer,Los Angeles,California,90032,FUR-CH-10004698,Furniture,Chairs,"Padded Folding Chairs, Black, 4/Carton",194.35200000000003,3,0.2,19.43520000000001
CA-2013-129693,2018-11-27,2018-12-03,Standard Class,TC-20980,Tamara Chand,Corporate,Seattle,Washington,98105,OFF-BI-10002954,Office Supplies,Binders,Newell 3-Hole Punched Plastic Slotted Magazine Holders for Binders,7.312000000000001,2,0.2,2.5591999999999997
CA-2013-107104,2018-11-27,2018-12-01,Standard Class,MS-17365,Maribeth Schnelling,Consumer,Los Angeles,California,90045,FUR-BO-10002213,Furniture,Bookcases,DMI Eclipse Executive Suite Bookcases,3406.664,8,0.15,160.31359999999984
CA-2013-107104,2018-11-27,2018-12-01,Standard Class,MS-17365,Maribeth Schnelling,Consumer,Los Angeles,California,90045,OFF-AR-10004269,Office Supplies,Art,Newell 31,37.17,9,0.0,10.4076
CA-2013-107104,2018-11-27,2018-12-01,Standard Class,MS-17365,Maribeth Schnelling,Consumer,Los Angeles,California,90045,OFF-AP-10000055,Office Supplies,Appliances,Belkin F9S820V06 8 Outlet Surge,64.96,2,0.0,19.487999999999992
CA-2013-107104,2018-11-27,2018-12-01,Standard Class,MS-17365,Maribeth Schnelling,Consumer,Los Angeles,California,90045,FUR-FU-10002937,Furniture,Furnishings,"GE 48"" Fluorescent Tube, Cool White Energy Saver, 34 Watts, 30/Box",595.38,6,0.0,297.69
CA-2013-152121,2018-11-28,2018-11-30,Second Class,CC-12670,Craig Carreira,Consumer,Scottsdale,Arizona,85254,TEC-PH-10002483,Technology,Phones,Motorola Moto X,271.992,1,0.2,23.799300000000002
US-2013-114230,2018-11-28,2018-12-02,Standard Class,CM-12235,Chris McAfee,Consumer,Phoenix,Arizona,85023,OFF-ST-10000876,Office Supplies,Storage,Eldon Simplefile Box Office,39.808,4,0.2,3.9808000000000003
US-2013-150035,2018-12-02,2018-12-06,Standard Class,CL-11890,Carl Ludwig,Consumer,San Francisco,California,94122,FUR-FU-10003724,Furniture,Furnishings,Westinghouse Clip-On Gooseneck Lamps,16.74,2,0.0,4.352399999999999
US-2013-155768,2018-12-02,2018-12-02,Same Day,LB-16795,Laurel Beltran,Home Office,Oxnard,California,93030,FUR-FU-10000448,Furniture,Furnishings,Tenex Chairmats For Use With Carpeted Floors,31.96,2,0.0,1.597999999999999
US-2013-155768,2018-12-02,2018-12-02,Same Day,LB-16795,Laurel Beltran,Home Office,Oxnard,California,93030,OFF-PA-10001357,Office Supplies,Paper,Xerox 1886,47.9,1,0.0,22.991999999999997
US-2013-155768,2018-12-02,2018-12-02,Same Day,LB-16795,Laurel Beltran,Home Office,Oxnard,California,93030,OFF-ST-10002292,Office Supplies,Storage,"Sauder Facets Collection Locker/File Cabinet, Sky Alder Finish",1112.94,3,0.0,222.5879999999999
US-2013-155768,2018-12-02,2018-12-02,Same Day,LB-16795,Laurel Beltran,Home Office,Oxnard,California,93030,OFF-EN-10001219,Office Supplies,Envelopes,"#10- 4 1/8"" x 9 1/2"" Security-Tint Envelopes",22.919999999999998,3,0.0,11.230799999999999
CA-2013-104689,2018-12-02,2018-12-06,Standard Class,FH-14365,Fred Hopkins,Corporate,Los Angeles,California,90004,OFF-AR-10001149,Office Supplies,Art,"Sanford Colorific Colored Pencils, 12/Box",23.04,8,0.0,6.911999999999999
US-2013-108455,2018-12-03,2018-12-09,Standard Class,MK-18160,Mike Kennedy,Consumer,San Francisco,California,94122,OFF-PA-10002262,Office Supplies,Paper,Xerox 192,25.92,4,0.0,12.441600000000001
US-2013-108455,2018-12-03,2018-12-09,Standard Class,MK-18160,Mike Kennedy,Consumer,San Francisco,California,94122,OFF-PA-10002464,Office Supplies,Paper,HP Office Recycled Paper (20Lb. and 87 Bright),40.46,7,0.0,19.825400000000002
US-2013-108455,2018-12-03,2018-12-09,Standard Class,MK-18160,Mike Kennedy,Consumer,San Francisco,California,94122,OFF-ST-10002214,Office Supplies,Storage,X-Rack File for Hanging Folders,33.87,3,0.0,8.806199999999999
US-2013-113985,2018-12-03,2018-12-08,Standard Class,KD-16495,Keith Dawkins,Corporate,San Jose,California,95123,OFF-BI-10002353,Office Supplies,Binders,GBC VeloBind Cover Sets,24.704,2,0.2,9.264
US-2013-113985,2018-12-03,2018-12-08,Standard Class,KD-16495,Keith Dawkins,Corporate,San Jose,California,95123,OFF-AP-10001303,Office Supplies,Appliances,"Holmes Cool Mist Humidifier for the Whole House with 8-Gallon Output per Day, Extended Life Filter",59.699999999999996,3,0.0,26.864999999999995
US-2013-113985,2018-12-03,2018-12-08,Standard Class,KD-16495,Keith Dawkins,Corporate,San Jose,California,95123,FUR-FU-10003026,Furniture,Furnishings,"Eldon Regeneration Recycled Desk Accessories, Black",14.52,3,0.0,5.6628
US-2013-113985,2018-12-03,2018-12-08,Standard Class,KD-16495,Keith Dawkins,Corporate,San Jose,California,95123,OFF-BI-10000632,Office Supplies,Binders,Satellite Sectional Post Binders,104.184,3,0.2,33.8598
CA-2013-143154,2018-12-03,2018-12-09,Standard Class,AS-10225,Alan Schoenberger,Corporate,Longmont,Colorado,80501,TEC-AC-10002942,Technology,Accessories,WD My Passport Ultra 1TB Portable External Hard Drive,165.60000000000002,3,0.2,-6.210000000000015
CA-2013-153598,2018-12-04,2018-12-07,First Class,NM-18520,Neoma Murray,Consumer,Los Angeles,California,90045,TEC-AC-10003870,Technology,Accessories,Logitech Z-906 Speaker sys - home theater - 5.1-CH,1649.95,5,0.0,659.98
CA-2013-153598,2018-12-04,2018-12-07,First Class,NM-18520,Neoma Murray,Consumer,Los Angeles,California,90045,FUR-FU-10001085,Furniture,Furnishings,3M Polarizing Light Filter Sleeves,111.89999999999999,6,0.0,51.47399999999999
CA-2013-161025,2018-12-04,2018-12-10,Standard Class,GM-14440,Gary McGarr,Consumer,Los Angeles,California,90049,OFF-ST-10001932,Office Supplies,Storage,Fellowes Staxonsteel Drawer Files,772.68,4,0.0,108.17520000000002
CA-2013-149762,2018-12-04,2018-12-08,Standard Class,RD-19720,Roger Demir,Consumer,Morgan Hill,California,95037,FUR-TA-10004147,Furniture,Tables,Hon 4060 Series Tables,268.704,3,0.2,6.717599999999976
CA-2013-149762,2018-12-04,2018-12-08,Standard Class,RD-19720,Roger Demir,Consumer,Morgan Hill,California,95037,OFF-AR-10001662,Office Supplies,Art,Rogers Handheld Barrel Pencil Sharpener,21.92,8,0.0,5.918400000000002
CA-2013-149762,2018-12-04,2018-12-08,Standard Class,RD-19720,Roger Demir,Consumer,Morgan Hill,California,95037,OFF-ST-10001558,Office Supplies,Storage,Acco Perma 4000 Stacking Storage Drawers,48.72,3,0.0,7.308
CA-2013-149762,2018-12-04,2018-12-08,Standard Class,RD-19720,Roger Demir,Consumer,Morgan Hill,California,95037,FUR-BO-10001337,Furniture,Bookcases,O'Sullivan Living Dimensions 2-Shelf Bookcases,205.666,2,0.15,-12.097999999999999
CA-2013-112060,2018-12-05,2018-12-10,Standard Class,KT-16465,Kean Takahito,Consumer,San Francisco,California,94109,OFF-PA-10000994,Office Supplies,Paper,Xerox 1915,104.85,1,0.0,50.327999999999996
CA-2013-161389,2018-12-06,2018-12-11,Standard Class,IM-15070,Irene Maddox,Consumer,Seattle,Washington,98103,OFF-BI-10003656,Office Supplies,Binders,Fellowes PB200 Plastic Comb Binding Machine,407.97600000000006,3,0.2,132.59219999999993
US-2013-114776,2018-12-07,2018-12-08,First Class,GG-14650,Greg Guthrie,Corporate,Antioch,California,94509,OFF-PA-10004100,Office Supplies,Paper,Xerox 216,19.44,3,0.0,9.3312
US-2013-169040,2018-12-07,2018-12-13,Standard Class,GT-14710,Greg Tran,Consumer,Seattle,Washington,98105,TEC-PH-10002310,Technology,Phones,Plantronics Calisto P620-M USB Wireless Speakerphone System,156.79200000000003,1,0.2,13.719300000000004
US-2013-169040,2018-12-07,2018-12-13,Standard Class,GT-14710,Greg Tran,Consumer,Seattle,Washington,98105,TEC-PH-10002834,Technology,Phones,Google Nexus 5,431.97600000000006,3,0.2,26.998499999999993
US-2013-169040,2018-12-07,2018-12-13,Standard Class,GT-14710,Greg Tran,Consumer,Seattle,Washington,98105,OFF-EN-10000927,Office Supplies,Envelopes,Jet-Pak Recycled Peel 'N' Seal Padded Mailers,35.89,1,0.0,16.150499999999997
US-2013-169040,2018-12-07,2018-12-13,Standard Class,GT-14710,Greg Tran,Consumer,Seattle,Washington,98105,OFF-BI-10001636,Office Supplies,Binders,Ibico Plastic and Wire Spiral Binding Combs,47.208,7,0.2,15.342599999999997
US-2013-169040,2018-12-07,2018-12-13,Standard Class,GT-14710,Greg Tran,Consumer,Seattle,Washington,98105,OFF-PA-10001736,Office Supplies,Paper,Xerox 1880,248.07999999999998,7,0.0,116.59759999999997
US-2013-169040,2018-12-07,2018-12-13,Standard Class,GT-14710,Greg Tran,Consumer,Seattle,Washington,98105,OFF-PA-10000482,Office Supplies,Paper,"Snap-A-Way Black Print Carbonless Ruled Speed Letter, Triplicate",189.7,5,0.0,89.15899999999999
US-2013-169040,2018-12-07,2018-12-13,Standard Class,GT-14710,Greg Tran,Consumer,Seattle,Washington,98105,OFF-BI-10001658,Office Supplies,Binders,GBC Standard Therm-A-Bind Covers,59.80800000000001,3,0.2,19.4376
US-2013-103674,2018-12-07,2018-12-11,Standard Class,AP-10720,Anne Pryor,Home Office,Los Angeles,California,90032,TEC-PH-10004080,Technology,Phones,Avaya 5410 Digital phone,271.96,5,0.2,27.195999999999998
US-2013-103674,2018-12-07,2018-12-11,Standard Class,AP-10720,Anne Pryor,Home Office,Los Angeles,California,90032,OFF-AR-10004752,Office Supplies,Art,Blackstonian Pencils,18.689999999999998,7,0.0,5.2332
US-2013-103674,2018-12-07,2018-12-11,Standard Class,AP-10720,Anne Pryor,Home Office,Los Angeles,California,90032,OFF-PA-10000743,Office Supplies,Paper,Xerox 1977,13.36,2,0.0,6.4128
US-2013-103674,2018-12-07,2018-12-11,Standard Class,AP-10720,Anne Pryor,Home Office,Los Angeles,California,90032,TEC-PH-10002496,Technology,Phones,Cisco SPA301,249.58400000000003,2,0.2,31.197999999999986
US-2013-103674,2018-12-07,2018-12-11,Standard Class,AP-10720,Anne Pryor,Home Office,Los Angeles,California,90032,OFF-FA-10003467,Office Supplies,Fasteners,"Alliance Big Bands Rubber Bands, 12/Pack",13.86,7,0.0,0.0
US-2013-103674,2018-12-07,2018-12-11,Standard Class,AP-10720,Anne Pryor,Home Office,Los Angeles,California,90032,OFF-BI-10003727,Office Supplies,Binders,Avery Durable Slant Ring Binders With Label Holder,13.376,4,0.2,4.6815999999999995
US-2013-103674,2018-12-07,2018-12-11,Standard Class,AP-10720,Anne Pryor,Home Office,Los Angeles,California,90032,OFF-BI-10002026,Office Supplies,Binders,Ibico Recycled Linen-Style Covers,437.4720000000001,14,0.2,153.1152
CA-2013-131289,2018-12-09,2018-12-15,Standard Class,SP-20620,Stefania Perrino,Corporate,San Francisco,California,94110,OFF-AR-10003056,Office Supplies,Art,Newell 341,8.56,2,0.0,2.4823999999999993
CA-2013-131289,2018-12-09,2018-12-15,Standard Class,SP-20620,Stefania Perrino,Corporate,San Francisco,California,94110,OFF-PA-10003363,Office Supplies,Paper,Xerox 204,45.36,7,0.0,21.772800000000004
CA-2013-131289,2018-12-09,2018-12-15,Standard Class,SP-20620,Stefania Perrino,Corporate,San Francisco,California,94110,FUR-TA-10003954,Furniture,Tables,Hon 94000 Series Round Tables,1421.6640000000002,6,0.2,-195.47879999999998
CA-2013-115224,2018-12-09,2018-12-12,Second Class,DB-13615,Doug Bickford,Consumer,San Francisco,California,94110,OFF-ST-10000615,Office Supplies,Storage,"SimpliFile Personal File, Black Granite, 15w x 6-15/16d x 11-1/4h",34.05,3,0.0,9.534000000000002
CA-2013-115224,2018-12-09,2018-12-12,Second Class,DB-13615,Doug Bickford,Consumer,San Francisco,California,94110,OFF-ST-10003816,Office Supplies,Storage,Fellowes High-Stak Drawer Files,352.38,2,0.0,81.04739999999998
CA-2013-149503,2018-12-10,2018-12-13,First Class,SP-20650,Stephanie Phelps,Corporate,Stockton,California,95207,OFF-BI-10002133,Office Supplies,Binders,"Wilson Jones Elliptical Ring 3 1/2"" Capacity Binders, 800 sheets",273.92,8,0.2,99.29599999999998
CA-2013-154739,2018-12-11,2018-12-16,Second Class,LH-17155,Logan Haushalter,Consumer,San Francisco,California,94109,FUR-CH-10002965,Furniture,Chairs,"Global Leather Highback Executive Chair with Pneumatic Height Adjustment, Black",321.568,2,0.2,28.137200000000007
CA-2013-128412,2018-12-11,2018-12-18,Standard Class,AP-10915,Arthur Prichep,Consumer,Seattle,Washington,98105,OFF-BI-10001718,Office Supplies,Binders,GBC DocuBind P50 Personal Binding Machine,153.552,3,0.2,51.8238
CA-2013-128412,2018-12-11,2018-12-18,Standard Class,AP-10915,Arthur Prichep,Consumer,Seattle,Washington,98105,OFF-AP-10002082,Office Supplies,Appliances,Holmes HEPA Air Purifier,65.34,3,0.0,22.869
CA-2013-128412,2018-12-11,2018-12-18,Standard Class,AP-10915,Arthur Prichep,Consumer,Seattle,Washington,98105,OFF-PA-10001125,Office Supplies,Paper,Xerox 1988,123.92,4,0.0,55.763999999999996
CA-2013-128412,2018-12-11,2018-12-18,Standard Class,AP-10915,Arthur Prichep,Consumer,Seattle,Washington,98105,OFF-AP-10000252,Office Supplies,Appliances,Harmony HEPA Quiet Air Purifiers,35.099999999999994,3,0.0,12.285
CA-2013-128412,2018-12-11,2018-12-18,Standard Class,AP-10915,Arthur Prichep,Consumer,Seattle,Washington,98105,TEC-AC-10003038,Technology,Accessories,Kingston Digital DataTraveler 16GB USB 2.0,44.75,5,0.0,8.502499999999994
CA-2013-147123,2018-12-11,2018-12-13,First Class,SJ-20125,Sanjit Jacobs,Home Office,Long Beach,California,90805,OFF-PA-10000575,Office Supplies,Paper,"Wirebound Message Books, Four 2 3/4 x 5 White Forms per Page",80.28,12,0.0,36.928799999999995
US-2013-135720,2018-12-12,2018-12-14,Second Class,FM-14380,Fred McMath,Consumer,Aurora,Colorado,80013,OFF-ST-10001963,Office Supplies,Storage,Tennsco Regal Shelving Units,243.38400000000001,3,0.2,-51.71910000000001
US-2013-135720,2018-12-12,2018-12-14,Second Class,FM-14380,Fred McMath,Consumer,Aurora,Colorado,80013,TEC-AC-10001267,Technology,Accessories,Imation 32GB Pocket Pro USB 3.0 Flash Drive - 32 GB - Black - 1 P ...,119.80000000000001,5,0.2,29.950000000000003
US-2013-135720,2018-12-12,2018-12-14,Second Class,FM-14380,Fred McMath,Consumer,Aurora,Colorado,80013,TEC-PH-10002103,Technology,Phones,Jabra SPEAK 410,300.768,4,0.2,30.076800000000006
CA-2013-160745,2018-12-12,2018-12-17,Second Class,AR-10825,Anthony Rawles,Corporate,Vancouver,Washington,98661,FUR-FU-10001935,Furniture,Furnishings,3M Hangers With Command Adhesive,14.8,4,0.0,6.068000000000001
CA-2013-160745,2018-12-12,2018-12-17,Second Class,AR-10825,Anthony Rawles,Corporate,Vancouver,Washington,98661,TEC-PH-10003273,Technology,Phones,AT&T TR1909W,302.376,3,0.2,22.678200000000018
CA-2013-160745,2018-12-12,2018-12-17,Second Class,AR-10825,Anthony Rawles,Corporate,Vancouver,Washington,98661,TEC-AC-10001142,Technology,Accessories,First Data FD10 PIN Pad,316.0,4,0.0,31.599999999999966
CA-2013-143609,2018-12-12,2018-12-14,First Class,DB-13270,Deborah Brumfield,Home Office,Portland,Oregon,97206,FUR-CH-10004218,Furniture,Chairs,"Global Fabric Manager's Chair, Dark Gray",403.92,5,0.2,25.24500000000002
CA-2013-165330,2018-12-12,2018-12-12,Same Day,WB-21850,William Brown,Consumer,Anaheim,California,92804,OFF-BI-10004593,Office Supplies,Binders,Ibico Laser Imprintable Binding System Covers,209.60000000000002,5,0.2,68.11999999999999
CA-2013-165330,2018-12-12,2018-12-12,Same Day,WB-21850,William Brown,Consumer,Anaheim,California,92804,OFF-AR-10000914,Office Supplies,Art,Boston 16765 Mini Stand Up Battery Pencil Sharpener,23.32,2,0.0,6.063200000000002
CA-2013-165330,2018-12-12,2018-12-12,Same Day,WB-21850,William Brown,Consumer,Anaheim,California,92804,OFF-PA-10000241,Office Supplies,Paper,"IBM Multi-Purpose Copy Paper, 8 1/2 x 11"", Case",30.98,1,0.0,13.940999999999999
CA-2013-165330,2018-12-12,2018-12-12,Same Day,WB-21850,William Brown,Consumer,Anaheim,California,92804,TEC-AC-10000057,Technology,Accessories,Microsoft Natural Ergonomic Keyboard 4000,119.96,4,0.0,25.191599999999994
CA-2013-165330,2018-12-12,2018-12-12,Same Day,WB-21850,William Brown,Consumer,Anaheim,California,92804,FUR-CH-10003774,Furniture,Chairs,"Global Wood Trimmed Manager's Task Chair, Khaki",363.92,5,0.2,-31.843000000000018
CA-2013-165330,2018-12-12,2018-12-12,Same Day,WB-21850,William Brown,Consumer,Anaheim,California,92804,OFF-BI-10002824,Office Supplies,Binders,Recycled Easel Ring Binders,35.808,3,0.2,11.189999999999996
CA-2013-165330,2018-12-12,2018-12-12,Same Day,WB-21850,William Brown,Consumer,Anaheim,California,92804,OFF-BI-10004001,Office Supplies,Binders,GBC Recycled VeloBinder Covers,122.688,9,0.2,39.87359999999998
CA-2013-165330,2018-12-12,2018-12-12,Same Day,WB-21850,William Brown,Consumer,Anaheim,California,92804,FUR-TA-10004619,Furniture,Tables,Hon Non-Folding Utility Tables,892.1360000000001,7,0.2,111.51699999999991
CA-2013-165330,2018-12-12,2018-12-12,Same Day,WB-21850,William Brown,Consumer,Anaheim,California,92804,OFF-ST-10000636,Office Supplies,Storage,Rogers Profile Extra Capacity Storage Tub,50.22,3,0.0,2.0087999999999973
CA-2013-165330,2018-12-12,2018-12-12,Same Day,WB-21850,William Brown,Consumer,Anaheim,California,92804,OFF-AP-10001469,Office Supplies,Appliances,Fellowes 8 Outlet Superior Workstation Surge Protector,83.42,2,0.0,24.191799999999994
CA-2013-165330,2018-12-12,2018-12-12,Same Day,WB-21850,William Brown,Consumer,Anaheim,California,92804,OFF-BI-10002897,Office Supplies,Binders,"Black Avery Memo-Size 3-Ring Binder, 5 1/2"" x 8 1/2""",5.872,2,0.2,2.1286
CA-2013-136686,2018-12-13,2018-12-17,Standard Class,RF-19840,Roy Französisch,Consumer,Pasadena,California,91104,FUR-FU-10004864,Furniture,Furnishings,"Howard Miller 14-1/2"" Diameter Chrome Round Wall Clock",383.64,6,0.0,122.7648
CA-2013-136686,2018-12-13,2018-12-17,Standard Class,RF-19840,Roy Französisch,Consumer,Pasadena,California,91104,OFF-AP-10002350,Office Supplies,Appliances,Belkin F9H710-06 7 Outlet SurgeMaster Surge Protector,56.519999999999996,3,0.0,15.8256
CA-2013-142958,2018-12-14,2018-12-21,Standard Class,RW-19630,Rob Williams,Corporate,Torrance,California,90503,OFF-BI-10001759,Office Supplies,Binders,"Acco Pressboard Covers with Storage Hooks, 14 7/8"" x 11"", Dark Blue",6.096,2,0.2,2.2098
CA-2013-142958,2018-12-14,2018-12-21,Standard Class,RW-19630,Rob Williams,Corporate,Torrance,California,90503,FUR-TA-10000577,Furniture,Tables,Bretford CR4500 Series Slim Rectangular Table,1114.272,4,0.2,41.78520000000003
CA-2013-102792,2018-12-14,2018-12-20,Standard Class,JC-15340,Jasper Cacioppo,Consumer,Riverside,California,92503,OFF-AR-10004757,Office Supplies,Art,Crayola Colored Pencils,9.84,3,0.0,3.2471999999999994
CA-2013-146325,2018-12-15,2018-12-18,First Class,DS-13180,David Smith,Corporate,San Diego,California,92037,FUR-CH-10001146,Furniture,Chairs,"Global Task Chair, Black",81.424,2,0.2,-9.160199999999996
CA-2013-146325,2018-12-15,2018-12-18,First Class,DS-13180,David Smith,Corporate,San Diego,California,92037,OFF-ST-10001590,Office Supplies,Storage,"Tenex Personal Project File with Scoop Front Design, Black",134.8,10,0.0,35.047999999999995
US-2013-116442,2018-12-16,2018-12-23,Standard Class,BP-11230,Benjamin Patterson,Consumer,Los Angeles,California,90004,FUR-FU-10002364,Furniture,Furnishings,"Eldon Expressions Wood Desk Accessories, Oak",14.76,2,0.0,4.280399999999998
US-2013-127334,2018-12-16,2018-12-22,Standard Class,MP-18175,Mike Pelletier,Home Office,Springfield,Oregon,97477,FUR-TA-10003473,Furniture,Tables,Bretford Rectangular Conference Table Tops,564.1949999999999,3,0.5,-304.6652999999999
US-2013-127334,2018-12-16,2018-12-22,Standard Class,MP-18175,Mike Pelletier,Home Office,Springfield,Oregon,97477,OFF-AP-10001205,Office Supplies,Appliances,Belkin 5 Outlet SurgeMaster Power Centers,87.168,2,0.2,8.716800000000006
CA-2013-118332,2018-12-17,2018-12-24,Standard Class,PK-19075,Pete Kriz,Consumer,Apple Valley,California,92307,FUR-CH-10001708,Furniture,Chairs,Office Star - Contemporary Swivel Chair with Padded Adjustable Arms and Flex Back,563.92,5,0.2,7.04899999999995
CA-2013-155446,2018-12-17,2018-12-24,Standard Class,TN-21040,Tanja Norvell,Home Office,San Diego,California,92024,TEC-AC-10001445,Technology,Accessories,Imation USB 2.0 Swivel Flash Drive USB flash drive - 4 GB - Pink,21.209999999999997,7,0.0,4.454099999999999
CA-2013-155530,2018-12-18,2018-12-22,Standard Class,CM-12160,Charles McCrossin,Consumer,San Francisco,California,94122,FUR-TA-10004256,Furniture,Tables,Bretford “Just In Time” Height-Adjustable Multi-Task Work Tables,2003.52,6,0.2,-325.57200000000023
CA-2013-155383,2018-12-18,2018-12-23,Standard Class,SC-20680,Steve Carroll,Home Office,Seattle,Washington,98115,OFF-ST-10001328,Office Supplies,Storage,"Personal Filing Tote with Lid, Black/Gray",46.53,3,0.0,13.028400000000001
CA-2013-131639,2018-12-18,2018-12-24,Standard Class,NS-18640,Noel Staavos,Corporate,Carlsbad,New Mexico,88220,OFF-BI-10001636,Office Supplies,Binders,Ibico Plastic and Wire Spiral Binding Combs,13.488,2,0.2,4.3835999999999995
CA-2013-131639,2018-12-18,2018-12-24,Standard Class,NS-18640,Noel Staavos,Corporate,Carlsbad,New Mexico,88220,OFF-BI-10000948,Office Supplies,Binders,"GBC Laser Imprintable Binding System Covers, Desert Sand",11.416,1,0.2,3.852899999999999
CA-2013-145919,2018-12-19,2018-12-24,Standard Class,HG-14965,Henry Goldwyn,Corporate,Los Angeles,California,90032,OFF-PA-10003072,Office Supplies,Paper,"Eureka Recycled Copy Paper 8 1/2"" x 11"", Ream",38.88,6,0.0,18.6624
CA-2013-145919,2018-12-19,2018-12-24,Standard Class,HG-14965,Henry Goldwyn,Corporate,Los Angeles,California,90032,FUR-FU-10004960,Furniture,Furnishings,"Seth Thomas 12"" Clock w/ Goldtone Case",183.84,8,0.0,62.5056
CA-2013-145919,2018-12-19,2018-12-24,Standard Class,HG-14965,Henry Goldwyn,Corporate,Los Angeles,California,90032,OFF-SU-10003505,Office Supplies,Supplies,Premier Electric Letter Opener,579.3,5,0.0,28.96499999999996
CA-2013-133795,2018-12-19,2018-12-25,Standard Class,JE-15475,Jeremy Ellison,Consumer,San Diego,California,92037,TEC-AC-10001465,Technology,Accessories,SanDisk Cruzer 64 GB USB Flash Drive,72.64,2,0.0,21.791999999999994
CA-2013-133795,2018-12-19,2018-12-25,Standard Class,JE-15475,Jeremy Ellison,Consumer,San Diego,California,92037,TEC-AC-10003832,Technology,Accessories,Logitech P710e Mobile Speakerphone,772.47,3,0.0,146.76929999999993
CA-2013-133795,2018-12-19,2018-12-25,Standard Class,JE-15475,Jeremy Ellison,Consumer,San Diego,California,92037,FUR-FU-10003731,Furniture,Furnishings,"Eldon Expressions Wood and Plastic Desk Accessories, Oak",39.92,4,0.0,11.177600000000002
CA-2013-145261,2018-12-19,2018-12-22,First Class,AH-10120,Adrian Hane,Home Office,Salem,Oregon,97301,OFF-BI-10001670,Office Supplies,Binders,Vinyl Sectional Post Binders,45.24000000000001,4,0.7,-30.159999999999997
CA-2013-145261,2018-12-19,2018-12-22,First Class,AH-10120,Adrian Hane,Home Office,Salem,Oregon,97301,OFF-AR-10004078,Office Supplies,Art,Newell 312,18.688,4,0.2,2.3359999999999994
CA-2013-145261,2018-12-19,2018-12-22,First Class,AH-10120,Adrian Hane,Home Office,Salem,Oregon,97301,OFF-PA-10003036,Office Supplies,Paper,"Black Print Carbonless 8 1/2"" x 8 1/4"" Rapid Memo Book",11.648000000000001,2,0.2,3.785599999999999
CA-2013-145261,2018-12-19,2018-12-22,First Class,AH-10120,Adrian Hane,Home Office,Salem,Oregon,97301,TEC-AC-10000991,Technology,Accessories,Sony Micro Vault Click 8 GB USB 2.0 Flash Drive,112.77600000000001,3,0.2,-8.458199999999998
CA-2013-145261,2018-12-19,2018-12-22,First Class,AH-10120,Adrian Hane,Home Office,Salem,Oregon,97301,FUR-TA-10002530,Furniture,Tables,"Iceberg OfficeWorks 42"" Round Tables",377.45,5,0.5,-264.21500000000003
CA-2013-145261,2018-12-19,2018-12-22,First Class,AH-10120,Adrian Hane,Home Office,Salem,Oregon,97301,OFF-LA-10000407,Office Supplies,Labels,Avery White Multi-Purpose Labels,15.936000000000002,4,0.2,5.1792
CA-2013-145261,2018-12-19,2018-12-22,First Class,AH-10120,Adrian Hane,Home Office,Salem,Oregon,97301,TEC-PH-10004833,Technology,Phones,Macally Suction Cup Mount,28.68,3,0.2,-7.17
CA-2013-139934,2018-12-19,2018-12-21,First Class,AY-10555,Andy Yotov,Corporate,San Francisco,California,94110,TEC-PH-10001552,Technology,Phones,I Need's 3d Hello Kitty Hybrid Silicone Case Cover for HTC One X 4g with 3d Hello Kitty Stylus Pen Green/pink,66.97600000000001,7,0.2,6.697600000000001
CA-2013-134936,2018-12-20,2018-12-26,Standard Class,ES-14080,Erin Smith,Corporate,Tucson,Arizona,85705,FUR-TA-10001086,Furniture,Tables,"SAFCO PlanMaster Boards, 60w x 37-1/2d, White Melamine",455.97,6,0.5,-218.86559999999997
CA-2013-134936,2018-12-20,2018-12-26,Standard Class,ES-14080,Erin Smith,Corporate,Tucson,Arizona,85705,OFF-BI-10000174,Office Supplies,Binders,"Wilson Jones Clip & Carry Folder Binder Tool for Ring Binders, Clear",10.440000000000001,6,0.7,-7.655999999999999
CA-2013-134936,2018-12-20,2018-12-26,Standard Class,ES-14080,Erin Smith,Corporate,Tucson,Arizona,85705,OFF-BI-10002103,Office Supplies,Binders,"Cardinal Slant-D Ring Binder, Heavy Gauge Vinyl",5.214,2,0.7,-4.171199999999999
CA-2013-167507,2018-12-23,2018-12-29,Standard Class,SA-20830,Sue Ann Reed,Consumer,Redmond,Oregon,97756,OFF-BI-10003694,Office Supplies,Binders,"Avery 3 1/2"" Diskette Storage Pages, 10/Pack",31.32,10,0.7,-25.05599999999999
CA-2013-167507,2018-12-23,2018-12-29,Standard Class,SA-20830,Sue Ann Reed,Consumer,Redmond,Oregon,97756,FUR-FU-10001935,Furniture,Furnishings,3M Hangers With Command Adhesive,11.840000000000002,4,0.2,3.108000000000001
CA-2013-167507,2018-12-23,2018-12-29,Standard Class,SA-20830,Sue Ann Reed,Consumer,Redmond,Oregon,97756,FUR-FU-10002878,Furniture,Furnishings,"Seth Thomas 14"" Day/Date Wall Clock",22.784000000000002,1,0.2,4.841600000000001
CA-2013-149916,2018-12-23,2018-12-25,Second Class,ED-13885,Emily Ducich,Home Office,Seattle,Washington,98115,OFF-BI-10004002,Office Supplies,Binders,Wilson Jones International Size A4 Ring Binders,55.36000000000001,4,0.2,19.375999999999998
CA-2013-149916,2018-12-23,2018-12-25,Second Class,ED-13885,Emily Ducich,Home Office,Seattle,Washington,98115,TEC-MA-10000752,Technology,Machines,Texas Instrument TI-15 Fraction Calculator,11.56,1,0.2,3.7569999999999992
CA-2013-114860,2018-12-23,2018-12-29,Standard Class,DN-13690,Duane Noonan,Consumer,Moreno Valley,California,92553,FUR-FU-10000277,Furniture,Furnishings,Deflect-o DuraMat Antistatic Studded Beveled Mat for Medium Pile Carpeting,842.72,8,0.0,202.25279999999998
CA-2013-114860,2018-12-23,2018-12-29,Standard Class,DN-13690,Duane Noonan,Consumer,Moreno Valley,California,92553,FUR-FU-10001934,Furniture,Furnishings,Magnifier Swing Arm Lamp,41.96,2,0.0,10.909600000000001
CA-2013-135776,2018-12-24,2018-12-31,Standard Class,EH-13765,Edward Hooks,Corporate,Seattle,Washington,98103,OFF-AR-10001246,Office Supplies,Art,Newell 317,8.82,3,0.0,2.5577999999999994
CA-2013-135776,2018-12-24,2018-12-31,Standard Class,EH-13765,Edward Hooks,Corporate,Seattle,Washington,98103,OFF-PA-10001295,Office Supplies,Paper,Computer Printout Paper with Letter-Trim Perforations,37.94,2,0.0,18.211199999999998
CA-2013-135776,2018-12-24,2018-12-31,Standard Class,EH-13765,Edward Hooks,Corporate,Seattle,Washington,98103,OFF-AR-10001231,Office Supplies,Art,"Sanford EarthWrite Recycled Pencils, Medium Soft, #2",4.2,2,0.0,1.1760000000000002
CA-2013-135776,2018-12-24,2018-12-31,Standard Class,EH-13765,Edward Hooks,Corporate,Seattle,Washington,98103,OFF-ST-10002743,Office Supplies,Storage,SAFCO Boltless Steel Shelving,227.28,2,0.0,2.2727999999999895
CA-2013-135776,2018-12-24,2018-12-31,Standard Class,EH-13765,Edward Hooks,Corporate,Seattle,Washington,98103,OFF-PA-10004327,Office Supplies,Paper,Xerox 1911,47.9,1,0.0,22.991999999999997
CA-2013-135776,2018-12-24,2018-12-31,Standard Class,EH-13765,Edward Hooks,Corporate,Seattle,Washington,98103,OFF-EN-10004773,Office Supplies,Envelopes,Staple envelope,61.96,2,0.0,30.3604
CA-2013-135776,2018-12-24,2018-12-31,Standard Class,EH-13765,Edward Hooks,Corporate,Seattle,Washington,98103,OFF-ST-10003470,Office Supplies,Storage,"Tennsco Snap-Together Open Shelving Units, Starter Sets and Add-On Units",1117.92,4,0.0,55.89599999999996
CA-2013-123526,2018-12-25,2018-12-26,First Class,BV-11245,Benjamin Venier,Corporate,Seattle,Washington,98103,OFF-PA-10002986,Office Supplies,Paper,Xerox 1898,33.4,5,0.0,16.032
CA-2013-101651,2018-12-25,2018-12-31,Standard Class,SC-20305,Sean Christensen,Consumer,San Jose,California,95123,FUR-FU-10000771,Furniture,Furnishings,"Eldon 200 Class Desk Accessories, Smoke",43.96,7,0.0,18.463200000000004
CA-2013-101651,2018-12-25,2018-12-31,Standard Class,SC-20305,Sean Christensen,Consumer,San Jose,California,95123,OFF-EN-10001990,Office Supplies,Envelopes,Staple envelope,39.76,7,0.0,18.687199999999997
US-2013-116729,2018-12-26,2018-12-29,First Class,GK-14620,Grace Kelly,Corporate,Los Angeles,California,90049,TEC-PH-10002200,Technology,Phones,Samsung Galaxy Note 2,2575.944,7,0.2,257.5944000000003
US-2013-116729,2018-12-26,2018-12-29,First Class,GK-14620,Grace Kelly,Corporate,Los Angeles,California,90049,OFF-PA-10002005,Office Supplies,Paper,Xerox 225,45.36,7,0.0,21.772800000000004
US-2013-116729,2018-12-26,2018-12-29,First Class,GK-14620,Grace Kelly,Corporate,Los Angeles,California,90049,TEC-AC-10001465,Technology,Accessories,SanDisk Cruzer 64 GB USB Flash Drive,254.24,7,0.0,76.27199999999998
CA-2013-105081,2018-12-26,2018-12-31,Standard Class,JE-15715,Joe Elijah,Consumer,Seattle,Washington,98115,FUR-CH-10000847,Furniture,Chairs,Global Executive Mid-Back Manager's Chair,698.3520000000001,3,0.2,52.37639999999996
CA-2013-105081,2018-12-26,2018-12-31,Standard Class,JE-15715,Joe Elijah,Consumer,Seattle,Washington,98115,FUR-TA-10001307,Furniture,Tables,"SAFCO PlanMaster Heigh-Adjustable Drafting Table Base, 43w x 30d x 30-37h, Black",1747.25,5,0.0,629.01
CA-2013-109827,2018-12-26,2019-01-02,Standard Class,LW-16825,Laurel Workman,Corporate,Phoenix,Arizona,85023,FUR-TA-10002607,Furniture,Tables,KI Conference Tables,35.445,1,0.5,-24.102599999999995
CA-2013-109827,2018-12-26,2019-01-02,Standard Class,LW-16825,Laurel Workman,Corporate,Phoenix,Arizona,85023,TEC-MA-10003356,Technology,Machines,Panasonic KX MC6040 Color Laser Multifunction Printer,269.97,2,0.7,-386.957
CA-2013-109827,2018-12-26,2019-01-02,Standard Class,LW-16825,Laurel Workman,Corporate,Phoenix,Arizona,85023,TEC-AC-10002217,Technology,Accessories,Imation Clip USB flash drive - 8 GB,45.120000000000005,3,0.2,-7.896000000000001
CA-2013-109827,2018-12-26,2019-01-02,Standard Class,LW-16825,Laurel Workman,Corporate,Phoenix,Arizona,85023,TEC-AC-10004353,Technology,Accessories,Hypercom P1300 Pinpad,100.80000000000001,2,0.2,21.42
CA-2013-109827,2018-12-26,2019-01-02,Standard Class,LW-16825,Laurel Workman,Corporate,Phoenix,Arizona,85023,FUR-CH-10004754,Furniture,Chairs,"Global Stack Chair with Arms, Black",47.968,2,0.2,4.197199999999999
US-2013-153129,2018-12-27,2018-12-31,Standard Class,FP-14320,Frank Preis,Consumer,Seattle,Washington,98105,OFF-PA-10003673,Office Supplies,Paper,Strathmore Photo Mount Cards,33.9,5,0.0,15.594
CA-2013-151512,2018-12-27,2019-01-03,Standard Class,SH-19975,Sally Hughsby,Corporate,Denver,Colorado,80219,OFF-AP-10000252,Office Supplies,Appliances,Harmony HEPA Quiet Air Purifiers,18.72,2,0.2,3.51
CA-2013-114538,2018-12-27,2018-12-28,First Class,RC-19825,Roy Collins,Consumer,Colorado Springs,Colorado,80906,OFF-AR-10002445,Office Supplies,Art,SANFORD Major Accent Highlighters,11.328000000000001,2,0.2,2.5488000000000004
CA-2013-129868,2018-12-27,2019-01-01,Standard Class,MC-18130,Mike Caudle,Corporate,Los Angeles,California,90004,OFF-SU-10000952,Office Supplies,Supplies,Fiskars Home & Office Scissors,17.76,2,0.0,4.972800000000001
CA-2013-129868,2018-12-27,2019-01-01,Standard Class,MC-18130,Mike Caudle,Corporate,Los Angeles,California,90004,TEC-PH-10002275,Technology,Phones,Mitel 5320 IP Phone VoIP phone,302.384,2,0.2,30.238400000000013
CA-2013-129868,2018-12-27,2019-01-01,Standard Class,MC-18130,Mike Caudle,Corporate,Los Angeles,California,90004,FUR-CH-10003535,Furniture,Chairs,"Global Armless Task Chair, Royal Blue",146.352,3,0.2,-5.488200000000006
CA-2013-129868,2018-12-27,2019-01-01,Standard Class,MC-18130,Mike Caudle,Corporate,Los Angeles,California,90004,OFF-AP-10004052,Office Supplies,Appliances,"Hoover Replacement Belts For Soft Guard & Commercial Ltweight Upright Vacs, 2/Pk",7.9,2,0.0,2.0540000000000003
CA-2013-129868,2018-12-27,2019-01-01,Standard Class,MC-18130,Mike Caudle,Corporate,Los Angeles,California,90004,FUR-TA-10003473,Furniture,Tables,Bretford Rectangular Conference Table Tops,902.712,3,0.2,33.85170000000005
CA-2013-129868,2018-12-27,2019-01-01,Standard Class,MC-18130,Mike Caudle,Corporate,Los Angeles,California,90004,OFF-AR-10001897,Office Supplies,Art,Model L Table or Wall-Mount Pencil Sharpener,53.97,3,0.0,15.111600000000001
US-2013-131058,2018-12-28,2019-01-01,Standard Class,EM-14140,Eugene Moren,Home Office,Santa Ana,California,92704,OFF-LA-10001613,Office Supplies,Labels,Avery File Folder Labels,20.16,7,0.0,9.8784
US-2013-163258,2018-12-30,2019-01-03,Standard Class,PF-19225,Phillip Flathmann,Consumer,Los Angeles,California,90045,OFF-BI-10000138,Office Supplies,Binders,Acco Translucent Poly Ring Binders,11.232,3,0.2,3.9312000000000005
CA-2013-157742,2018-12-30,2019-01-01,Second Class,KL-16645,Ken Lonsdale,Consumer,Springfield,Oregon,97477,OFF-EN-10002592,Office Supplies,Envelopes,"Peel & Seel Recycled Catalog Envelopes, Brown",27.792,3,0.2,10.422
CA-2013-112578,2018-12-30,2019-01-03,Standard Class,FO-14305,Frank Olsen,Consumer,Sacramento,California,95823,OFF-ST-10003722,Office Supplies,Storage,Project Tote Personal File,14.03,1,0.0,4.068699999999998
CA-2013-112578,2018-12-30,2019-01-03,Standard Class,FO-14305,Frank Olsen,Consumer,Sacramento,California,95823,OFF-SU-10002557,Office Supplies,Supplies,Fiskars Spring-Action Scissors,27.96,2,0.0,7.2696000000000005
US-2013-111528,2018-12-31,2018-12-31,Same Day,JP-16135,Julie Prescott,Home Office,Los Angeles,California,90032,OFF-ST-10001526,Office Supplies,Storage,Iceberg Mobile Mega Data/Printer Cart ,481.32,4,0.0,125.14319999999998
US-2013-111528,2018-12-31,2018-12-31,Same Day,JP-16135,Julie Prescott,Home Office,Los Angeles,California,90032,OFF-BI-10002194,Office Supplies,Binders,Cardinal Hold-It CD Pocket,6.384,1,0.2,2.1546000000000003
CA-2014-160395,2019-01-01,2019-01-07,Standard Class,KL-16555,Kelly Lampkin,Corporate,Reno,Nevada,89502,OFF-AR-10003759,Office Supplies,Art,"Crayola Anti Dust Chalk, 12/Pack",3.64,2,0.0,1.638
CA-2014-160395,2019-01-01,2019-01-07,Standard Class,KL-16555,Kelly Lampkin,Corporate,Reno,Nevada,89502,OFF-BI-10003984,Office Supplies,Binders,Lock-Up Easel 'Spel-Binder',159.768,7,0.2,53.92170000000001
CA-2014-100202,2019-01-01,2019-01-06,Standard Class,BD-11620,Brian DeCherney,Consumer,Anaheim,California,92804,TEC-PH-10002563,Technology,Phones,Adtran 1202752G1,302.376,3,0.2,22.678200000000018
CA-2014-156139,2019-01-01,2019-01-07,Standard Class,BP-11155,Becky Pak,Consumer,San Francisco,California,94109,OFF-BI-10004233,Office Supplies,Binders,"GBC Pre-Punched Binding Paper, Plastic, White, 8-1/2"" x 11""",38.376000000000005,3,0.2,13.4316
CA-2014-144463,2019-01-02,2019-01-06,Standard Class,SC-20725,Steven Cartwright,Consumer,Los Angeles,California,90036,FUR-FU-10001215,Furniture,Furnishings,"Howard Miller 11-1/2"" Diameter Brentwood Wall Clock",474.43,11,0.0,199.26060000000004
CA-2014-118668,2019-01-03,2019-01-05,Second Class,FW-14395,Fred Wasserman,Corporate,Los Angeles,California,90032,TEC-AC-10000682,Technology,Accessories,Kensington K72356US Mouse-in-a-Box USB Desktop Mouse,16.59,1,0.0,5.8065
US-2014-114034,2019-01-04,2019-01-09,Standard Class,DL-13315,Delfina Latchford,Consumer,Rancho Cucamonga,California,91730,OFF-PA-10004735,Office Supplies,Paper,Xerox 1905,38.88,6,0.0,18.6624
CA-2014-111738,2019-01-04,2019-01-08,Standard Class,CM-12385,Christopher Martinez,Consumer,San Francisco,California,94110,OFF-BI-10004584,Office Supplies,Binders,GBC ProClick 150 Presentation Binding System,2022.2720000000002,8,0.2,682.5168000000001
CA-2014-111738,2019-01-04,2019-01-08,Standard Class,CM-12385,Christopher Martinez,Consumer,San Francisco,California,94110,OFF-AR-10000817,Office Supplies,Art,Manco Dry-Lighter Erasable Highlighter,9.120000000000001,3,0.0,3.1007999999999996
US-2014-123862,2019-01-08,2019-01-10,Second Class,JF-15190,Jamie Frazer,Consumer,Long Beach,California,90805,OFF-ST-10000760,Office Supplies,Storage,Eldon Fold 'N Roll Cart System,153.78,11,0.0,44.596199999999996
US-2014-123862,2019-01-08,2019-01-10,Second Class,JF-15190,Jamie Frazer,Consumer,Long Beach,California,90805,OFF-ST-10002301,Office Supplies,Storage,Tennsco Commercial Shelving,61.019999999999996,3,0.0,0.6101999999999954
US-2014-123862,2019-01-08,2019-01-10,Second Class,JF-15190,Jamie Frazer,Consumer,Long Beach,California,90805,OFF-SU-10004884,Office Supplies,Supplies,Acme Galleria Hot Forged Steel Scissors with Colored Handles,110.11,7,0.0,31.931899999999988
US-2014-123862,2019-01-08,2019-01-10,Second Class,JF-15190,Jamie Frazer,Consumer,Long Beach,California,90805,OFF-FA-10003112,Office Supplies,Fasteners,Staples,7.89,1,0.0,3.5504999999999995
CA-2014-115154,2019-01-09,2019-01-12,First Class,RS-19420,Ricardo Sperren,Corporate,Seattle,Washington,98115,FUR-TA-10001950,Furniture,Tables,Balt Solid Wood Round Tables,892.98,2,0.0,80.3682
CA-2014-108000,2019-01-13,2019-01-17,Standard Class,LS-16945,Linda Southworth,Corporate,San Francisco,California,94110,OFF-EN-10002621,Office Supplies,Envelopes,Staple envelope,9.78,1,0.0,4.89
US-2014-106131,2019-01-15,2019-01-17,First Class,TP-21565,Tracy Poddar,Corporate,Aurora,Colorado,80013,TEC-AC-10003027,Technology,Accessories,Imation 8GB Mini TravelDrive USB 2.0 Flash Drive,169.06400000000002,7,0.2,-14.793099999999995
US-2014-106131,2019-01-15,2019-01-17,First Class,TP-21565,Tracy Poddar,Corporate,Aurora,Colorado,80013,OFF-ST-10003638,Office Supplies,Storage,Mobile Personal File Cube,168.624,9,0.2,14.754599999999996
CA-2014-149076,2019-01-15,2019-01-20,Standard Class,SO-20335,Sean O'Donnell,Consumer,Los Angeles,California,90036,OFF-PA-10000483,Office Supplies,Paper,Xerox 19,154.9,5,0.0,69.705
CA-2014-160934,2019-01-16,2019-01-20,Standard Class,TT-21460,Tonja Turnell,Home Office,Los Angeles,California,90008,OFF-AR-10003504,Office Supplies,Art,Newell 347,21.400000000000002,5,0.0,6.205999999999998
CA-2014-125913,2019-01-17,2019-01-17,Same Day,JO-15145,Jack O'Briant,Corporate,Los Angeles,California,90008,FUR-FU-10001487,Furniture,Furnishings,"Eldon Expressions Wood and Plastic Desk Accessories, Cherry Wood",27.92,4,0.0,8.096799999999998
CA-2014-125913,2019-01-17,2019-01-17,Same Day,JO-15145,Jack O'Briant,Corporate,Los Angeles,California,90008,FUR-TA-10001520,Furniture,Tables,"Lesro Sheffield Collection Coffee Table, End Table, Center Table, Corner Table",399.672,7,0.2,-14.98770000000006
CA-2014-161809,2019-01-21,2019-01-27,Standard Class,TH-21100,Thea Hendricks,Consumer,Los Angeles,California,90045,TEC-PH-10004922,Technology,Phones,RCA Visys Integrated PBX 8-Line Router,160.776,3,0.2,10.048500000000004
CA-2014-144589,2019-01-21,2019-01-26,Standard Class,TM-21010,Tamara Manning,Consumer,San Francisco,California,94122,OFF-AR-10003631,Office Supplies,Art,Staples in misc. colors,24.2,5,0.0,7.986
CA-2014-144589,2019-01-21,2019-01-26,Standard Class,TM-21010,Tamara Manning,Consumer,San Francisco,California,94122,TEC-PH-10003072,Technology,Phones,Panasonic KX-TG9541B DECT 6.0 Digital 2-Line Expandable Cordless Phone With Digital Answering System,359.97600000000006,3,0.2,130.49130000000002
CA-2014-131954,2019-01-22,2019-01-26,Standard Class,DS-13030,Darrin Sayre,Home Office,Seattle,Washington,98115,OFF-ST-10000736,Office Supplies,Storage,Carina Double Wide Media Storage Towers in Natural & Black,242.94,3,0.0,9.71759999999999
CA-2014-131954,2019-01-22,2019-01-26,Standard Class,DS-13030,Darrin Sayre,Home Office,Seattle,Washington,98115,TEC-AC-10003610,Technology,Accessories,Logitech Illuminated - Keyboard,179.97,3,0.0,86.38560000000001
CA-2014-131954,2019-01-22,2019-01-26,Standard Class,DS-13030,Darrin Sayre,Home Office,Seattle,Washington,98115,OFF-BI-10003982,Office Supplies,Binders,Wilson Jones Century Plastic Molded Ring Binders,99.696,6,0.2,33.6474
CA-2014-131954,2019-01-22,2019-01-26,Standard Class,DS-13030,Darrin Sayre,Home Office,Seattle,Washington,98115,OFF-BI-10003291,Office Supplies,Binders,Wilson Jones Leather-Like Binders with DublLock Round Rings,27.936000000000003,4,0.2,9.428399999999996
CA-2014-131954,2019-01-22,2019-01-26,Standard Class,DS-13030,Darrin Sayre,Home Office,Seattle,Washington,98115,FUR-BO-10001619,Furniture,Bookcases,O'Sullivan Cherrywood Estates Traditional Bookcase,84.98,1,0.0,18.6956
CA-2014-131954,2019-01-22,2019-01-26,Standard Class,DS-13030,Darrin Sayre,Home Office,Seattle,Washington,98115,OFF-BI-10000138,Office Supplies,Binders,Acco Translucent Poly Ring Binders,18.72,5,0.2,6.552
CA-2014-127432,2019-01-23,2019-01-28,Standard Class,AD-10180,Alan Dominguez,Home Office,Great Falls,Montana,59405,TEC-CO-10003236,Technology,Copiers,Canon Image Class D660 Copier,2999.95,5,0.0,1379.9769999999999
CA-2014-127432,2019-01-23,2019-01-28,Standard Class,AD-10180,Alan Dominguez,Home Office,Great Falls,Montana,59405,OFF-ST-10004507,Office Supplies,Storage,Advantus Rolling Storage Box,51.449999999999996,3,0.0,13.891499999999999
CA-2014-127432,2019-01-23,2019-01-28,Standard Class,AD-10180,Alan Dominguez,Home Office,Great Falls,Montana,59405,OFF-PA-10001667,Office Supplies,Paper,Great White Multi-Use Recycled Paper (20Lb. and 84 Bright),11.96,2,0.0,5.382
CA-2014-127432,2019-01-23,2019-01-28,Standard Class,AD-10180,Alan Dominguez,Home Office,Great Falls,Montana,59405,OFF-ST-10004459,Office Supplies,Storage,Tennsco Single-Tier Lockers,1126.02,3,0.0,56.30099999999999
CA-2014-139080,2019-01-24,2019-01-29,Standard Class,CS-12250,Chris Selesnick,Corporate,Seattle,Washington,98103,OFF-BI-10001757,Office Supplies,Binders,Pressboard Hanging Data Binders for Unburst Sheets,19.68,5,0.2,6.887999999999998
CA-2014-139080,2019-01-24,2019-01-29,Standard Class,CS-12250,Chris Selesnick,Corporate,Seattle,Washington,98103,OFF-PA-10004621,Office Supplies,Paper,Xerox 212,25.92,4,0.0,12.441600000000001
CA-2014-139080,2019-01-24,2019-01-29,Standard Class,CS-12250,Chris Selesnick,Corporate,Seattle,Washington,98103,OFF-PA-10002262,Office Supplies,Paper,Xerox 192,6.48,1,0.0,3.1104000000000003
CA-2014-139080,2019-01-24,2019-01-29,Standard Class,CS-12250,Chris Selesnick,Corporate,Seattle,Washington,98103,TEC-PH-10004100,Technology,Phones,Griffin GC17055 Auxiliary Audio Cable,86.352,6,0.2,8.635200000000001
CA-2014-161893,2019-01-24,2019-01-28,Standard Class,HP-14815,Harold Pawlan,Home Office,Tucson,Arizona,85705,TEC-AC-10001874,Technology,Accessories,Logitech Wireless Anywhere Mouse MX for PC and Mac,95.98400000000001,2,0.2,11.997999999999998
CA-2014-161893,2019-01-24,2019-01-28,Standard Class,HP-14815,Harold Pawlan,Home Office,Tucson,Arizona,85705,OFF-BI-10004506,Office Supplies,Binders,Wilson Jones data.warehouse D-Ring Binders with DublLock,4.938000000000001,2,0.7,-3.6212
CA-2014-104619,2019-01-25,2019-01-30,Standard Class,KD-16495,Keith Dawkins,Corporate,San Jose,California,95123,OFF-AP-10001492,Office Supplies,Appliances,"Acco Six-Outlet Power Strip, 4' Cord Length",25.86,3,0.0,6.7236
CA-2014-104619,2019-01-25,2019-01-30,Standard Class,KD-16495,Keith Dawkins,Corporate,San Jose,California,95123,OFF-BI-10004318,Office Supplies,Binders,Ibico EB-19 Dual Function Manual Binding System,276.78400000000005,2,0.2,89.95479999999999
CA-2014-104619,2019-01-25,2019-01-30,Standard Class,KD-16495,Keith Dawkins,Corporate,San Jose,California,95123,TEC-PH-10000193,Technology,Phones,Jensen SMPS-640 - speaker phone,110.352,3,0.2,8.276399999999995
CA-2014-150469,2019-01-27,2019-01-31,Standard Class,CJ-12010,Caroline Jumper,Consumer,San Francisco,California,94109,OFF-FA-10000611,Office Supplies,Fasteners,Binder Clips by OIC,11.84,8,0.0,5.683199999999999
CA-2014-115994,2019-01-29,2019-02-01,Second Class,BT-11305,Beth Thompson,Home Office,Costa Mesa,California,92627,TEC-AC-10000580,Technology,Accessories,Logitech G13 Programmable Gameboard with LCD Display,239.96999999999997,3,0.0,26.39670000000001
CA-2014-115994,2019-01-29,2019-02-01,Second Class,BT-11305,Beth Thompson,Home Office,Costa Mesa,California,92627,FUR-FU-10003976,Furniture,Furnishings,"DAX Executive Solid Wood Document Frame, Desktop or Hang, Mahogany, 5 x 7",37.74,3,0.0,12.831599999999996
CA-2014-139304,2019-01-30,2019-02-03,Standard Class,VG-21790,Vivek Gonzalez,Consumer,San Francisco,California,94109,OFF-AR-10001216,Office Supplies,Art,Newell 339,8.34,3,0.0,2.1683999999999997
CA-2014-139304,2019-01-30,2019-02-03,Standard Class,VG-21790,Vivek Gonzalez,Consumer,San Francisco,California,94109,OFF-SU-10001664,Office Supplies,Supplies,Acme Office Executive Series Stainless Steel Trimmers,8.57,1,0.0,2.2282
CA-2014-139304,2019-01-30,2019-02-03,Standard Class,VG-21790,Vivek Gonzalez,Consumer,San Francisco,California,94109,OFF-BI-10002498,Office Supplies,Binders,Clear Mylar Reinforcing Strips,119.61600000000001,8,0.2,40.3704
CA-2014-164329,2019-01-31,2019-01-31,Same Day,MM-17920,Michael Moore,Consumer,San Francisco,California,94109,OFF-ST-10001511,Office Supplies,Storage,Space Solutions Commercial Steel Shelving,129.3,2,0.0,6.464999999999989
CA-2014-112725,2019-01-31,2019-02-07,Standard Class,EH-14125,Eugene Hildebrand,Home Office,San Francisco,California,94110,OFF-AR-10003759,Office Supplies,Art,"Crayola Anti Dust Chalk, 12/Pack",12.74,7,0.0,5.733
CA-2014-112725,2019-01-31,2019-02-07,Standard Class,EH-14125,Eugene Hildebrand,Home Office,San Francisco,California,94110,OFF-AR-10001227,Office Supplies,Art,Newell 338,8.82,3,0.0,2.3814
CA-2014-112725,2019-01-31,2019-02-07,Standard Class,EH-14125,Eugene Hildebrand,Home Office,San Francisco,California,94110,FUR-CH-10000863,Furniture,Chairs,Novimex Swivel Fabric Task Chair,120.78399999999999,1,0.2,-13.5882
CA-2014-157273,2019-01-31,2019-02-03,First Class,SZ-20035,Sam Zeldin,Home Office,Seattle,Washington,98105,TEC-PH-10002275,Technology,Phones,Mitel 5320 IP Phone VoIP phone,604.768,4,0.2,60.476800000000026
CA-2014-161333,2019-02-03,2019-02-08,Standard Class,JL-15835,John Lee,Consumer,Los Angeles,California,90045,FUR-FU-10003039,Furniture,Furnishings,"Howard Miller 11-1/2"" Diameter Grantwood Wall Clock",86.26,2,0.0,29.328400000000002
CA-2014-161333,2019-02-03,2019-02-08,Standard Class,JL-15835,John Lee,Consumer,Los Angeles,California,90045,OFF-ST-10000464,Office Supplies,Storage,"Multi-Use Personal File Cart and Caster Set, Three Stacking Bins",139.04,4,0.0,38.931200000000004
CA-2014-161333,2019-02-03,2019-02-08,Standard Class,JL-15835,John Lee,Consumer,Los Angeles,California,90045,OFF-AP-10000252,Office Supplies,Appliances,Harmony HEPA Quiet Air Purifiers,46.8,4,0.0,16.38
CA-2014-128076,2019-02-03,2019-02-08,Standard Class,BO-11350,Bill Overfelt,Corporate,San Diego,California,92105,FUR-FU-10000293,Furniture,Furnishings,Eldon Antistatic Chair Mats for Low to Medium Pile Carpets,210.58,2,0.0,12.634799999999984
CA-2014-128076,2019-02-03,2019-02-08,Standard Class,BO-11350,Bill Overfelt,Corporate,San Diego,California,92105,OFF-BI-10003638,Office Supplies,Binders,GBC Durable Plastic Covers,30.960000000000004,2,0.2,10.061999999999998
CA-2014-128076,2019-02-03,2019-02-08,Standard Class,BO-11350,Bill Overfelt,Corporate,San Diego,California,92105,TEC-MA-10002109,Technology,Machines,"HP Officejet Pro 8600 e-All-In-One Printer, Copier, Scanner, Fax",239.98400000000004,2,0.2,38.99739999999997
CA-2014-107517,2019-02-06,2019-02-10,Standard Class,FC-14335,Fred Chung,Corporate,Torrance,California,90503,OFF-AP-10000275,Office Supplies,Appliances,"Sanyo Counter Height Refrigerator with Crisper, 3.6 Cubic Foot, Stainless Steel/Black",1640.6999999999998,5,0.0,459.39599999999996
CA-2014-107517,2019-02-06,2019-02-10,Standard Class,FC-14335,Fred Chung,Corporate,Torrance,California,90503,TEC-PH-10003505,Technology,Phones,Geemarc AmpliPOWER60,371.2,5,0.2,41.75999999999995
CA-2014-154102,2019-02-07,2019-02-14,Standard Class,SN-20560,Skye Norling,Home Office,San Francisco,California,94109,OFF-PA-10001593,Office Supplies,Paper,Xerox 1947,29.900000000000002,5,0.0,13.454999999999998
CA-2014-150602,2019-02-10,2019-02-15,Second Class,ML-17395,Marina Lichtenstein,Corporate,Los Angeles,California,90045,FUR-FU-10003142,Furniture,Furnishings,"Master Big Foot Doorstop, Beige",21.12,4,0.0,6.547199999999998
CA-2014-145807,2019-02-10,2019-02-14,Standard Class,SB-20170,Sarah Bern,Consumer,Los Angeles,California,90032,OFF-ST-10001370,Office Supplies,Storage,Sensible Storage WireTech Storage Systems,354.90000000000003,5,0.0,17.744999999999962
CA-2014-124086,2019-02-11,2019-02-15,Standard Class,MP-18175,Mike Pelletier,Home Office,Laguna Niguel,California,92677,FUR-BO-10004015,Furniture,Bookcases,"Bush Andora Bookcase, Maple/Graphite Gray Finish",203.98299999999998,2,0.15,16.79859999999998
CA-2014-116204,2019-02-12,2019-02-15,Second Class,VW-21775,Victoria Wilson,Corporate,San Francisco,California,94110,OFF-BI-10001759,Office Supplies,Binders,"Acco Pressboard Covers with Storage Hooks, 14 7/8"" x 11"", Dark Blue",21.336,7,0.2,7.734300000000001
CA-2014-131828,2019-02-12,2019-02-14,Second Class,CS-11845,Cari Sayre,Corporate,Seattle,Washington,98105,FUR-CH-10004495,Furniture,Chairs,"Global Leather and Oak Executive Chair, Black",963.1360000000001,4,0.2,108.35279999999986
CA-2014-131828,2019-02-12,2019-02-14,Second Class,CS-11845,Cari Sayre,Corporate,Seattle,Washington,98105,TEC-PH-10002923,Technology,Phones,"Logitech B530 USB Headset - headset - Full size, Binaural",88.77600000000001,3,0.2,7.767900000000001
CA-2014-104801,2019-02-14,2019-02-20,Standard Class,FH-14350,Fred Harton,Consumer,Seattle,Washington,98105,OFF-AR-10001547,Office Supplies,Art,Newell 311,6.63,3,0.0,1.7901
CA-2014-104801,2019-02-14,2019-02-20,Standard Class,FH-14350,Fred Harton,Consumer,Seattle,Washington,98105,TEC-AC-10001838,Technology,Accessories,Razer Tiamat Over Ear 7.1 Surround Sound PC Gaming Headset,799.96,4,0.0,343.98280000000005
CA-2014-104801,2019-02-14,2019-02-20,Standard Class,FH-14350,Fred Harton,Consumer,Seattle,Washington,98105,FUR-FU-10004017,Furniture,Furnishings,"Tenex Contemporary Contur Chairmats for Low and Medium Pile Carpet, Computer, 39"" x 49""",107.53,1,0.0,21.506
CA-2014-164707,2019-02-19,2019-02-22,Second Class,CV-12805,Cynthia Voltz,Corporate,Los Angeles,California,90045,TEC-PH-10001924,Technology,Phones,iHome FM Clock Radio with Lightning Dock,167.976,3,0.2,10.498500000000007
CA-2014-164707,2019-02-19,2019-02-22,Second Class,CV-12805,Cynthia Voltz,Corporate,Los Angeles,California,90045,TEC-AC-10004864,Technology,Accessories,Memorex Micro Travel Drive 32 GB,109.53,3,0.0,47.0979
CA-2014-164707,2019-02-19,2019-02-22,Second Class,CV-12805,Cynthia Voltz,Corporate,Los Angeles,California,90045,OFF-LA-10004345,Office Supplies,Labels,Avery 493,9.82,2,0.0,4.8118
CA-2014-166415,2019-02-20,2019-02-24,Standard Class,ME-17725,Max Engle,Consumer,Seattle,Washington,98103,OFF-FA-10004968,Office Supplies,Fasteners,Rubber Band Ball,11.22,3,0.0,0.2244000000000006
CA-2014-134838,2019-02-20,2019-02-21,First Class,ED-13885,Emily Ducich,Home Office,Los Angeles,California,90045,OFF-AR-10000634,Office Supplies,Art,Newell 320,12.84,3,0.0,3.4668000000000005
CA-2014-134838,2019-02-20,2019-02-21,First Class,ED-13885,Emily Ducich,Home Office,Los Angeles,California,90045,FUR-FU-10004018,Furniture,Furnishings,Tensor Computer Mounted Lamp,44.67,3,0.0,12.060900000000002
CA-2014-105809,2019-02-21,2019-02-24,First Class,HW-14935,Helen Wasserman,Corporate,San Diego,California,92105,FUR-FU-10004090,Furniture,Furnishings,"Executive Impressions 14"" Contract Wall Clock",22.23,1,0.0,7.335899999999999
CA-2014-105809,2019-02-21,2019-02-24,First Class,HW-14935,Helen Wasserman,Corporate,San Diego,California,92105,TEC-PH-10001580,Technology,Phones,Logitech Mobile Speakerphone P710e - speaker phone,215.968,2,0.2,18.89719999999999
CA-2014-105445,2019-02-21,2019-02-26,Second Class,BP-11095,Bart Pistole,Corporate,Louisville,Colorado,80027,OFF-FA-10001229,Office Supplies,Fasteners,Staples,9.432,3,0.2,3.065399999999999
CA-2014-135937,2019-02-21,2019-02-28,Standard Class,KM-16375,Katherine Murray,Home Office,Gilbert,Arizona,85234,TEC-PH-10004447,Technology,Phones,Toshiba IPT2010-SD IP Telephone,333.576,3,0.2,25.018199999999993
CA-2014-135937,2019-02-21,2019-02-28,Standard Class,KM-16375,Katherine Murray,Home Office,Gilbert,Arizona,85234,TEC-AC-10001114,Technology,Accessories,Microsoft Wireless Mobile Mouse 4000,31.992000000000004,1,0.2,4.798799999999996
CA-2014-135937,2019-02-21,2019-02-28,Standard Class,KM-16375,Katherine Murray,Home Office,Gilbert,Arizona,85234,OFF-ST-10000563,Office Supplies,Storage,Fellowes Bankers Box Stor/Drawer Steel Plus,51.168000000000006,2,0.2,-6.396000000000001
CA-2014-135937,2019-02-21,2019-02-28,Standard Class,KM-16375,Katherine Murray,Home Office,Gilbert,Arizona,85234,OFF-EN-10004846,Office Supplies,Envelopes,Letter or Legal Size Expandable Poly String Tie Envelopes,10.64,5,0.2,3.857
CA-2014-135937,2019-02-21,2019-02-28,Standard Class,KM-16375,Katherine Murray,Home Office,Gilbert,Arizona,85234,FUR-FU-10002253,Furniture,Furnishings,"Howard Miller 13"" Diameter Pewter Finish Round Wall Clock",68.704,2,0.2,16.317200000000003
CA-2014-135937,2019-02-21,2019-02-28,Standard Class,KM-16375,Katherine Murray,Home Office,Gilbert,Arizona,85234,FUR-TA-10001039,Furniture,Tables,KI Adjustable-Height Table,386.91,9,0.5,-185.71679999999998
CA-2014-104647,2019-02-24,2019-03-01,Standard Class,CK-12595,Clytie Kelty,Consumer,Los Angeles,California,90008,OFF-PA-10002870,Office Supplies,Paper,"Ampad Phone Message Book, Recycled, 400 Message Capacity, 5 ¾” x 11”",37.44,6,0.0,16.848
CA-2014-136007,2019-02-24,2019-03-02,Standard Class,AC-10615,Ann Chong,Corporate,Seattle,Washington,98115,OFF-FA-10002701,Office Supplies,Fasteners,Alliance Rubber Bands,8.4,5,0.0,0.33599999999999963
CA-2014-136007,2019-02-24,2019-03-02,Standard Class,AC-10615,Ann Chong,Corporate,Seattle,Washington,98115,TEC-PH-10003589,Technology,Phones,invisibleSHIELD by ZAGG Smudge-Free Screen Protector,71.96,5,0.2,25.185999999999996
CA-2014-117212,2019-02-27,2019-02-28,Second Class,BT-11530,Bradley Talbott,Home Office,Los Angeles,California,90036,OFF-AP-10004532,Office Supplies,Appliances,Kensington 6 Outlet Guardian Standard Surge Protector,81.92,4,0.0,22.1184
CA-2014-117212,2019-02-27,2019-02-28,Second Class,BT-11530,Bradley Talbott,Home Office,Los Angeles,California,90036,TEC-PH-10004447,Technology,Phones,Toshiba IPT2010-SD IP Telephone,889.5360000000001,8,0.2,66.71519999999998
CA-2014-117212,2019-02-27,2019-02-28,Second Class,BT-11530,Bradley Talbott,Home Office,Los Angeles,California,90036,FUR-CH-10003973,Furniture,Chairs,GuestStacker Chair with Chrome Finish Legs,892.224,3,0.2,89.22240000000002
CA-2014-117212,2019-02-27,2019-02-28,Second Class,BT-11530,Bradley Talbott,Home Office,Los Angeles,California,90036,OFF-PA-10001970,Office Supplies,Paper,Xerox 1908,223.92,4,0.0,109.7208
CA-2014-117212,2019-02-27,2019-02-28,Second Class,BT-11530,Bradley Talbott,Home Office,Los Angeles,California,90036,OFF-PA-10000682,Office Supplies,Paper,Xerox 1924,23.12,4,0.0,11.328800000000001
CA-2014-121706,2019-02-27,2019-03-02,Standard Class,BM-11140,Becky Martin,Consumer,Santa Barbara,California,93101,OFF-AP-10003287,Office Supplies,Appliances,Tripp Lite TLP810NET Broadband Surge for Modem/Fax,356.78999999999996,7,0.0,99.90119999999999
CA-2014-121258,2019-02-27,2019-03-03,Standard Class,DB-13060,Dave Brooks,Consumer,Costa Mesa,California,92627,FUR-FU-10000747,Furniture,Furnishings,Tenex B1-RE Series Chair Mats for Low Pile Carpets,91.96,2,0.0,15.633199999999988
CA-2014-121258,2019-02-27,2019-03-03,Standard Class,DB-13060,Dave Brooks,Consumer,Costa Mesa,California,92627,TEC-PH-10003645,Technology,Phones,Aastra 57i VoIP phone,258.576,2,0.2,19.393200000000007
CA-2014-121258,2019-02-27,2019-03-03,Standard Class,DB-13060,Dave Brooks,Consumer,Costa Mesa,California,92627,OFF-PA-10004041,Office Supplies,Paper,"It's Hot Message Books with Stickers, 2 3/4"" x 5""",29.6,4,0.0,13.32
CA-2014-163902,2019-03-02,2019-03-08,Standard Class,MY-17380,Maribeth Yedwab,Corporate,Los Angeles,California,90045,TEC-PH-10000675,Technology,Phones,Panasonic KX TS3282B Corded phone,196.776,3,0.2,14.758199999999995
CA-2014-163902,2019-03-02,2019-03-08,Standard Class,MY-17380,Maribeth Yedwab,Corporate,Los Angeles,California,90045,TEC-AC-10000580,Technology,Accessories,Logitech G13 Programmable Gameboard with LCD Display,479.93999999999994,6,0.0,52.79340000000002
CA-2014-155712,2019-03-02,2019-03-08,Standard Class,KD-16615,Ken Dana,Corporate,Los Angeles,California,90008,OFF-BI-10004224,Office Supplies,Binders,Catalog Binders with Expanding Posts,107.64800000000001,2,0.2,33.639999999999986
CA-2014-123085,2019-03-03,2019-03-08,Standard Class,EJ-13720,Ed Jacobs,Consumer,Los Angeles,California,90008,TEC-AC-10000990,Technology,Accessories,Imation Bio 2GB USB Flash Drive Imation Corp,1049.44,8,0.0,440.76480000000004
CA-2014-123085,2019-03-03,2019-03-08,Standard Class,EJ-13720,Ed Jacobs,Consumer,Los Angeles,California,90008,FUR-CH-10003968,Furniture,Chairs,Novimex Turbo Task Chair,170.35200000000003,3,0.2,-17.035200000000003
CA-2014-117513,2019-03-03,2019-03-08,Standard Class,BT-11395,Bill Tyler,Corporate,Los Angeles,California,90004,FUR-TA-10001520,Furniture,Tables,"Lesro Sheffield Collection Coffee Table, End Table, Center Table, Corner Table",399.672,7,0.2,-14.98770000000006
CA-2014-110478,2019-03-04,2019-03-09,Standard Class,SP-20860,Sung Pak,Corporate,Los Angeles,California,90045,OFF-AR-10001573,Office Supplies,Art,American Pencil,9.32,4,0.0,2.702799999999999
CA-2014-110478,2019-03-04,2019-03-09,Standard Class,SP-20860,Sung Pak,Corporate,Los Angeles,California,90045,OFF-EN-10000483,Office Supplies,Envelopes,"White Envelopes, White Envelopes with Clear Poly Window",15.25,1,0.0,7.014999999999999
US-2014-119039,2019-03-06,2019-03-10,Standard Class,BF-11170,Ben Ferrer,Home Office,San Francisco,California,94109,OFF-BI-10004182,Office Supplies,Binders,Economy Binders,14.976,9,0.2,5.428800000000001
CA-2014-125101,2019-03-06,2019-03-10,Second Class,SH-19975,Sally Hughsby,Corporate,San Francisco,California,94109,OFF-ST-10000675,Office Supplies,Storage,"File Shuttle II and Handi-File, Black",67.78,2,0.0,16.945
CA-2014-167640,2019-03-06,2019-03-10,Standard Class,FC-14245,Frank Carlisle,Home Office,San Francisco,California,94109,OFF-AR-10003158,Office Supplies,Art,Fluorescent Highlighters by Dixon,23.88,6,0.0,8.1192
CA-2014-167640,2019-03-06,2019-03-10,Standard Class,FC-14245,Frank Carlisle,Home Office,San Francisco,California,94109,OFF-LA-10004559,Office Supplies,Labels,Avery 49,11.52,4,0.0,5.6448
CA-2014-167640,2019-03-06,2019-03-10,Standard Class,FC-14245,Frank Carlisle,Home Office,San Francisco,California,94109,OFF-PA-10001033,Office Supplies,Paper,Xerox 1893,286.93,7,0.0,140.5957
CA-2014-167640,2019-03-06,2019-03-10,Standard Class,FC-14245,Frank Carlisle,Home Office,San Francisco,California,94109,TEC-PH-10001336,Technology,Phones,Digium D40 VoIP phone,206.38400000000001,2,0.2,23.218199999999996
CA-2014-104080,2019-03-08,2019-03-15,Standard Class,AH-10210,Alan Hwang,Consumer,Anaheim,California,92804,OFF-BI-10003876,Office Supplies,Binders,"Green Canvas Binder for 8-1/2"" x 14"" Sheets",171.20000000000002,5,0.2,64.19999999999999
CA-2014-104080,2019-03-08,2019-03-15,Standard Class,AH-10210,Alan Hwang,Consumer,Anaheim,California,92804,OFF-AR-10001972,Office Supplies,Art,Newell 323,3.36,2,0.0,0.8736000000000002
CA-2014-102834,2019-03-09,2019-03-13,Standard Class,LW-16990,Lindsay Williams,Corporate,San Francisco,California,94110,TEC-AC-10001908,Technology,Accessories,Logitech Wireless Headset h800,199.98,2,0.0,69.993
CA-2014-147354,2019-03-09,2019-03-13,Standard Class,KB-16315,Karl Braun,Consumer,Los Angeles,California,90008,TEC-CO-10000971,Technology,Copiers,Hewlett Packard 310 Color Digital Copier,479.98400000000004,2,0.2,59.99799999999996
CA-2014-147354,2019-03-09,2019-03-13,Standard Class,KB-16315,Karl Braun,Consumer,Los Angeles,California,90008,OFF-BI-10003910,Office Supplies,Binders,DXL Angle-View Binders with Locking Rings by Samsill,30.84,5,0.2,9.6375
CA-2014-140494,2019-03-10,2019-03-15,Second Class,CM-11815,Candace McMahon,Corporate,San Francisco,California,94109,TEC-AC-10004568,Technology,Accessories,Maxell LTO Ultrium - 800 GB,111.96,4,0.0,21.27239999999999
CA-2014-116288,2019-03-12,2019-03-17,Standard Class,BS-11380,Bill Stewart,Corporate,San Francisco,California,94122,OFF-ST-10000736,Office Supplies,Storage,Carina Double Wide Media Storage Towers in Natural & Black,242.94,3,0.0,9.71759999999999
CA-2014-166296,2019-03-13,2019-03-19,Standard Class,KF-16285,Karen Ferguson,Home Office,Manteca,California,95336,OFF-PA-10004359,Office Supplies,Paper,Multicolor Computer Printout Paper,314.54999999999995,3,0.0,150.98399999999998
CA-2014-106859,2019-03-13,2019-03-18,Second Class,BF-11215,Benjamin Farhat,Home Office,Albuquerque,New Mexico,87105,OFF-ST-10000615,Office Supplies,Storage,"SimpliFile Personal File, Black Granite, 15w x 6-15/16d x 11-1/4h",90.8,8,0.0,25.424000000000007
CA-2014-106859,2019-03-13,2019-03-18,Second Class,BF-11215,Benjamin Farhat,Home Office,Albuquerque,New Mexico,87105,TEC-PH-10004531,Technology,Phones,OtterBox Commuter Series Case - iPhone 5 & 5s,140.736,8,0.2,49.2576
CA-2014-106859,2019-03-13,2019-03-18,Second Class,BF-11215,Benjamin Farhat,Home Office,Albuquerque,New Mexico,87105,TEC-AC-10004001,Technology,Accessories,Logitech Wireless Headset H600 Over-The-Head Design,214.95000000000002,5,0.0,88.12950000000001
CA-2014-106859,2019-03-13,2019-03-18,Second Class,BF-11215,Benjamin Farhat,Home Office,Albuquerque,New Mexico,87105,OFF-PA-10001534,Office Supplies,Paper,Xerox 230,45.36,7,0.0,21.772800000000004
CA-2014-106859,2019-03-13,2019-03-18,Second Class,BF-11215,Benjamin Farhat,Home Office,Albuquerque,New Mexico,87105,OFF-PA-10001815,Office Supplies,Paper,Xerox 1885,288.24,6,0.0,138.35519999999997
CA-2014-105851,2019-03-13,2019-03-20,Standard Class,SE-20110,Sanjit Engle,Consumer,Denver,Colorado,80219,OFF-SU-10002881,Office Supplies,Supplies,Martin Yale Chadless Opener Electric Letter Opener,1332.496,2,0.2,-299.8116
US-2014-101539,2019-03-16,2019-03-18,Second Class,VM-21685,Valerie Mitchum,Home Office,Seattle,Washington,98105,OFF-PA-10001972,Office Supplies,Paper,Xerox 214,6.48,1,0.0,3.1104000000000003
US-2014-101539,2019-03-16,2019-03-18,Second Class,VM-21685,Valerie Mitchum,Home Office,Seattle,Washington,98105,OFF-ST-10004180,Office Supplies,Storage,Safco Commercial Shelving,46.51,1,0.0,1.8603999999999985
US-2014-101539,2019-03-16,2019-03-18,Second Class,VM-21685,Valerie Mitchum,Home Office,Seattle,Washington,98105,TEC-PH-10004165,Technology,Phones,Mitel MiVoice 5330e IP Phone,659.9760000000001,3,0.2,49.49819999999997
CA-2014-129294,2019-03-16,2019-03-21,Standard Class,KD-16615,Ken Dana,Corporate,Los Angeles,California,90032,OFF-ST-10002615,Office Supplies,Storage,"Dual Level, Single-Width Filing Carts",310.12,2,0.0,80.6312
CA-2014-129294,2019-03-16,2019-03-21,Standard Class,KD-16615,Ken Dana,Corporate,Los Angeles,California,90032,OFF-BI-10004236,Office Supplies,Binders,"XtraLife ClearVue Slant-D Ring Binder, White, 3""",70.464,6,0.2,22.900799999999997
CA-2014-129294,2019-03-16,2019-03-21,Standard Class,KD-16615,Ken Dana,Corporate,Los Angeles,California,90032,OFF-BI-10001757,Office Supplies,Binders,Pressboard Hanging Data Binders for Unburst Sheets,19.68,5,0.2,6.887999999999998
CA-2014-129294,2019-03-16,2019-03-21,Standard Class,KD-16615,Ken Dana,Corporate,Los Angeles,California,90032,OFF-AP-10001154,Office Supplies,Appliances,Bionaire Personal Warm Mist Humidifier/Vaporizer,140.67000000000002,3,0.0,54.86130000000001
CA-2014-129567,2019-03-17,2019-03-21,Second Class,CL-12565,Clay Ludtke,Consumer,Lancaster,California,93534,OFF-BI-10000014,Office Supplies,Binders,Heavy-Duty E-Z-D Binders,17.456,2,0.2,5.8914
CA-2014-148145,2019-03-18,2019-03-23,Standard Class,SW-20275,Scott Williamson,Consumer,Seattle,Washington,98115,OFF-AR-10003752,Office Supplies,Art,Deluxe Chalkboard Eraser Cleaner,46.2,4,0.0,21.252
CA-2014-143084,2019-03-18,2019-03-22,Standard Class,BP-11050,Barry Pond,Corporate,Los Angeles,California,90008,OFF-AR-10002766,Office Supplies,Art,Prang Drawing Pencil Set,13.899999999999999,5,0.0,3.7529999999999997
CA-2014-143084,2019-03-18,2019-03-22,Standard Class,BP-11050,Barry Pond,Corporate,Los Angeles,California,90008,OFF-EN-10003072,Office Supplies,Envelopes,Peel & Seel Envelopes,19.4,5,0.0,9.312000000000001
CA-2014-122007,2019-03-18,2019-03-20,Second Class,JK-15325,Jason Klamczynski,Corporate,Los Angeles,California,90032,OFF-AP-10000358,Office Supplies,Appliances,Fellowes Basic Home/Office Series Surge Protectors,90.86,7,0.0,26.349399999999992
CA-2014-105410,2019-03-19,2019-03-22,First Class,ND-18370,Natalie DeCherney,Consumer,San Francisco,California,94110,OFF-BI-10004970,Office Supplies,Binders,"ACCOHIDE 3-Ring Binder, Blue, 1""",19.824,6,0.2,6.690599999999999
CA-2014-105410,2019-03-19,2019-03-22,First Class,ND-18370,Natalie DeCherney,Consumer,San Francisco,California,94110,TEC-PH-10000038,Technology,Phones,Jawbone MINI JAMBOX Wireless Bluetooth Speaker,657.504,6,0.2,-131.50080000000005
CA-2014-105410,2019-03-19,2019-03-22,First Class,ND-18370,Natalie DeCherney,Consumer,San Francisco,California,94110,TEC-AC-10001552,Technology,Accessories,Logitech K350 2.4Ghz Wireless Keyboard,99.54,2,0.0,10.949399999999997
CA-2014-105410,2019-03-19,2019-03-22,First Class,ND-18370,Natalie DeCherney,Consumer,San Francisco,California,94110,TEC-AC-10002926,Technology,Accessories,Logitech Wireless Marathon Mouse M705,199.96,4,0.0,85.98280000000001
CA-2014-124436,2019-03-19,2019-03-22,Second Class,SA-20830,Sue Ann Reed,Consumer,Fresno,California,93727,OFF-BI-10001553,Office Supplies,Binders,SpineVue Locking Slant-D Ring Binders by Cardinal,14.624000000000002,2,0.2,5.118399999999999
CA-2014-124436,2019-03-19,2019-03-22,Second Class,SA-20830,Sue Ann Reed,Consumer,Fresno,California,93727,FUR-TA-10001095,Furniture,Tables,Chromcraft Round Conference Tables,697.16,5,0.2,8.714499999999987
CA-2014-124436,2019-03-19,2019-03-22,Second Class,SA-20830,Sue Ann Reed,Consumer,Fresno,California,93727,FUR-FU-10001185,Furniture,Furnishings,"Advantus Employee of the Month Certificate Frame, 11 x 13-1/2",30.93,1,0.0,12.6813
CA-2014-124436,2019-03-19,2019-03-22,Second Class,SA-20830,Sue Ann Reed,Consumer,Fresno,California,93727,OFF-BI-10000343,Office Supplies,Binders,"Pressboard Covers with Storage Hooks, 9 1/2"" x 11"", Light Blue",27.496000000000002,7,0.2,9.2799
CA-2014-140515,2019-03-19,2019-03-24,Standard Class,GZ-14545,George Zrebassa,Corporate,Los Angeles,California,90008,OFF-AP-10001205,Office Supplies,Appliances,Belkin 5 Outlet SurgeMaster Power Centers,381.35999999999996,7,0.0,106.78080000000003
CA-2014-165491,2019-03-20,2019-03-24,Standard Class,HW-14935,Helen Wasserman,Corporate,Seattle,Washington,98115,TEC-AC-10000358,Technology,Accessories,Imation Secure Drive + Hardware Encrypted USB flash drive - 16 GB,265.93,7,0.0,63.8232
CA-2014-108539,2019-03-21,2019-03-23,Second Class,SC-20725,Steven Cartwright,Consumer,Los Angeles,California,90045,OFF-ST-10003208,Office Supplies,Storage,Adjustable Depth Letter/Legal Cart,725.84,4,0.0,210.4935999999999
CA-2014-108539,2019-03-21,2019-03-23,Second Class,SC-20725,Steven Cartwright,Consumer,Los Angeles,California,90045,OFF-BI-10003981,Office Supplies,Binders,"Avery Durable Plastic 1"" Binders",10.896,3,0.2,3.9497999999999998
CA-2014-108539,2019-03-21,2019-03-23,Second Class,SC-20725,Steven Cartwright,Consumer,Los Angeles,California,90045,OFF-BI-10001031,Office Supplies,Binders,Pressboard Data Binders by Wilson Jones,8.544,2,0.2,2.8835999999999995
CA-2014-111591,2019-03-21,2019-03-25,Standard Class,PS-18970,Paul Stevenson,Home Office,Seattle,Washington,98105,OFF-BI-10004410,Office Supplies,Binders,"C-Line Peel & Stick Add-On Filing Pockets, 8-3/4 x 5-1/8, 10/Pack",30.576,6,0.2,10.3194
CA-2014-111591,2019-03-21,2019-03-25,Standard Class,PS-18970,Paul Stevenson,Home Office,Seattle,Washington,98105,OFF-FA-10004838,Office Supplies,Fasteners,"Super Bands, 12/Pack",13.020000000000001,7,0.0,0.3906000000000005
CA-2014-111591,2019-03-21,2019-03-25,Standard Class,PS-18970,Paul Stevenson,Home Office,Seattle,Washington,98105,FUR-FU-10002364,Furniture,Furnishings,"Eldon Expressions Wood Desk Accessories, Oak",22.14,3,0.0,6.420599999999998
CA-2014-111591,2019-03-21,2019-03-25,Standard Class,PS-18970,Paul Stevenson,Home Office,Seattle,Washington,98105,OFF-ST-10001809,Office Supplies,Storage,Fellowes Officeware Wire Shelving,359.32,4,0.0,7.186399999999992
CA-2014-155985,2019-03-23,2019-03-25,First Class,BE-11335,Bill Eplett,Home Office,San Francisco,California,94122,FUR-FU-10000758,Furniture,Furnishings,DAX Natural Wood-Tone Poster Frame,211.84,8,0.0,76.26239999999999
CA-2014-120719,2019-03-23,2019-03-26,First Class,SJ-20125,Sanjit Jacobs,Home Office,Seattle,Washington,98105,OFF-BI-10002103,Office Supplies,Binders,"Cardinal Slant-D Ring Binder, Heavy Gauge Vinyl",34.76,5,0.2,11.296999999999999
CA-2014-140151,2019-03-23,2019-03-25,First Class,RB-19360,Raymond Buch,Consumer,Seattle,Washington,98115,OFF-ST-10001558,Office Supplies,Storage,Acco Perma 4000 Stacking Storage Drawers,32.48,2,0.0,4.872
CA-2014-140151,2019-03-23,2019-03-25,First Class,RB-19360,Raymond Buch,Consumer,Seattle,Washington,98115,OFF-PA-10002986,Office Supplies,Paper,Xerox 1898,20.04,3,0.0,9.6192
CA-2014-140151,2019-03-23,2019-03-25,First Class,RB-19360,Raymond Buch,Consumer,Seattle,Washington,98115,TEC-CO-10004722,Technology,Copiers,Canon imageCLASS 2200 Advanced Copier,13999.96,4,0.0,6719.980799999999
US-2014-117534,2019-03-25,2019-03-26,First Class,CV-12295,Christina VanderZanden,Consumer,Fresno,California,93727,OFF-AP-10002403,Office Supplies,Appliances,Acco Smartsocket Color-Coded Six-Outlet AC Adapter Model Surge Protectors,176.04,4,0.0,45.770399999999995
US-2014-117534,2019-03-25,2019-03-26,First Class,CV-12295,Christina VanderZanden,Consumer,Fresno,California,93727,OFF-AR-10003087,Office Supplies,Art,Staples in misc. colors,16.02,9,0.0,4.4856
US-2014-117534,2019-03-25,2019-03-26,First Class,CV-12295,Christina VanderZanden,Consumer,Fresno,California,93727,OFF-BI-10002026,Office Supplies,Binders,Avery Arch Ring Binders,185.92000000000002,4,0.2,62.74799999999999
US-2014-117534,2019-03-25,2019-03-26,First Class,CV-12295,Christina VanderZanden,Consumer,Fresno,California,93727,TEC-PH-10000141,Technology,Phones,Clearsounds A400,211.168,4,0.2,15.837600000000009
US-2014-117534,2019-03-25,2019-03-26,First Class,CV-12295,Christina VanderZanden,Consumer,Fresno,California,93727,TEC-CO-10000971,Technology,Copiers,Hewlett Packard 310 Color Digital Copier,479.98400000000004,2,0.2,59.99799999999996
CA-2014-143651,2019-03-25,2019-03-30,Standard Class,FM-14215,Filia McAdams,Corporate,Seattle,Washington,98103,OFF-AR-10001446,Office Supplies,Art,Newell 309,23.1,2,0.0,6.93
CA-2014-147144,2019-03-26,2019-03-28,First Class,MZ-17335,Maria Zettner,Home Office,Seattle,Washington,98105,OFF-AR-10004587,Office Supplies,Art,"Boston 1827 Commercial Additional Cutter, Drive Gear & Gear Rack for 1606",19.83,1,0.0,5.948999999999998
CA-2014-124716,2019-03-27,2019-03-31,Standard Class,BD-11560,Brendan Dodson,Home Office,Fresno,California,93727,OFF-PA-10000740,Office Supplies,Paper,Xerox 1982,45.68,2,0.0,21.0128
CA-2014-124716,2019-03-27,2019-03-31,Standard Class,BD-11560,Brendan Dodson,Home Office,Fresno,California,93727,OFF-PA-10001144,Office Supplies,Paper,Xerox 1913,110.96,2,0.0,53.260799999999996
CA-2014-124716,2019-03-27,2019-03-31,Standard Class,BD-11560,Brendan Dodson,Home Office,Fresno,California,93727,OFF-PA-10000859,Office Supplies,Paper,Unpadded Memo Slips,11.94,3,0.0,5.97
US-2014-147886,2019-03-28,2019-03-31,First Class,DH-13075,Dave Hallsten,Corporate,Fairfield,California,94533,OFF-PA-10000232,Office Supplies,Paper,Xerox 1975,12.96,2,0.0,6.3504000000000005
US-2014-147886,2019-03-28,2019-03-31,First Class,DH-13075,Dave Hallsten,Corporate,Fairfield,California,94533,FUR-FU-10001095,Furniture,Furnishings,DAX Black Cherry Wood-Tone Poster Frame,26.48,1,0.0,10.0624
US-2014-147886,2019-03-28,2019-03-31,First Class,DH-13075,Dave Hallsten,Corporate,Fairfield,California,94533,TEC-MA-10004679,Technology,Machines,StarTech.com 10/100 VDSL2 Ethernet Extender Kit,532.72,2,0.2,53.27199999999999
US-2014-147886,2019-03-28,2019-03-31,First Class,DH-13075,Dave Hallsten,Corporate,Fairfield,California,94533,OFF-PA-10003651,Office Supplies,Paper,Xerox 1968,26.72,4,0.0,12.8256
US-2014-147886,2019-03-28,2019-03-31,First Class,DH-13075,Dave Hallsten,Corporate,Fairfield,California,94533,OFF-PA-10000743,Office Supplies,Paper,Xerox 1977,20.04,3,0.0,9.6192
US-2014-147886,2019-03-28,2019-03-31,First Class,DH-13075,Dave Hallsten,Corporate,Fairfield,California,94533,OFF-ST-10002743,Office Supplies,Storage,SAFCO Boltless Steel Shelving,795.48,7,0.0,7.954799999999963
US-2014-147886,2019-03-28,2019-03-31,First Class,DH-13075,Dave Hallsten,Corporate,Fairfield,California,94533,FUR-FU-10003829,Furniture,Furnishings,Stackable Trays,21.560000000000002,7,0.0,6.899199999999999
US-2014-120117,2019-03-30,2019-03-30,Same Day,TB-21400,Tom Boeckenhauer,Consumer,Los Angeles,California,90036,OFF-AR-10000817,Office Supplies,Art,Manco Dry-Lighter Erasable Highlighter,6.08,2,0.0,2.0671999999999997
US-2014-120117,2019-03-30,2019-03-30,Same Day,TB-21400,Tom Boeckenhauer,Consumer,Los Angeles,California,90036,TEC-PH-10002447,Technology,Phones,AT&T CL83451 4-Handset Telephone,164.79200000000003,1,0.2,18.53909999999999
CA-2014-126634,2019-03-30,2019-04-01,Second Class,AB-10165,Alan Barnes,Consumer,Lakewood,California,90712,FUR-FU-10004973,Furniture,Furnishings,Flat Face Poster Frame,94.2,5,0.0,39.56400000000001
US-2014-160143,2019-03-31,2019-04-07,Standard Class,HG-14965,Henry Goldwyn,Corporate,Los Angeles,California,90004,OFF-SU-10004231,Office Supplies,Supplies,Acme Tagit Stainless Steel Antibacterial Scissors,29.700000000000003,3,0.0,8.019
CA-2014-147942,2019-04-01,2019-04-05,Standard Class,MS-17365,Maribeth Schnelling,Consumer,San Francisco,California,94110,OFF-LA-10003663,Office Supplies,Labels,Avery 498,5.78,2,0.0,2.7166
CA-2014-147942,2019-04-01,2019-04-05,Standard Class,MS-17365,Maribeth Schnelling,Consumer,San Francisco,California,94110,OFF-BI-10001294,Office Supplies,Binders,Fellowes Binding Cases,121.67999999999999,13,0.2,38.02499999999998
CA-2014-149881,2019-04-01,2019-04-03,First Class,NC-18535,Nick Crebassa,Corporate,San Francisco,California,94110,FUR-BO-10003894,Furniture,Bookcases,"Safco Value Mate Steel Bookcase, Baked Enamel Finish on Steel, Black",482.664,8,0.15,85.17599999999997
CA-2014-149881,2019-04-01,2019-04-03,First Class,NC-18535,Nick Crebassa,Corporate,San Francisco,California,94110,TEC-MA-10000418,Technology,Machines,Cubify CubeX 3D Printer Double Head Print,4799.9839999999995,2,0.2,359.9987999999996
US-2014-123281,2019-04-02,2019-04-07,Standard Class,JF-15190,Jamie Frazer,Consumer,Los Angeles,California,90008,FUR-FU-10003724,Furniture,Furnishings,Westinghouse Clip-On Gooseneck Lamps,25.11,3,0.0,6.528599999999999
CA-2014-150987,2019-04-08,2019-04-12,Standard Class,AH-10120,Adrian Hane,Home Office,San Francisco,California,94110,OFF-PA-10001878,Office Supplies,Paper,Xerox 1891,244.54999999999998,5,0.0,114.93849999999998
CA-2014-150987,2019-04-08,2019-04-12,Standard Class,AH-10120,Adrian Hane,Home Office,San Francisco,California,94110,OFF-PA-10002923,Office Supplies,Paper,Xerox 1942,195.76,4,0.0,97.88
CA-2014-166128,2019-04-11,2019-04-18,Standard Class,LW-17215,Luke Weiss,Consumer,Pasadena,California,91104,TEC-AC-10001767,Technology,Accessories,SanDisk Ultra 64 GB MicroSDHC Class 10 Memory Card,199.95000000000002,5,0.0,21.994499999999988
CA-2014-166128,2019-04-11,2019-04-18,Standard Class,LW-17215,Luke Weiss,Consumer,Pasadena,California,91104,OFF-AR-10001221,Office Supplies,Art,"Dixon Ticonderoga Erasable Colored Pencil Set, 12-Color",41.86,7,0.0,14.232399999999998
CA-2014-155460,2019-04-13,2019-04-15,First Class,RW-19630,Rob Williams,Corporate,Seattle,Washington,98105,OFF-PA-10002479,Office Supplies,Paper,Xerox 4200 Series MultiUse Premium Copy Paper (20Lb. and 84 Bright),5.28,1,0.0,2.376
CA-2014-155460,2019-04-13,2019-04-15,First Class,RW-19630,Rob Williams,Corporate,Seattle,Washington,98105,OFF-BI-10003091,Office Supplies,Binders,GBC DocuBind TL200 Manual Binding Machine,895.92,5,0.2,302.37299999999993
CA-2014-135076,2019-04-13,2019-04-17,Standard Class,YS-21880,Yana Sorensen,Corporate,Hesperia,California,92345,FUR-CH-10003774,Furniture,Chairs,"Global Wood Trimmed Manager's Task Chair, Khaki",436.70400000000006,6,0.2,-38.21160000000003
CA-2014-118857,2019-04-15,2019-04-18,First Class,AH-10075,Adam Hart,Corporate,Henderson,Nevada,89015,FUR-FU-10004460,Furniture,Furnishings,"Howard Miller 12"" Round Wall Clock",196.45,5,0.0,70.72199999999998
CA-2014-134635,2019-04-15,2019-04-17,Second Class,NS-18640,Noel Staavos,Corporate,Los Angeles,California,90049,OFF-PA-10002254,Office Supplies,Paper,Xerox 1883,79.14,3,0.0,36.404399999999995
CA-2014-108070,2019-04-16,2019-04-20,Standard Class,JE-15745,Joel Eaton,Consumer,San Jose,California,95123,OFF-ST-10004804,Office Supplies,Storage,"Belkin 19"" Vented Equipment Shelf, Black",205.92,4,0.0,2.059200000000004
CA-2014-108070,2019-04-16,2019-04-20,Standard Class,JE-15745,Joel Eaton,Consumer,San Jose,California,95123,FUR-BO-10001337,Furniture,Bookcases,O'Sullivan Living Dimensions 2-Shelf Bookcases,102.833,1,0.15,-6.0489999999999995
US-2014-138086,2019-04-16,2019-04-20,Standard Class,JO-15550,Jesus Ocampo,Home Office,San Francisco,California,94109,OFF-AP-10000027,Office Supplies,Appliances,Hoover Commercial SteamVac,40.74,3,0.0,12.222
CA-2014-134845,2019-04-17,2019-04-23,Standard Class,SR-20425,Sharelle Roach,Home Office,Louisville,Colorado,80027,OFF-BI-10000773,Office Supplies,Binders,Insertable Tab Post Binder Dividers,12.030000000000001,5,0.7,-9.222999999999999
CA-2014-134845,2019-04-17,2019-04-23,Standard Class,SR-20425,Sharelle Roach,Home Office,Louisville,Colorado,80027,TEC-MA-10000822,Technology,Machines,Lexmark MX611dhe Monochrome Laser Printer,2549.9850000000006,5,0.7,-3399.980000000001
CA-2014-134845,2019-04-17,2019-04-23,Standard Class,SR-20425,Sharelle Roach,Home Office,Louisville,Colorado,80027,OFF-BI-10001543,Office Supplies,Binders,GBC VeloBinder Manual Binding System,21.594000000000005,2,0.7,-15.8356
CA-2014-134845,2019-04-17,2019-04-23,Standard Class,SR-20425,Sharelle Roach,Home Office,Louisville,Colorado,80027,OFF-BI-10003355,Office Supplies,Binders,Cardinal Holdit Business Card Pockets,8.964000000000002,6,0.7,-6.573599999999999
CA-2014-134845,2019-04-17,2019-04-23,Standard Class,SR-20425,Sharelle Roach,Home Office,Louisville,Colorado,80027,OFF-PA-10002005,Office Supplies,Paper,Xerox 225,20.736000000000004,4,0.2,7.2576
CA-2014-128965,2019-04-17,2019-04-22,Standard Class,PS-18760,Pamela Stobb,Consumer,Los Angeles,California,90008,OFF-PA-10004911,Office Supplies,Paper,"Rediform S.O.S. 1-Up Phone Message Bk, 4-1/4x3-1/16 Bk, 1 Form/Pg, 40 Messages/Bk, 3/Pk",28.14,3,0.0,13.507200000000001
CA-2014-128965,2019-04-17,2019-04-22,Standard Class,PS-18760,Pamela Stobb,Consumer,Los Angeles,California,90008,OFF-LA-10001404,Office Supplies,Labels,Avery 517,7.38,2,0.0,3.4686
CA-2014-128965,2019-04-17,2019-04-22,Standard Class,PS-18760,Pamela Stobb,Consumer,Los Angeles,California,90008,OFF-FA-10001561,Office Supplies,Fasteners,Stockwell Push Pins,10.9,5,0.0,3.5970000000000004
CA-2014-128965,2019-04-17,2019-04-22,Standard Class,PS-18760,Pamela Stobb,Consumer,Los Angeles,California,90008,TEC-AC-10001383,Technology,Accessories,Logitech Wireless Touch Keyboard K400,274.89,11,0.0,46.73129999999996
CA-2014-128965,2019-04-17,2019-04-22,Standard Class,PS-18760,Pamela Stobb,Consumer,Los Angeles,California,90008,OFF-LA-10003190,Office Supplies,Labels,Avery 474,23.04,8,0.0,11.2896
CA-2014-128965,2019-04-17,2019-04-22,Standard Class,PS-18760,Pamela Stobb,Consumer,Los Angeles,California,90008,FUR-CH-10003774,Furniture,Chairs,"Global Wood Trimmed Manager's Task Chair, Khaki",218.35200000000003,3,0.2,-19.105800000000016
CA-2014-166198,2019-04-21,2019-04-24,First Class,JW-15955,Joni Wasserman,Consumer,Seattle,Washington,98103,TEC-AC-10000521,Technology,Accessories,"Verbatim Slim CD and DVD Storage Cases, 50/Pack",11.54,1,0.0,3.4619999999999997
CA-2014-166198,2019-04-21,2019-04-24,First Class,JW-15955,Joni Wasserman,Consumer,Seattle,Washington,98103,FUR-FU-10004622,Furniture,Furnishings,Eldon Advantage Foldable Chair Mats for Low Pile Carpets,162.60000000000002,3,0.0,34.145999999999994
CA-2014-135783,2019-04-22,2019-04-24,First Class,GM-14440,Gary McGarr,Consumer,San Francisco,California,94122,FUR-FU-10000794,Furniture,Furnishings,"Eldon Stackable Tray, Side-Load, Legal, Smoke",18.28,2,0.0,6.215199999999999
CA-2014-136651,2019-04-23,2019-04-25,Second Class,JF-15355,Jay Fein,Consumer,Pasadena,California,91104,FUR-FU-10002445,Furniture,Furnishings,"DAX Two-Tone Rosewood/Black Document Frame, Desktop, 5 x 7",66.36,7,0.0,26.544000000000004
CA-2014-136651,2019-04-23,2019-04-25,Second Class,JF-15355,Jay Fein,Consumer,Pasadena,California,91104,OFF-BI-10003638,Office Supplies,Binders,GBC Durable Plastic Covers,92.88000000000001,6,0.2,30.185999999999996
CA-2014-136651,2019-04-23,2019-04-25,Second Class,JF-15355,Jay Fein,Consumer,Pasadena,California,91104,FUR-FU-10004864,Furniture,Furnishings,Eldon 500 Class Desk Accessories,24.14,2,0.0,7.966200000000001
CA-2014-101700,2019-04-23,2019-04-26,First Class,SO-20335,Sean O'Donnell,Consumer,Greeley,Colorado,80634,OFF-EN-10003134,Office Supplies,Envelopes,Staple envelope,18.688,2,0.2,7.008
CA-2014-101700,2019-04-23,2019-04-26,First Class,SO-20335,Sean O'Donnell,Consumer,Greeley,Colorado,80634,FUR-FU-10001025,Furniture,Furnishings,"Eldon Imàge Series Desk Accessories, Clear",11.664000000000001,3,0.2,3.3534000000000006
CA-2014-166933,2019-04-24,2019-04-28,Standard Class,MG-17890,Michael Granlund,Home Office,Santa Barbara,California,93101,OFF-FA-10002676,Office Supplies,Fasteners,Colored Push Pins,1.81,1,0.0,0.6516
CA-2014-116953,2019-04-24,2019-04-25,First Class,SV-20935,Susan Vittorini,Consumer,Mesa,Arizona,85204,TEC-PH-10004614,Technology,Phones,AT&T 841000 Phone,552.0,10,0.2,34.5
CA-2014-151071,2019-04-25,2019-04-29,Second Class,MB-18085,Mick Brown,Consumer,Los Angeles,California,90049,OFF-BI-10002103,Office Supplies,Binders,"Cardinal Slant-D Ring Binder, Heavy Gauge Vinyl",13.904,2,0.2,4.5188
CA-2014-129707,2019-04-25,2019-04-29,Standard Class,LH-16750,Larry Hughes,Consumer,Chandler,Arizona,85224,OFF-AR-10000246,Office Supplies,Art,Newell 318,8.895999999999999,4,0.2,0.6671999999999998
CA-2014-120222,2019-04-25,2019-05-02,Standard Class,LL-16840,Lauren Leatherbury,Consumer,Los Angeles,California,90032,OFF-PA-10004675,Office Supplies,Paper,"Telephone Message Books with Fax/Mobile Section, 5 1/2"" x 3 3/16""",19.049999999999997,3,0.0,8.763
CA-2014-120222,2019-04-25,2019-05-02,Standard Class,LL-16840,Lauren Leatherbury,Consumer,Los Angeles,California,90032,OFF-BI-10000666,Office Supplies,Binders,Surelock Post Binders,73.344,3,0.2,27.503999999999998
CA-2014-125381,2019-04-25,2019-04-27,Second Class,SG-20605,Speros Goranitis,Consumer,San Francisco,California,94109,TEC-AC-10000158,Technology,Accessories,Sony 64GB Class 10 Micro SDHC R40 Memory Card,107.97,3,0.0,22.6737
CA-2014-159226,2019-04-25,2019-04-27,Second Class,RL-19615,Rob Lucas,Consumer,Los Angeles,California,90008,FUR-BO-10004709,Furniture,Bookcases,"Bush Westfield Collection Bookcases, Medium Cherry Finish",344.98099999999994,7,0.15,28.410200000000017
CA-2014-143665,2019-04-26,2019-05-01,Standard Class,PO-19180,Philisse Overcash,Home Office,Seattle,Washington,98115,OFF-PA-10003673,Office Supplies,Paper,Strathmore Photo Mount Cards,20.34,3,0.0,9.356399999999999
CA-2014-143665,2019-04-26,2019-05-01,Standard Class,PO-19180,Philisse Overcash,Home Office,Seattle,Washington,98115,OFF-LA-10002034,Office Supplies,Labels,Avery 478,39.28,8,0.0,19.2472
CA-2014-168228,2019-04-27,2019-04-29,First Class,AP-10915,Arthur Prichep,Consumer,Los Angeles,California,90045,OFF-AR-10003373,Office Supplies,Art,"Boston School Pro Electric Pencil Sharpener, 1670",123.92,4,0.0,33.4584
CA-2014-168228,2019-04-27,2019-04-29,First Class,AP-10915,Arthur Prichep,Consumer,Los Angeles,California,90045,OFF-AR-10000390,Office Supplies,Art,Newell Chalk Holder,12.39,3,0.0,5.6994
CA-2014-168228,2019-04-27,2019-04-29,First Class,AP-10915,Arthur Prichep,Consumer,Los Angeles,California,90045,OFF-AR-10001725,Office Supplies,Art,Boston Home & Office Model 2000 Electric Pencil Sharpeners,47.3,2,0.0,12.298000000000002
CA-2014-151281,2019-04-27,2019-05-02,Standard Class,HM-14980,Henry MacAllister,Consumer,Seattle,Washington,98105,FUR-FU-10000397,Furniture,Furnishings,Luxo Economy Swing Arm Lamp,139.58,7,0.0,39.08240000000001
US-2014-136784,2019-04-30,2019-05-05,Standard Class,AD-10180,Alan Dominguez,Home Office,San Francisco,California,94122,OFF-PA-10000675,Office Supplies,Paper,Xerox 1919,163.96,4,0.0,80.3404
CA-2014-137876,2019-04-30,2019-05-05,Standard Class,DJ-13510,Don Jones,Corporate,San Francisco,California,94110,FUR-FU-10000222,Furniture,Furnishings,"Seth Thomas 16"" Steel Case Clock",64.96,2,0.0,21.436799999999998
CA-2014-137876,2019-04-30,2019-05-05,Standard Class,DJ-13510,Don Jones,Corporate,San Francisco,California,94110,OFF-EN-10001219,Office Supplies,Envelopes,"#10- 4 1/8"" x 9 1/2"" Security-Tint Envelopes",30.56,4,0.0,14.9744
CA-2014-154501,2019-04-30,2019-05-05,Standard Class,EA-14035,Erin Ashbrook,Corporate,Los Angeles,California,90008,OFF-AR-10002804,Office Supplies,Art,Faber Castell Col-Erase Pencils,9.78,2,0.0,4.0098
CA-2014-150609,2019-04-30,2019-05-04,Standard Class,NZ-18565,Nick Zandusky,Home Office,Los Angeles,California,90032,OFF-BI-10002071,Office Supplies,Binders,Fellowes Black Plastic Comb Bindings,23.24,5,0.2,7.552999999999998
US-2014-128398,2019-05-02,2019-05-05,Second Class,EM-13825,Elizabeth Moffitt,Corporate,Los Angeles,California,90049,TEC-AC-10001714,Technology,Accessories,Logitech MX Performance Wireless Mouse,159.56,4,0.0,59.0372
CA-2014-147844,2019-05-02,2019-05-06,Standard Class,DD-13570,Dorothy Dickinson,Consumer,Los Angeles,California,90049,OFF-PA-10003016,Office Supplies,Paper,"Adams ""While You Were Out"" Message Pads",15.700000000000001,5,0.0,7.0649999999999995
CA-2014-147844,2019-05-02,2019-05-06,Standard Class,DD-13570,Dorothy Dickinson,Consumer,Los Angeles,California,90049,OFF-AR-10001615,Office Supplies,Art,Newell 34,59.519999999999996,3,0.0,15.475200000000001
CA-2014-147844,2019-05-02,2019-05-06,Standard Class,DD-13570,Dorothy Dickinson,Consumer,Los Angeles,California,90049,OFF-PA-10002713,Office Supplies,Paper,"Adams Phone Message Book, 200 Message Capacity, 8 1/16” x 11”",34.4,5,0.0,15.823999999999998
CA-2014-132178,2019-05-03,2019-05-08,Second Class,DB-12970,Darren Budd,Corporate,Los Angeles,California,90004,OFF-ST-10000464,Office Supplies,Storage,"Multi-Use Personal File Cart and Caster Set, Three Stacking Bins",69.52,2,0.0,19.465600000000002
CA-2014-132178,2019-05-03,2019-05-08,Second Class,DB-12970,Darren Budd,Corporate,Los Angeles,California,90004,OFF-ST-10000025,Office Supplies,Storage,Fellowes Stor/Drawer Steel Plus Storage Drawers,763.44,8,0.0,45.80639999999994
CA-2014-163209,2019-05-03,2019-05-07,Standard Class,MK-18160,Mike Kennedy,Consumer,San Francisco,California,94122,OFF-PA-10001166,Office Supplies,Paper,Xerox 2,25.92,4,0.0,12.441600000000001
CA-2014-163209,2019-05-03,2019-05-07,Standard Class,MK-18160,Mike Kennedy,Consumer,San Francisco,California,94122,OFF-AR-10003651,Office Supplies,Art,Newell 350,22.959999999999997,7,0.0,6.658399999999997
CA-2014-162978,2019-05-04,2019-05-09,Standard Class,LW-16990,Lindsay Williams,Corporate,San Francisco,California,94109,TEC-PH-10003092,Technology,Phones,Motorola L804,183.96,5,0.2,20.69549999999999
CA-2014-162978,2019-05-04,2019-05-09,Standard Class,LW-16990,Lindsay Williams,Corporate,San Francisco,California,94109,OFF-PA-10002250,Office Supplies,Paper,Things To Do Today Pad,17.61,3,0.0,8.4528
CA-2014-162978,2019-05-04,2019-05-09,Standard Class,LW-16990,Lindsay Williams,Corporate,San Francisco,California,94109,FUR-TA-10003473,Furniture,Tables,Bretford Rectangular Conference Table Tops,300.904,1,0.2,11.283900000000017
CA-2014-119914,2019-05-04,2019-05-09,Second Class,CC-12220,Chris Cortes,Consumer,Westminster,California,92683,OFF-AP-10002684,Office Supplies,Appliances,"Acco 7-Outlet Masterpiece Power Center, Wihtout Fax/Phone Line Protection",243.16,2,0.0,72.94799999999998
US-2014-141943,2019-05-05,2019-05-09,Standard Class,DK-12985,Darren Koutras,Consumer,San Francisco,California,94122,OFF-EN-10003448,Office Supplies,Envelopes,"Peel & Seel Recycled Catalog Envelopes, Brown",23.16,2,0.0,11.58
CA-2014-105991,2019-05-05,2019-05-06,First Class,LH-17020,Lisa Hazard,Consumer,Louisville,Colorado,80027,OFF-EN-10002600,Office Supplies,Envelopes,"Redi-Strip #10 Envelopes, 4 1/8 x 9 1/2",21.240000000000002,9,0.2,7.433999999999999
CA-2014-105991,2019-05-05,2019-05-06,First Class,LH-17020,Lisa Hazard,Consumer,Louisville,Colorado,80027,OFF-BI-10003274,Office Supplies,Binders,"Avery Durable Slant Ring Binders, No Labels",9.552000000000001,8,0.7,-7.3232
CA-2014-105991,2019-05-05,2019-05-06,First Class,LH-17020,Lisa Hazard,Consumer,Louisville,Colorado,80027,FUR-BO-10004467,Furniture,Bookcases,Bestar Classic Bookcase,89.99100000000001,3,0.7,-152.9847
CA-2014-133487,2019-05-06,2019-05-09,Second Class,TS-21655,Trudy Schmidt,Consumer,Rancho Cucamonga,California,91730,OFF-AP-10001271,Office Supplies,Appliances,Eureka The Boss Cordless Rechargeable Stick Vac,152.94,3,0.0,41.293800000000005
CA-2014-145779,2019-05-06,2019-05-10,Standard Class,DB-13615,Doug Bickford,Consumer,Tucson,Arizona,85705,OFF-PA-10002254,Office Supplies,Paper,Xerox 1883,84.416,4,0.2,27.435199999999995
CA-2014-159688,2019-05-07,2019-05-12,Standard Class,AB-10060,Adam Bellavance,Home Office,Los Angeles,California,90004,TEC-AC-10000736,Technology,Accessories,Logitech G600 MMO Gaming Mouse,79.99,1,0.0,28.7964
CA-2014-102820,2019-05-07,2019-05-11,Standard Class,CS-11950,Carlos Soltero,Consumer,Pasadena,California,91104,TEC-PH-10003437,Technology,Phones,Blue Parrot B250XT Professional Grade Wireless Bluetooth Headset with,419.94399999999996,7,0.2,52.49299999999997
CA-2014-133865,2019-05-08,2019-05-12,Standard Class,PS-19045,Penelope Sewall,Home Office,Los Angeles,California,90032,TEC-CO-10001046,Technology,Copiers,Canon Imageclass D680 Copier / Fax,3359.952,6,0.2,1049.985
US-2014-104451,2019-05-08,2019-05-12,Second Class,MM-18055,Michelle Moray,Consumer,San Francisco,California,94110,OFF-AP-10000692,Office Supplies,Appliances,Fellowes Mighty 8 Compact Surge Protector,81.08,4,0.0,22.702400000000004
CA-2014-118199,2019-05-09,2019-05-11,First Class,LB-16795,Laurel Beltran,Home Office,Seattle,Washington,98105,OFF-BI-10004330,Office Supplies,Binders,"GBC Velobind Prepunched Cover Sets, Regency Series",147.92,5,0.2,46.22499999999999
CA-2014-118199,2019-05-09,2019-05-11,First Class,LB-16795,Laurel Beltran,Home Office,Seattle,Washington,98105,OFF-ST-10000604,Office Supplies,Storage,Home/Office Personal File Carts,104.28,3,0.0,26.069999999999993
CA-2014-118199,2019-05-09,2019-05-11,First Class,LB-16795,Laurel Beltran,Home Office,Seattle,Washington,98105,FUR-TA-10004154,Furniture,Tables,"Riverside Furniture Oval Coffee Table, Oval End Table, End Table with Drawer",286.85,1,0.0,63.107
CA-2014-118199,2019-05-09,2019-05-11,First Class,LB-16795,Laurel Beltran,Home Office,Seattle,Washington,98105,OFF-ST-10000636,Office Supplies,Storage,Rogers Profile Extra Capacity Storage Tub,66.96,4,0.0,2.6783999999999963
CA-2014-118199,2019-05-09,2019-05-11,First Class,LB-16795,Laurel Beltran,Home Office,Seattle,Washington,98105,TEC-AC-10004171,Technology,Accessories,Razer Kraken 7.1 Surround Sound Over Ear USB Gaming Headset,199.98,2,0.0,87.9912
CA-2014-133823,2019-05-11,2019-05-12,Same Day,LP-17080,Liz Pelletier,Consumer,Seattle,Washington,98103,OFF-PA-10002870,Office Supplies,Paper,"Ampad Phone Message Book, Recycled, 400 Message Capacity, 5 ¾” x 11”",37.44,6,0.0,16.848
CA-2014-133823,2019-05-11,2019-05-12,Same Day,LP-17080,Liz Pelletier,Consumer,Seattle,Washington,98103,OFF-LA-10004545,Office Supplies,Labels,Avery 50,37.589999999999996,3,0.0,17.667299999999997
CA-2014-133823,2019-05-11,2019-05-12,Same Day,LP-17080,Liz Pelletier,Consumer,Seattle,Washington,98103,OFF-BI-10000962,Office Supplies,Binders,"Acco Flexible ACCOHIDE Square Ring Data Binder, Dark Blue, 11 1/2"" X 14"" 7/8""",26.032,2,0.2,9.436599999999999
US-2014-139647,2019-05-11,2019-05-13,First Class,TS-21370,Todd Sumrall,Corporate,Phoenix,Arizona,85023,FUR-BO-10004467,Furniture,Bookcases,Bestar Classic Bookcase,209.979,7,0.7,-356.9643
CA-2014-117632,2019-05-12,2019-05-18,Standard Class,CS-12175,Charles Sheldon,Corporate,San Francisco,California,94122,OFF-SU-10000157,Office Supplies,Supplies,Compact Automatic Electric Letter Opener,238.62,2,0.0,4.772400000000005
CA-2014-117632,2019-05-12,2019-05-18,Standard Class,CS-12175,Charles Sheldon,Corporate,San Francisco,California,94122,OFF-AP-10004868,Office Supplies,Appliances,Hoover Commercial Soft Guard Upright Vacuum And Disposable Filtration Bags,7.77,1,0.0,2.0979
CA-2014-117632,2019-05-12,2019-05-18,Standard Class,CS-12175,Charles Sheldon,Corporate,San Francisco,California,94122,FUR-TA-10001520,Furniture,Tables,"Lesro Sheffield Collection Coffee Table, End Table, Center Table, Corner Table",285.48,5,0.2,-10.705500000000043
CA-2014-117632,2019-05-12,2019-05-18,Standard Class,CS-12175,Charles Sheldon,Corporate,San Francisco,California,94122,OFF-BI-10001900,Office Supplies,Binders,"DXL Angle-View Binders with Locking Rings, Black",19.168000000000003,4,0.2,6.4692
CA-2014-100748,2019-05-13,2019-05-20,Standard Class,RB-19795,Ross Baird,Home Office,San Francisco,California,94110,OFF-LA-10000240,Office Supplies,Labels,Self-Adhesive Address Labels for Typewriters by Universal,58.48,8,0.0,27.485599999999998
CA-2014-143686,2019-05-14,2019-05-14,Same Day,PJ-19015,Pauline Johnson,Consumer,Santa Ana,California,92704,FUR-FU-10000794,Furniture,Furnishings,"Eldon Stackable Tray, Side-Load, Legal, Smoke",18.28,2,0.0,6.215199999999999
CA-2014-143686,2019-05-14,2019-05-14,Same Day,PJ-19015,Pauline Johnson,Consumer,Santa Ana,California,92704,TEC-AC-10001838,Technology,Accessories,Razer Tiamat Over Ear 7.1 Surround Sound PC Gaming Headset,1399.93,7,0.0,601.9699
CA-2014-129357,2019-05-14,2019-05-19,Standard Class,KB-16585,Ken Black,Corporate,Seattle,Washington,98103,OFF-PA-10003228,Office Supplies,Paper,Xerox 1917,440.18999999999994,9,0.0,206.88929999999996
CA-2014-129357,2019-05-14,2019-05-19,Standard Class,KB-16585,Ken Black,Corporate,Seattle,Washington,98103,OFF-SU-10004498,Office Supplies,Supplies,Martin-Yale Premier Letter Opener,64.4,5,0.0,1.9320000000000004
CA-2014-102414,2019-05-15,2019-05-18,Second Class,JA-15970,Joseph Airdo,Consumer,Phoenix,Arizona,85023,TEC-PH-10002923,Technology,Phones,"Logitech B530 USB Headset - headset - Full size, Binaural",29.592000000000002,1,0.2,2.5893000000000006
CA-2014-102414,2019-05-15,2019-05-18,Second Class,JA-15970,Joseph Airdo,Consumer,Phoenix,Arizona,85023,OFF-BI-10004465,Office Supplies,Binders,Avery Durable Slant Ring Binders,4.752000000000001,2,0.7,-3.1679999999999993
CA-2014-102414,2019-05-15,2019-05-18,Second Class,JA-15970,Joseph Airdo,Consumer,Phoenix,Arizona,85023,OFF-PA-10002333,Office Supplies,Paper,"Universal Ultra Bright White Copier/Laser Paper, 8 1/2"" x 11"", Ream",15.552000000000003,3,0.2,5.6376
US-2014-110604,2019-05-15,2019-05-20,Standard Class,JF-15295,Jason Fortune-,Consumer,Seattle,Washington,98103,FUR-FU-10000076,Furniture,Furnishings,24-Hour Round Wall Clock,39.96,2,0.0,17.182800000000004
US-2014-110604,2019-05-15,2019-05-20,Standard Class,JF-15295,Jason Fortune-,Consumer,Seattle,Washington,98103,FUR-CH-10002017,Furniture,Chairs,SAFCO Optional Arm Kit for Workspace Cribbage Stacking Chair,42.624,2,0.2,4.262399999999998
US-2014-110604,2019-05-15,2019-05-20,Standard Class,JF-15295,Jason Fortune-,Consumer,Seattle,Washington,98103,FUR-CH-10004287,Furniture,Chairs,SAFCO Arco Folding Chair,220.96,1,0.2,24.857999999999983
CA-2014-121643,2019-05-18,2019-05-20,First Class,AB-10105,Adrian Barton,Consumer,Portland,Oregon,97206,TEC-PH-10002200,Technology,Phones,Aastra 6757i CT Wireless VoIP phone,344.704,2,0.2,38.77919999999999
CA-2014-153787,2019-05-19,2019-05-23,Standard Class,AT-10735,Annie Thurman,Consumer,Seattle,Washington,98115,OFF-AP-10001563,Office Supplies,Appliances,Belkin Premiere Surge Master II 8-outlet surge protector,97.16,2,0.0,28.176399999999987
CA-2014-113530,2019-05-19,2019-05-21,Second Class,BC-11125,Becky Castell,Home Office,San Francisco,California,94109,FUR-CH-10002647,Furniture,Chairs,"Situations Contoured Folding Chairs, 4/Set",681.4080000000001,12,0.2,42.58800000000002
CA-2014-113530,2019-05-19,2019-05-21,Second Class,BC-11125,Becky Castell,Home Office,San Francisco,California,94109,OFF-AR-10001315,Office Supplies,Art,Newell 310,3.52,2,0.0,1.0208
CA-2014-113530,2019-05-19,2019-05-21,Second Class,BC-11125,Becky Castell,Home Office,San Francisco,California,94109,OFF-AR-10000122,Office Supplies,Art,Newell 314,5.58,1,0.0,1.3949999999999996
CA-2014-113530,2019-05-19,2019-05-21,Second Class,BC-11125,Becky Castell,Home Office,San Francisco,California,94109,TEC-AC-10001465,Technology,Accessories,SanDisk Cruzer 64 GB USB Flash Drive,36.32,1,0.0,10.895999999999997
US-2014-147998,2019-05-19,2019-05-24,Standard Class,SA-20830,Sue Ann Reed,Consumer,San Jose,California,95123,OFF-BI-10002082,Office Supplies,Binders,GBC Twin Loop Wire Binding Elements,133.12,5,0.2,49.92
CA-2014-166695,2019-05-20,2019-05-24,Standard Class,CC-12430,Chuck Clark,Home Office,Lakewood,California,90712,FUR-CH-10000225,Furniture,Chairs,"Global Geo Office Task Chair, Gray",518.272,8,0.2,-97.17600000000007
CA-2014-166695,2019-05-20,2019-05-24,Standard Class,CC-12430,Chuck Clark,Home Office,Lakewood,California,90712,FUR-FU-10002191,Furniture,Furnishings,G.E. Halogen Desk Lamp Bulbs,6.98,1,0.0,3.3504
CA-2014-166695,2019-05-20,2019-05-24,Standard Class,CC-12430,Chuck Clark,Home Office,Lakewood,California,90712,TEC-MA-10003176,Technology,Machines,Okidata B400 Printer,343.20000000000005,1,0.2,38.60999999999996
US-2014-166688,2019-05-20,2019-05-26,Standard Class,RD-19480,Rick Duston,Consumer,Las Vegas,Nevada,89115,OFF-BI-10004040,Office Supplies,Binders,Wilson Jones Impact Binders,8.288,2,0.2,3.0043999999999995
US-2014-166688,2019-05-20,2019-05-26,Standard Class,RD-19480,Rick Duston,Consumer,Las Vegas,Nevada,89115,TEC-PH-10004094,Technology,Phones,Motorola L703CM,1123.1280000000002,9,0.2,70.19549999999998
US-2014-166688,2019-05-20,2019-05-26,Standard Class,RD-19480,Rick Duston,Consumer,Las Vegas,Nevada,89115,OFF-AP-10000358,Office Supplies,Appliances,Fellowes Basic Home/Office Series Surge Protectors,64.9,5,0.0,18.820999999999994
CA-2014-153080,2019-05-22,2019-05-25,Second Class,EH-13945,Eric Hoffmann,Consumer,Los Angeles,California,90008,TEC-AC-10002331,Technology,Accessories,"Maxell 74 Minute CDR, 10/Pack",68.46,7,0.0,25.330199999999998
US-2014-151127,2019-05-22,2019-05-25,First Class,RL-19615,Rob Lucas,Consumer,Los Angeles,California,90049,OFF-AR-10002445,Office Supplies,Art,SANFORD Major Accent Highlighters,49.56,7,0.0,18.832800000000002
CA-2014-130106,2019-05-22,2019-05-26,Standard Class,VF-21715,Vicky Freymann,Home Office,San Francisco,California,94109,OFF-AR-10003651,Office Supplies,Art,Newell 350,9.84,3,0.0,2.853599999999999
CA-2014-130106,2019-05-22,2019-05-26,Standard Class,VF-21715,Vicky Freymann,Home Office,San Francisco,California,94109,OFF-AR-10003732,Office Supplies,Art,Newell 333,2.78,1,0.0,0.7227999999999999
CA-2014-167003,2019-05-23,2019-05-29,Standard Class,VS-21820,Vivek Sundaresam,Consumer,Los Angeles,California,90036,FUR-TA-10001520,Furniture,Tables,"Lesro Sheffield Collection Coffee Table, End Table, Center Table, Corner Table",171.288,3,0.2,-6.423300000000026
CA-2014-107853,2019-05-26,2019-05-31,Standard Class,CD-11920,Carlos Daly,Consumer,Oceanside,California,92054,OFF-PA-10000520,Office Supplies,Paper,Xerox 201,12.96,2,0.0,6.2208000000000006
CA-2014-134152,2019-05-27,2019-05-31,Standard Class,RP-19855,Roy Phan,Corporate,Seattle,Washington,98103,TEC-AC-10004510,Technology,Accessories,Logitech Desktop MK120 Mouse and keyboard Combo,98.16,6,0.0,9.815999999999995
CA-2014-134152,2019-05-27,2019-05-31,Standard Class,RP-19855,Roy Phan,Corporate,Seattle,Washington,98103,OFF-AR-10004062,Office Supplies,Art,Staples in misc. colors,31.44,3,0.0,7.86
US-2014-116897,2019-05-27,2019-05-29,First Class,JG-15160,James Galang,Consumer,Pocatello,Idaho,83201,FUR-FU-10004963,Furniture,Furnishings,"Eldon 400 Class Desk Accessories, Black Carbon",35.0,4,0.0,14.700000000000003
US-2014-116897,2019-05-27,2019-05-29,First Class,JG-15160,James Galang,Consumer,Pocatello,Idaho,83201,OFF-ST-10000025,Office Supplies,Storage,Fellowes Stor/Drawer Steel Plus Storage Drawers,477.15000000000003,5,0.0,28.628999999999962
US-2014-116897,2019-05-27,2019-05-29,First Class,JG-15160,James Galang,Consumer,Pocatello,Idaho,83201,TEC-PH-10004389,Technology,Phones,Nokia Lumia 925,302.376,3,0.2,22.678200000000018
CA-2014-145765,2019-05-28,2019-06-02,Standard Class,CM-11815,Candace McMahon,Corporate,Phoenix,Arizona,85023,TEC-PH-10001305,Technology,Phones,Panasonic KX TS208W Corded phone,195.96000000000004,5,0.2,19.596000000000018
CA-2014-145765,2019-05-28,2019-06-02,Standard Class,CM-11815,Candace McMahon,Corporate,Phoenix,Arizona,85023,OFF-PA-10001534,Office Supplies,Paper,Xerox 230,15.552000000000003,3,0.2,5.4432
CA-2014-145765,2019-05-28,2019-06-02,Standard Class,CM-11815,Candace McMahon,Corporate,Phoenix,Arizona,85023,TEC-AC-10000844,Technology,Accessories,Logitech Gaming G510s - Keyboard,271.968,4,0.2,54.39359999999998
CA-2014-121125,2019-05-30,2019-06-03,Standard Class,MG-17890,Michael Granlund,Home Office,Tigard,Oregon,97224,TEC-PH-10001619,Technology,Phones,LG G3,156.79200000000003,1,0.2,17.639099999999985
CA-2014-121125,2019-05-30,2019-06-03,Standard Class,MG-17890,Michael Granlund,Home Office,Tigard,Oregon,97224,TEC-AC-10002323,Technology,Accessories,SanDisk Ultra 32 GB MicroSDHC Class 10 Memory Card,35.36000000000001,2,0.2,-3.0939999999999994
CA-2014-121125,2019-05-30,2019-06-03,Standard Class,MG-17890,Michael Granlund,Home Office,Tigard,Oregon,97224,FUR-FU-10000820,Furniture,Furnishings,Tensor Brushed Steel Torchiere Floor Lamp,13.591999999999999,1,0.2,-0.3398000000000003
CA-2014-120614,2019-05-30,2019-06-04,Standard Class,SM-20950,Suzanne McNair,Corporate,Los Angeles,California,90004,OFF-PA-10004911,Office Supplies,Paper,"Rediform S.O.S. 1-Up Phone Message Bk, 4-1/4x3-1/16 Bk, 1 Form/Pg, 40 Messages/Bk, 3/Pk",37.52,4,0.0,18.009600000000002
CA-2014-116498,2019-05-30,2019-06-03,Standard Class,KA-16525,Kelly Andreada,Consumer,San Diego,California,92037,OFF-AR-10003405,Office Supplies,Art,"Dixon My First Ticonderoga Pencil, #2",35.099999999999994,6,0.0,10.178999999999997
CA-2014-140760,2019-06-02,2019-06-05,Second Class,DO-13435,Denny Ordway,Consumer,Mesa,Arizona,85204,OFF-PA-10002479,Office Supplies,Paper,Xerox 4200 Series MultiUse Premium Copy Paper (20Lb. and 84 Bright),25.344,6,0.2,7.92
CA-2014-140760,2019-06-02,2019-06-05,Second Class,DO-13435,Denny Ordway,Consumer,Mesa,Arizona,85204,OFF-EN-10001141,Office Supplies,Envelopes,"Manila Recycled Extra-Heavyweight Clasp Envelopes, 6"" x 9""",43.92,5,0.2,15.921000000000003
CA-2014-150420,2019-06-03,2019-06-08,Standard Class,GD-14590,Giulietta Dortch,Corporate,Bellingham,Washington,98226,TEC-AC-10004975,Technology,Accessories,Plantronics Audio 995 Wireless Stereo Headset,1099.5,10,0.0,362.83500000000004
CA-2014-145772,2019-06-03,2019-06-07,Standard Class,SS-20140,Saphhira Shifley,Corporate,Los Angeles,California,90036,TEC-AC-10003038,Technology,Accessories,Kingston Digital DataTraveler 16GB USB 2.0,44.75,5,0.0,8.502499999999994
CA-2014-145772,2019-06-03,2019-06-07,Standard Class,SS-20140,Saphhira Shifley,Corporate,Los Angeles,California,90036,OFF-PA-10001593,Office Supplies,Paper,Xerox 1947,11.96,2,0.0,5.382
CA-2014-145772,2019-06-03,2019-06-07,Standard Class,SS-20140,Saphhira Shifley,Corporate,Los Angeles,California,90036,OFF-BI-10002049,Office Supplies,Binders,UniKeep View Case Binders,3.912,1,0.2,1.2713999999999996
CA-2014-145506,2019-06-03,2019-06-07,Standard Class,MO-17800,Meg O'Connel,Home Office,Spokane,Washington,99207,OFF-ST-10004963,Office Supplies,Storage,Eldon Gobal File Keepers,136.26,9,0.0,5.450399999999991
US-2014-131849,2019-06-06,2019-06-10,Standard Class,GH-14410,Gary Hansen,Home Office,San Francisco,California,94122,FUR-FU-10004164,Furniture,Furnishings,"Eldon 300 Class Desk Accessories, Black",4.95,1,0.0,2.1780000000000004
US-2014-131849,2019-06-06,2019-06-10,Standard Class,GH-14410,Gary Hansen,Home Office,San Francisco,California,94122,OFF-ST-10002957,Office Supplies,Storage,Sterilite Show Offs Storage Containers,26.400000000000002,5,0.0,0.0
US-2014-109316,2019-06-08,2019-06-10,First Class,MG-17680,Maureen Gastineau,Home Office,Los Angeles,California,90049,FUR-BO-10004834,Furniture,Bookcases,"Riverside Palais Royal Lawyers Bookcase, Royale Cherry Finish",1497.666,2,0.15,140.95680000000004
US-2014-109316,2019-06-08,2019-06-10,First Class,MG-17680,Maureen Gastineau,Home Office,Los Angeles,California,90049,TEC-PH-10000307,Technology,Phones,Shocksock Galaxy S4 Armband,17.52,2,0.2,-3.5040000000000022
US-2014-107979,2019-06-08,2019-06-13,Standard Class,FO-14305,Frank Olsen,Consumer,Glendale,Arizona,85301,TEC-AC-10002006,Technology,Accessories,Memorex Micro Travel Drive 16 GB,89.54400000000001,7,0.2,12.312299999999993
US-2014-107979,2019-06-08,2019-06-13,Standard Class,FO-14305,Frank Olsen,Consumer,Glendale,Arizona,85301,OFF-ST-10002485,Office Supplies,Storage,Rogers Deluxe File Chest,35.168,2,0.2,-8.352400000000001
US-2014-107979,2019-06-08,2019-06-13,Standard Class,FO-14305,Frank Olsen,Consumer,Glendale,Arizona,85301,OFF-BI-10000778,Office Supplies,Binders,GBC VeloBinder Electric Binding Machine,72.58800000000001,2,0.7,-48.39199999999998
CA-2014-140963,2019-06-10,2019-06-13,First Class,MT-18070,Michelle Tran,Home Office,Los Angeles,California,90045,OFF-LA-10003923,Office Supplies,Labels,Alphabetical Labels for Top Tab Filing,29.6,2,0.0,14.8
CA-2014-140963,2019-06-10,2019-06-13,First Class,MT-18070,Michelle Tran,Home Office,Los Angeles,California,90045,FUR-BO-10001337,Furniture,Bookcases,O'Sullivan Living Dimensions 2-Shelf Bookcases,514.165,5,0.15,-30.24499999999999
CA-2014-140963,2019-06-10,2019-06-13,First Class,MT-18070,Michelle Tran,Home Office,Los Angeles,California,90045,TEC-PH-10001924,Technology,Phones,iHome FM Clock Radio with Lightning Dock,279.96,5,0.2,17.497500000000016
CA-2014-143343,2019-06-10,2019-06-13,First Class,BW-11200,Ben Wallace,Consumer,Los Angeles,California,90032,OFF-AR-10002375,Office Supplies,Art,Newell 351,16.4,5,0.0,4.7559999999999985
CA-2014-158071,2019-06-10,2019-06-15,Standard Class,BD-11320,Bill Donatelli,Consumer,Seattle,Washington,98103,TEC-PH-10002923,Technology,Phones,"Logitech B530 USB Headset - headset - Full size, Binaural",88.77600000000001,3,0.2,7.767900000000001
CA-2014-158071,2019-06-10,2019-06-15,Standard Class,BD-11320,Bill Donatelli,Consumer,Seattle,Washington,98103,OFF-LA-10004689,Office Supplies,Labels,Avery 512,11.56,4,0.0,5.4332
CA-2014-158071,2019-06-10,2019-06-15,Standard Class,BD-11320,Bill Donatelli,Consumer,Seattle,Washington,98103,OFF-ST-10001228,Office Supplies,Storage,Personal File Boxes with Fold-Down Carry Handle,15.58,1,0.0,3.8949999999999996
CA-2014-137001,2019-06-10,2019-06-13,Second Class,GZ-14545,George Zrebassa,Corporate,Thousand Oaks,California,91360,OFF-AR-10001231,Office Supplies,Art,"Sanford EarthWrite Recycled Pencils, Medium Soft, #2",14.700000000000001,7,0.0,4.1160000000000005
US-2014-152002,2019-06-11,2019-06-11,Same Day,DV-13465,Dianna Vittorini,Consumer,Los Angeles,California,90004,OFF-PA-10000357,Office Supplies,Paper,"White Dual Perf Computer Printout Paper, 2700 Sheets, 1 Part, Heavyweight, 20 lbs., 14 7/8 x 11",122.97,3,0.0,60.255300000000005
US-2014-120418,2019-06-11,2019-06-12,First Class,BC-11125,Becky Castell,Home Office,Peoria,Arizona,85345,FUR-CH-10001394,Furniture,Chairs,Global Leather Executive Chair,280.79200000000003,1,0.2,35.09899999999996
US-2014-120418,2019-06-11,2019-06-12,First Class,BC-11125,Becky Castell,Home Office,Peoria,Arizona,85345,OFF-ST-10002370,Office Supplies,Storage,"Sortfiler Multipurpose Personal File Organizer, Black",68.44800000000001,4,0.2,7.700399999999995
US-2014-120418,2019-06-11,2019-06-12,First Class,BC-11125,Becky Castell,Home Office,Peoria,Arizona,85345,OFF-AR-10002956,Office Supplies,Art,Boston 16801 Nautilus Battery Pencil Sharpener,88.04,5,0.2,6.602999999999998
US-2014-120418,2019-06-11,2019-06-12,First Class,BC-11125,Becky Castell,Home Office,Peoria,Arizona,85345,OFF-AR-10001955,Office Supplies,Art,Newell 319,15.872,1,0.2,1.9839999999999982
US-2014-120418,2019-06-11,2019-06-12,First Class,BC-11125,Becky Castell,Home Office,Peoria,Arizona,85345,OFF-ST-10001809,Office Supplies,Storage,Fellowes Officeware Wire Shelving,215.592,3,0.2,-48.50820000000001
CA-2014-134565,2019-06-11,2019-06-13,Second Class,TB-21400,Tom Boeckenhauer,Consumer,Seattle,Washington,98103,OFF-PA-10004243,Office Supplies,Paper,Xerox 1939,37.94,2,0.0,18.211199999999998
CA-2014-134565,2019-06-11,2019-06-13,Second Class,TB-21400,Tom Boeckenhauer,Consumer,Seattle,Washington,98103,OFF-BI-10001759,Office Supplies,Binders,"Acco Pressboard Covers with Storage Hooks, 14 7/8"" x 11"", Dark Blue",18.288,6,0.2,6.6293999999999995
CA-2014-134565,2019-06-11,2019-06-13,Second Class,TB-21400,Tom Boeckenhauer,Consumer,Seattle,Washington,98103,TEC-MA-10001570,Technology,Machines,Cisco Desktop Collaboration Experience DX650 IP Video Phone,385.80000000000007,5,0.2,130.20749999999998
CA-2014-134565,2019-06-11,2019-06-13,Second Class,TB-21400,Tom Boeckenhauer,Consumer,Seattle,Washington,98103,OFF-ST-10004804,Office Supplies,Storage,"Belkin 19"" Vented Equipment Shelf, Black",102.96,2,0.0,1.029600000000002
CA-2014-134565,2019-06-11,2019-06-13,Second Class,TB-21400,Tom Boeckenhauer,Consumer,Seattle,Washington,98103,FUR-BO-10001519,Furniture,Bookcases,O'Sullivan 3-Shelf Heavy-Duty Bookcases,174.42000000000002,3,0.0,41.860800000000005
CA-2014-141481,2019-06-11,2019-06-14,First Class,ZD-21925,Zuschuss Donatelli,Consumer,Los Angeles,California,90036,OFF-AP-10004532,Office Supplies,Appliances,Kensington 6 Outlet Guardian Standard Surge Protector,61.44,3,0.0,16.5888
CA-2014-119424,2019-06-12,2019-06-14,Second Class,SB-20185,Sarah Brown,Consumer,Kent,Washington,98031,TEC-PH-10002564,Technology,Phones,OtterBox Defender Series Case - Samsung Galaxy S4,71.976,3,0.2,8.99699999999999
CA-2014-119424,2019-06-12,2019-06-14,Second Class,SB-20185,Sarah Brown,Consumer,Kent,Washington,98031,OFF-PA-10001639,Office Supplies,Paper,Xerox 203,19.44,3,0.0,9.3312
CA-2014-104850,2019-06-13,2019-06-19,Standard Class,TW-21025,Tamara Willingham,Home Office,Seattle,Washington,98103,FUR-CH-10003774,Furniture,Chairs,"Global Wood Trimmed Manager's Task Chair, Khaki",291.136,4,0.2,-25.474400000000017
CA-2014-169901,2019-06-15,2019-06-19,Standard Class,CC-12550,Clay Cheatham,Consumer,San Francisco,California,94122,TEC-PH-10002293,Technology,Phones,Anker 36W 4-Port USB Wall Charger Travel Power Adapter for iPhone 5s 5c 5,47.976,3,0.2,4.797600000000003
CA-2014-135167,2019-06-15,2019-06-20,Standard Class,SC-20800,Stuart Calhoun,Consumer,Los Angeles,California,90036,OFF-AR-10002399,Office Supplies,Art,"Dixon Prang Watercolor Pencils, 10-Color Set with Brush",4.26,1,0.0,1.7466
CA-2014-118864,2019-06-15,2019-06-19,Second Class,KH-16690,Kristen Hastings,Corporate,Los Angeles,California,90032,TEC-PH-10001809,Technology,Phones,Panasonic KX T7736-B Digital phone,119.96,1,0.2,7.497499999999999
CA-2014-105214,2019-06-16,2019-06-19,First Class,TS-21610,Troy Staebel,Consumer,San Francisco,California,94122,FUR-CH-10000015,Furniture,Chairs,Hon Multipurpose Stacking Arm Chairs,1212.96,7,0.2,90.97199999999998
CA-2014-105214,2019-06-16,2019-06-19,First Class,TS-21610,Troy Staebel,Consumer,San Francisco,California,94122,OFF-PA-10001776,Office Supplies,Paper,"Wirebound Message Books, Four 2 3/4"" x 5"" Forms per Page, 600 Sets per Book",18.54,2,0.0,8.713799999999999
CA-2014-155873,2019-06-16,2019-06-21,Standard Class,AB-10255,Alejandro Ballentine,Home Office,Carlsbad,New Mexico,88220,OFF-SU-10001165,Office Supplies,Supplies,Acme Elite Stainless Steel Scissors,16.68,2,0.0,4.3368
CA-2014-155873,2019-06-16,2019-06-21,Standard Class,AB-10255,Alejandro Ballentine,Home Office,Carlsbad,New Mexico,88220,OFF-PA-10001246,Office Supplies,Paper,Xerox 215,19.44,3,0.0,9.3312
CA-2014-155873,2019-06-16,2019-06-21,Standard Class,AB-10255,Alejandro Ballentine,Home Office,Carlsbad,New Mexico,88220,OFF-PA-10001815,Office Supplies,Paper,Xerox 1885,192.16,4,0.0,92.23679999999999
CA-2014-157833,2019-06-17,2019-06-20,First Class,KD-16345,Katherine Ducich,Consumer,San Francisco,California,94122,OFF-BI-10001721,Office Supplies,Binders,Trimflex Flexible Post Binders,51.312,3,0.2,17.9592
CA-2014-118437,2019-06-17,2019-06-21,Second Class,PF-19165,Philip Fox,Consumer,Olympia,Washington,98502,FUR-FU-10004848,Furniture,Furnishings,"Howard Miller 13-3/4"" Diameter Brushed Chrome Round Wall Clock",155.25,3,0.0,46.574999999999996
CA-2014-118437,2019-06-17,2019-06-21,Second Class,PF-19165,Philip Fox,Consumer,Olympia,Washington,98502,OFF-ST-10003722,Office Supplies,Storage,Project Tote Personal File,14.03,1,0.0,4.068699999999998
CA-2014-146346,2019-06-17,2019-06-20,First Class,RA-19945,Ryan Akin,Consumer,Commerce City,Colorado,80022,OFF-ST-10001418,Office Supplies,Storage,Carina Media Storage Towers in Natural & Black,146.352,3,0.2,-32.9292
CA-2014-112753,2019-06-18,2019-06-23,Standard Class,CC-12670,Craig Carreira,Consumer,Los Angeles,California,90032,FUR-BO-10004015,Furniture,Bookcases,"Bush Andora Bookcase, Maple/Graphite Gray Finish",917.9234999999999,9,0.15,75.5936999999999
CA-2014-112753,2019-06-18,2019-06-23,Standard Class,CC-12670,Craig Carreira,Consumer,Los Angeles,California,90032,OFF-PA-10002036,Office Supplies,Paper,Xerox 1930,38.88,6,0.0,19.0512
CA-2014-138870,2019-06-19,2019-06-23,Standard Class,GA-14515,George Ashbrook,Consumer,San Francisco,California,94109,FUR-FU-10002396,Furniture,Furnishings,"DAX Copper Panel Document Frame, 5 x 7 Size",50.32,4,0.0,21.134400000000003
CA-2014-138870,2019-06-19,2019-06-23,Standard Class,GA-14515,George Ashbrook,Consumer,San Francisco,California,94109,OFF-PA-10004438,Office Supplies,Paper,Xerox 1907,24.56,2,0.0,11.543199999999999
CA-2014-122105,2019-06-24,2019-06-28,Standard Class,CJ-12010,Caroline Jumper,Consumer,Huntington Beach,California,92646,OFF-AR-10004344,Office Supplies,Art,Bulldog Vacuum Base Pencil Sharpener,95.92,8,0.0,25.898399999999995
CA-2014-100384,2019-06-24,2019-07-01,Standard Class,NH-18610,Nicole Hansen,Corporate,Pomona,California,91767,OFF-AR-10002135,Office Supplies,Art,Boston Heavy-Duty Trimline Electric Pencil Sharpeners,385.6,8,0.0,111.82399999999996
CA-2014-100384,2019-06-24,2019-07-01,Standard Class,NH-18610,Nicole Hansen,Corporate,Pomona,California,91767,OFF-AR-10003514,Office Supplies,Art,4009 Highlighters by Sanford,35.82,9,0.0,11.820599999999997
CA-2014-159107,2019-06-24,2019-06-26,Second Class,KT-16480,Kean Thornton,Consumer,San Francisco,California,94110,OFF-FA-10001332,Office Supplies,Fasteners,"Acco Banker's Clasps, 5 3/4""-Long",2.88,1,0.0,1.3536
CA-2014-133648,2019-06-25,2019-07-02,Standard Class,ML-17755,Max Ludwig,Home Office,Springfield,Oregon,97477,OFF-LA-10003923,Office Supplies,Labels,Alphabetical Labels for Top Tab Filing,71.04,6,0.2,26.640000000000004
CA-2014-133648,2019-06-25,2019-07-02,Standard Class,ML-17755,Max Ludwig,Home Office,Springfield,Oregon,97477,OFF-AR-10002257,Office Supplies,Art,"Eldon Spacemaker Box, Quick-Snap Lid, Clear",5.344,2,0.2,0.7347999999999992
CA-2014-133648,2019-06-25,2019-07-02,Standard Class,ML-17755,Max Ludwig,Home Office,Springfield,Oregon,97477,OFF-FA-10004395,Office Supplies,Fasteners,Plymouth Boxed Rubber Bands by Plymouth,11.304,3,0.2,-2.1195
US-2014-124821,2019-06-25,2019-06-29,Second Class,AM-10705,Anne McFarland,Consumer,Seattle,Washington,98115,FUR-TA-10000688,Furniture,Tables,"Chromcraft Bull-Nose Wood Round Conference Table Top, Wood Base",871.4,4,0.0,148.13799999999992
CA-2014-115364,2019-06-26,2019-07-02,Standard Class,OT-18730,Olvera Toch,Consumer,San Diego,California,92105,OFF-ST-10002486,Office Supplies,Storage,Eldon Shelf Savers Cubes and Bins,83.76,12,0.0,1.6751999999999967
CA-2014-138310,2019-06-26,2019-06-30,Standard Class,NP-18700,Nora Preis,Consumer,Denver,Colorado,80219,TEC-AC-10001990,Technology,Accessories,Kensington Orbit Wireless Mobile Trackball for PC and Mac,431.92800000000005,9,0.2,64.78919999999995
CA-2014-116988,2019-06-27,2019-06-29,Second Class,PW-19030,Pauline Webber,Corporate,Seattle,Washington,98105,OFF-PA-10003848,Office Supplies,Paper,Xerox 1997,19.44,3,0.0,9.3312
CA-2014-116988,2019-06-27,2019-06-29,Second Class,PW-19030,Pauline Webber,Corporate,Seattle,Washington,98105,FUR-FU-10001290,Furniture,Furnishings,Executive Impressions Supervisor Wall Clock,126.30000000000001,3,0.0,40.416
CA-2014-116988,2019-06-27,2019-06-29,Second Class,PW-19030,Pauline Webber,Corporate,Seattle,Washington,98105,TEC-AC-10003832,Technology,Accessories,Logitech P710e Mobile Speakerphone,1287.45,5,0.0,244.61549999999988
CA-2014-100650,2019-06-29,2019-07-03,Second Class,DK-13225,Dean Katz,Corporate,Anaheim,California,92804,OFF-ST-10001780,Office Supplies,Storage,Tennsco 16-Compartment Lockers with Coat Rack,1295.78,2,0.0,310.98720000000003
CA-2014-137085,2019-06-29,2019-07-06,Standard Class,CT-11995,Carol Triggs,Consumer,Los Angeles,California,90004,OFF-BI-10000632,Office Supplies,Binders,Satellite Sectional Post Binders,312.552,9,0.2,101.57939999999999
CA-2014-138149,2019-06-29,2019-06-30,First Class,WB-21850,William Brown,Consumer,Los Angeles,California,90049,OFF-BI-10003091,Office Supplies,Binders,GBC DocuBind TL200 Manual Binding Machine,895.92,5,0.2,302.37299999999993
CA-2014-138149,2019-06-29,2019-06-30,First Class,WB-21850,William Brown,Consumer,Los Angeles,California,90049,OFF-ST-10002974,Office Supplies,Storage,"Trav-L-File Heavy-Duty Shuttle II, Black",130.71,3,0.0,39.212999999999994
CA-2014-138149,2019-06-29,2019-06-30,First Class,WB-21850,William Brown,Consumer,Los Angeles,California,90049,OFF-AR-10000255,Office Supplies,Art,Newell 328,11.68,2,0.0,3.0367999999999995
CA-2014-138149,2019-06-29,2019-06-30,First Class,WB-21850,William Brown,Consumer,Los Angeles,California,90049,TEC-AC-10001284,Technology,Accessories,Enermax Briskie RF Wireless Keyboard and Mouse Combo,62.31,3,0.0,22.4316
CA-2014-102946,2019-06-30,2019-07-05,Standard Class,VP-21730,Victor Preis,Home Office,Las Vegas,Nevada,89115,OFF-BI-10004492,Office Supplies,Binders,Tuf-Vin Binders,75.792,3,0.2,25.57979999999999
CA-2014-109393,2019-06-30,2019-07-02,Second Class,JC-15775,John Castell,Consumer,Los Angeles,California,90032,FUR-BO-10003966,Furniture,Bookcases,"Sauder Facets Collection Library, Sky Alder Finish",435.999,3,0.15,5.1293999999999755
US-2014-113201,2019-06-30,2019-07-05,Standard Class,TT-21220,Thomas Thornton,Consumer,Los Angeles,California,90045,OFF-PA-10000675,Office Supplies,Paper,Xerox 1919,204.95000000000002,5,0.0,100.4255
CA-2014-140053,2019-07-03,2019-07-10,Standard Class,CA-12265,Christina Anderson,Consumer,Farmington,New Mexico,87401,FUR-FU-10003708,Furniture,Furnishings,"Tenex Traditional Chairmats for Medium Pile Carpet, Standard Lip, 36"" x 48""",545.85,9,0.0,114.6285
CA-2014-168109,2019-07-03,2019-07-03,Same Day,JK-15640,Jim Kriz,Home Office,Seattle,Washington,98105,TEC-AC-10003628,Technology,Accessories,Logitech 910-002974 M325 Wireless Mouse for Web Scrolling,59.98,2,0.0,26.391200000000005
CA-2014-168109,2019-07-03,2019-07-03,Same Day,JK-15640,Jim Kriz,Home Office,Seattle,Washington,98105,TEC-MA-10001148,Technology,Machines,Okidata MB491 Multifunction Printer,2395.2000000000003,6,0.2,209.58000000000004
CA-2014-168109,2019-07-03,2019-07-03,Same Day,JK-15640,Jim Kriz,Home Office,Seattle,Washington,98105,TEC-AC-10002049,Technology,Accessories,Plantronics Savi W720 Multi-Device Wireless Headset System,1687.8,4,0.0,742.6320000000001
CA-2014-168109,2019-07-03,2019-07-03,Same Day,JK-15640,Jim Kriz,Home Office,Seattle,Washington,98105,TEC-PH-10000702,Technology,Phones,"Square Credit Card Reader, 4 1/2"" x 4 1/2"" x 1"", White",7.992000000000001,1,0.2,2.6972999999999994
CA-2014-169124,2019-07-03,2019-07-10,Standard Class,MB-17305,Maria Bertelson,Consumer,Citrus Heights,California,95610,FUR-FU-10001215,Furniture,Furnishings,"Howard Miller 11-1/2"" Diameter Brentwood Wall Clock",129.39000000000001,3,0.0,54.34380000000001
CA-2014-139437,2019-07-03,2019-07-08,Standard Class,RD-19585,Rob Dowd,Consumer,Los Angeles,California,90004,OFF-ST-10002485,Office Supplies,Storage,Rogers Deluxe File Chest,87.92,4,0.0,0.8791999999999973
US-2014-101784,2019-07-06,2019-07-11,Standard Class,PO-18850,Patrick O'Brill,Consumer,Los Angeles,California,90008,FUR-CH-10001146,Furniture,Chairs,"Global Task Chair, Black",122.13600000000001,3,0.2,-13.740299999999994
CA-2014-106824,2019-07-07,2019-07-11,Standard Class,AT-10735,Annie Thurman,Consumer,Los Angeles,California,90049,OFF-FA-10001135,Office Supplies,Fasteners,"Brites Rubber Bands, 1 1/2 oz. Box",5.9399999999999995,3,0.0,0.11880000000000024
CA-2014-133249,2019-07-08,2019-07-11,First Class,SZ-20035,Sam Zeldin,Home Office,Pico Rivera,California,90660,FUR-FU-10001588,Furniture,Furnishings,"Deflect-o SuperTray Unbreakable Stackable Tray, Letter, Black",145.9,5,0.0,62.736999999999995
CA-2014-108560,2019-07-08,2019-07-15,Standard Class,JC-15385,Jenna Caffey,Consumer,Kent,Washington,98031,FUR-FU-10002937,Furniture,Furnishings,"GE 48"" Fluorescent Tube, Cool White Energy Saver, 34 Watts, 30/Box",198.46,2,0.0,99.23
CA-2014-108560,2019-07-08,2019-07-15,Standard Class,JC-15385,Jenna Caffey,Consumer,Kent,Washington,98031,OFF-LA-10003930,Office Supplies,Labels,"Dot Matrix Printer Tape Reel Labels, White, 5000/Box",786.48,8,0.0,385.3752
CA-2014-108560,2019-07-08,2019-07-15,Standard Class,JC-15385,Jenna Caffey,Consumer,Kent,Washington,98031,OFF-BI-10001107,Office Supplies,Binders,"GBC White Gloss Covers, Plain Front",23.168000000000003,2,0.2,7.8191999999999995
CA-2014-108560,2019-07-08,2019-07-15,Standard Class,JC-15385,Jenna Caffey,Consumer,Kent,Washington,98031,TEC-AC-10003063,Technology,Accessories,Micro Innovations USB RF Wireless Keyboard with Mouse,50.0,2,0.0,10.5
CA-2014-150189,2019-07-08,2019-07-10,First Class,VG-21790,Vivek Gonzalez,Consumer,San Mateo,California,94403,OFF-LA-10002762,Office Supplies,Labels,Avery 485,75.17999999999999,6,0.0,35.334599999999995
CA-2014-138464,2019-07-08,2019-07-12,Standard Class,VF-21715,Vicky Freymann,Home Office,Seattle,Washington,98115,FUR-FU-10003142,Furniture,Furnishings,"Master Big Foot Doorstop, Beige",15.84,3,0.0,4.910399999999999
CA-2014-138464,2019-07-08,2019-07-12,Standard Class,VF-21715,Vicky Freymann,Home Office,Seattle,Washington,98115,OFF-BI-10001543,Office Supplies,Binders,GBC VeloBinder Manual Binding System,86.376,3,0.2,30.231600000000007
CA-2014-138464,2019-07-08,2019-07-12,Standard Class,VF-21715,Vicky Freymann,Home Office,Seattle,Washington,98115,OFF-AR-10003560,Office Supplies,Art,Zebra Zazzle Fluorescent Highlighters,18.240000000000002,3,0.0,6.201599999999999
CA-2014-138464,2019-07-08,2019-07-12,Standard Class,VF-21715,Vicky Freymann,Home Office,Seattle,Washington,98115,OFF-AR-10004757,Office Supplies,Art,Crayola Colored Pencils,13.12,4,0.0,4.329599999999999
CA-2014-111759,2019-07-08,2019-07-12,Standard Class,MR-17545,Mathew Reese,Home Office,Seattle,Washington,98103,OFF-PA-10003127,Office Supplies,Paper,Easy-staple paper,52.76,2,0.0,24.269599999999997
US-2014-100209,2019-07-09,2019-07-15,Standard Class,TD-20995,Tamara Dahlen,Consumer,Portland,Oregon,97206,OFF-BI-10002012,Office Supplies,Binders,Wilson Jones Easy Flow II Sheet Lifters,1.0800000000000003,2,0.7,-0.792
CA-2014-164959,2019-07-11,2019-07-15,Standard Class,KN-16390,Katherine Nockton,Corporate,Los Angeles,California,90004,OFF-LA-10004272,Office Supplies,Labels,Avery 482,8.67,3,0.0,4.0749
CA-2014-162012,2019-07-11,2019-07-18,Standard Class,KB-16240,Karen Bern,Corporate,Los Angeles,California,90049,TEC-AC-10003832,Technology,Accessories,Logitech P710e Mobile Speakerphone,1287.45,5,0.0,244.61549999999988
CA-2014-162012,2019-07-11,2019-07-18,Standard Class,KB-16240,Karen Bern,Corporate,Los Angeles,California,90049,OFF-AP-10003040,Office Supplies,Appliances,Fellowes 8 Outlet Superior Workstation Surge Protector w/o Phone/Fax/Modem Protection,168.1,5,0.0,43.705999999999996
CA-2014-136623,2019-07-11,2019-07-16,Standard Class,TS-21430,Tom Stivers,Corporate,San Diego,California,92105,TEC-PH-10000004,Technology,Phones,Belkin iPhone and iPad Lightning Cable,71.952,6,0.2,5.396399999999996
CA-2014-136623,2019-07-11,2019-07-16,Standard Class,TS-21430,Tom Stivers,Corporate,San Diego,California,92105,OFF-BI-10003708,Office Supplies,Binders,"Acco Four Pocket Poly Ring Binder with Label Holder, Smoke, 1""",29.800000000000004,5,0.2,9.312499999999998
CA-2014-121048,2019-07-14,2019-07-18,Standard Class,TC-21295,Toby Carlisle,Consumer,Westminster,California,92683,OFF-BI-10004022,Office Supplies,Binders,Acco Suede Grain Vinyl Round Ring Binder,4.4479999999999995,2,0.2,1.4455999999999996
CA-2014-121048,2019-07-14,2019-07-18,Standard Class,TC-21295,Toby Carlisle,Consumer,Westminster,California,92683,FUR-FU-10003601,Furniture,Furnishings,"Deflect-o RollaMat Studded, Beveled Mat for Medium Pile Carpeting",276.69,3,0.0,49.804199999999994
CA-2014-121048,2019-07-14,2019-07-18,Standard Class,TC-21295,Toby Carlisle,Consumer,Westminster,California,92683,OFF-FA-10000490,Office Supplies,Fasteners,"OIC Binder Clips, Mini, 1/4"" Capacity, Black",4.96,4,0.0,2.3312
CA-2014-121048,2019-07-14,2019-07-18,Standard Class,TC-21295,Toby Carlisle,Consumer,Westminster,California,92683,OFF-AR-10004042,Office Supplies,Art,"BOSTON Model 1800 Electric Pencil Sharpeners, Putty/Woodgrain",71.92,4,0.0,20.856799999999993
CA-2014-121048,2019-07-14,2019-07-18,Standard Class,TC-21295,Toby Carlisle,Consumer,Westminster,California,92683,FUR-FU-10002960,Furniture,Furnishings,"Eldon 200 Class Desk Accessories, Burgundy",18.84,3,0.0,7.912800000000001
CA-2014-121048,2019-07-14,2019-07-18,Standard Class,TC-21295,Toby Carlisle,Consumer,Westminster,California,92683,TEC-AC-10000991,Technology,Accessories,Sony Micro Vault Click 8 GB USB 2.0 Flash Drive,140.97,3,0.0,19.735800000000005
CA-2014-121048,2019-07-14,2019-07-18,Standard Class,TC-21295,Toby Carlisle,Consumer,Westminster,California,92683,TEC-PH-10004977,Technology,Phones,GE 30524EE4,470.3760000000001,3,0.2,52.917299999999955
CA-2014-126662,2019-07-17,2019-07-21,Standard Class,AB-10255,Alejandro Ballentine,Home Office,Los Angeles,California,90036,TEC-CO-10004202,Technology,Copiers,Brother DCP1000 Digital 3 in 1 Multifunction Machine,479.98400000000004,2,0.2,89.99699999999999
CA-2014-142342,2019-07-17,2019-07-19,Second Class,AJ-10795,Anthony Johnson,Corporate,Apple Valley,California,92307,OFF-PA-10004609,Office Supplies,Paper,Xerox 221,32.400000000000006,5,0.0,15.552000000000001
CA-2014-142342,2019-07-17,2019-07-19,Second Class,AJ-10795,Anthony Johnson,Corporate,Apple Valley,California,92307,OFF-EN-10002592,Office Supplies,Envelopes,"Peel & Seel Recycled Catalog Envelopes, Brown",57.9,5,0.0,28.95
CA-2014-142342,2019-07-17,2019-07-19,Second Class,AJ-10795,Anthony Johnson,Corporate,Apple Valley,California,92307,OFF-ST-10002957,Office Supplies,Storage,Sterilite Show Offs Storage Containers,10.56,2,0.0,0.0
CA-2014-142342,2019-07-17,2019-07-19,Second Class,AJ-10795,Anthony Johnson,Corporate,Apple Valley,California,92307,FUR-BO-10002613,Furniture,Bookcases,"Atlantic Metals Mobile 4-Shelf Bookcases, Custom Colors",1194.165,5,0.15,210.73499999999993
US-2014-142573,2019-07-18,2019-07-23,Standard Class,ML-17410,Maris LaWare,Consumer,Phoenix,Arizona,85023,FUR-TA-10001932,Furniture,Tables,"Chromcraft 48"" x 96"" Racetrack Double Pedestal Table",801.5999999999999,5,0.5,-448.89599999999996
US-2014-142573,2019-07-18,2019-07-23,Standard Class,ML-17410,Maris LaWare,Consumer,Phoenix,Arizona,85023,FUR-CH-10004218,Furniture,Chairs,"Global Fabric Manager's Chair, Dark Gray",161.568,2,0.2,10.098000000000006
US-2014-142573,2019-07-18,2019-07-23,Standard Class,ML-17410,Maris LaWare,Consumer,Phoenix,Arizona,85023,OFF-PA-10000246,Office Supplies,Paper,Riverleaf Stik-Withit Designer Note Cubes,16.096,2,0.2,5.2312
US-2014-142573,2019-07-18,2019-07-23,Standard Class,ML-17410,Maris LaWare,Consumer,Phoenix,Arizona,85023,OFF-BI-10003350,Office Supplies,Binders,Acco Expandable Hanging Binders,7.656000000000001,4,0.7,-6.124799999999999
US-2014-142573,2019-07-18,2019-07-23,Standard Class,ML-17410,Maris LaWare,Consumer,Phoenix,Arizona,85023,FUR-CH-10000513,Furniture,Chairs,High-Back Leather Manager's Chair,311.97600000000006,3,0.2,-42.89670000000001
US-2014-158505,2019-07-21,2019-07-21,Same Day,SF-20200,Sarah Foster,Consumer,Murray,Utah,84107,TEC-PH-10004071,Technology,Phones,PayAnywhere Card Reader,71.92800000000001,9,0.2,6.293699999999998
US-2014-158505,2019-07-21,2019-07-21,Same Day,SF-20200,Sarah Foster,Consumer,Murray,Utah,84107,OFF-AR-10001044,Office Supplies,Art,"BOSTON Ranger #55 Pencil Sharpener, Black",25.99,1,0.0,7.537099999999999
CA-2014-145429,2019-07-21,2019-07-25,Standard Class,SW-20455,Shaun Weien,Consumer,San Diego,California,92024,OFF-PA-10003205,Office Supplies,Paper,"Wirebound Message Forms, Four 2 3/4 x 5 Forms per Page, Pink Paper",16.34,2,0.0,7.6798
CA-2014-145429,2019-07-21,2019-07-25,Standard Class,SW-20455,Shaun Weien,Consumer,San Diego,California,92024,FUR-CH-10000988,Furniture,Chairs,Hon Olson Stacker Stools,225.29600000000002,2,0.2,22.529599999999995
CA-2014-145429,2019-07-21,2019-07-25,Standard Class,SW-20455,Shaun Weien,Consumer,San Diego,California,92024,OFF-BI-10001524,Office Supplies,Binders,GBC Premium Transparent Covers with Diagonal Lined Pattern,50.352000000000004,3,0.2,17.623199999999997
CA-2014-118724,2019-07-21,2019-07-25,Second Class,AR-10825,Anthony Rawles,Corporate,Concord,California,94521,OFF-AR-10003469,Office Supplies,Art,Nontoxic Chalk,3.52,2,0.0,1.6896
CA-2014-118724,2019-07-21,2019-07-25,Second Class,AR-10825,Anthony Rawles,Corporate,Concord,California,94521,TEC-PH-10002549,Technology,Phones,Polycom SoundPoint IP 450 VoIP phone,1626.1920000000002,9,0.2,121.96440000000001
CA-2014-133718,2019-07-23,2019-07-26,First Class,TB-21520,Tracy Blumstein,Consumer,Los Angeles,California,90045,OFF-BI-10003429,Office Supplies,Binders,"Cardinal HOLDit! Binder Insert Strips,Extra Strips",15.192,3,0.2,5.507099999999999
CA-2014-133718,2019-07-23,2019-07-26,First Class,TB-21520,Tracy Blumstein,Consumer,Los Angeles,California,90045,OFF-PA-10002689,Office Supplies,Paper,Weyerhaeuser First Choice Laser/Copy Paper (20Lb. and 88 Bright),58.32000000000001,9,0.0,27.9936
US-2014-135013,2019-07-24,2019-07-24,Same Day,HR-14830,Harold Ryan,Corporate,Huntington Beach,California,92646,TEC-CO-10001449,Technology,Copiers,Hewlett Packard LaserJet 3310 Copier,2399.96,5,0.2,839.9860000000001
US-2014-167318,2019-07-26,2019-08-01,Standard Class,GZ-14545,George Zrebassa,Corporate,Los Angeles,California,90036,TEC-AC-10003870,Technology,Accessories,Logitech Z-906 Speaker sys - home theater - 5.1-CH,1649.95,5,0.0,659.98
US-2014-167318,2019-07-26,2019-08-01,Standard Class,GZ-14545,George Zrebassa,Corporate,Los Angeles,California,90036,FUR-CH-10000665,Furniture,Chairs,"Global Airflow Leather Mesh Back Chair, Black",362.352,3,0.2,45.293999999999954
CA-2014-133046,2019-07-27,2019-08-01,Second Class,DK-13375,Dennis Kane,Consumer,Seattle,Washington,98115,FUR-FU-10001940,Furniture,Furnishings,Staple-based wall hangings,23.88,3,0.0,10.507200000000001
CA-2014-133046,2019-07-27,2019-08-01,Second Class,DK-13375,Dennis Kane,Consumer,Seattle,Washington,98115,OFF-PA-10003883,Office Supplies,Paper,"Message Book, Phone, Wirebound Standard Line Memo, 2 3/4"" X 5""",26.2,4,0.0,12.052
CA-2014-133046,2019-07-27,2019-08-01,Second Class,DK-13375,Dennis Kane,Consumer,Seattle,Washington,98115,OFF-PA-10002787,Office Supplies,Paper,Xerox 227,12.96,2,0.0,6.2208000000000006
CA-2014-133046,2019-07-27,2019-08-01,Second Class,DK-13375,Dennis Kane,Consumer,Seattle,Washington,98115,TEC-AC-10000991,Technology,Accessories,Sony Micro Vault Click 8 GB USB 2.0 Flash Drive,234.95000000000002,5,0.0,32.89300000000001
CA-2014-130841,2019-07-28,2019-08-01,Standard Class,MH-17620,Matt Hagelstein,Corporate,San Francisco,California,94110,OFF-BI-10000145,Office Supplies,Binders,Zipper Ring Binder Pockets,9.984000000000002,4,0.2,3.6191999999999993
CA-2014-130841,2019-07-28,2019-08-01,Standard Class,MH-17620,Matt Hagelstein,Corporate,San Francisco,California,94110,OFF-ST-10001580,Office Supplies,Storage,Super Decoflex Portable Personal File,14.98,1,0.0,4.1944
CA-2014-130841,2019-07-28,2019-08-01,Standard Class,MH-17620,Matt Hagelstein,Corporate,San Francisco,California,94110,TEC-PH-10001817,Technology,Phones,Wilson Electronics DB Pro Signal Booster,1145.6000000000001,4,0.2,100.24000000000007
US-2014-113852,2019-07-29,2019-08-02,Standard Class,GW-14605,Giulietta Weimer,Consumer,Seattle,Washington,98115,TEC-AC-10003027,Technology,Accessories,Imation 8GB Mini TravelDrive USB 2.0 Flash Drive,90.57000000000001,3,0.0,11.774100000000004
US-2014-115301,2019-07-29,2019-08-02,Standard Class,VG-21790,Vivek Gonzalez,Consumer,Seattle,Washington,98103,FUR-BO-10004709,Furniture,Bookcases,"Bush Westfield Collection Bookcases, Medium Cherry Finish",115.96,2,0.0,25.511200000000002
CA-2014-167913,2019-07-30,2019-08-03,Second Class,JL-15835,John Lee,Consumer,Mission Viejo,California,92691,OFF-ST-10000585,Office Supplies,Storage,Economy Rollaway Files,330.4,2,0.0,85.904
CA-2014-167913,2019-07-30,2019-08-03,Second Class,JL-15835,John Lee,Consumer,Mission Viejo,California,92691,OFF-LA-10002787,Office Supplies,Labels,Avery 480,26.25,7,0.0,12.599999999999998
CA-2014-161102,2019-07-31,2019-08-03,First Class,EC-14050,Erin Creighton,Consumer,San Francisco,California,94110,OFF-ST-10003442,Office Supplies,Storage,Eldon Portable Mobile Manager,56.56,2,0.0,15.2712
CA-2014-161102,2019-07-31,2019-08-03,First Class,EC-14050,Erin Creighton,Consumer,San Francisco,California,94110,FUR-FU-10003142,Furniture,Furnishings,"Master Big Foot Doorstop, Beige",36.96,7,0.0,11.457599999999998
CA-2014-124576,2019-08-01,2019-08-04,Second Class,HK-14890,Heather Kirkland,Corporate,Salinas,California,93905,OFF-BI-10002735,Office Supplies,Binders,GBC Prestige Therm-A-Bind Covers,54.89600000000001,2,0.2,18.5274
CA-2014-168942,2019-08-01,2019-08-05,Second Class,EM-13960,Eric Murdock,Consumer,San Francisco,California,94109,OFF-ST-10004340,Office Supplies,Storage,"Fellowes Mobile File Cart, Black",186.54,3,0.0,50.36580000000001
CA-2014-168396,2019-08-03,2019-08-08,Second Class,BD-11725,Bruce Degenhardt,Consumer,San Francisco,California,94122,OFF-LA-10001297,Office Supplies,Labels,Avery 473,51.75,5,0.0,24.84
CA-2014-168396,2019-08-03,2019-08-08,Second Class,BD-11725,Bruce Degenhardt,Consumer,San Francisco,California,94122,FUR-FU-10000723,Furniture,Furnishings,"Deflect-o EconoMat Studded, No Bevel Mat for Low Pile Carpeting",123.96000000000001,3,0.0,11.156400000000005
US-2014-143175,2019-08-03,2019-08-06,Second Class,GA-14515,George Ashbrook,Consumer,Los Angeles,California,90004,OFF-ST-10003123,Office Supplies,Storage,Fellowes Bases and Tops For Staxonsteel/High-Stak Systems,99.87,3,0.0,23.968799999999998
CA-2014-141747,2019-08-03,2019-08-08,Second Class,SC-20230,Scot Coram,Corporate,Seattle,Washington,98105,OFF-ST-10003996,Office Supplies,Storage,"Letter/Legal File Tote with Clear Snap-On Lid, Black Granite",16.06,1,0.0,4.175599999999999
CA-2014-132738,2019-08-04,2019-08-07,First Class,HM-14860,Harry Marie,Corporate,Loveland,Colorado,80538,OFF-PA-10001752,Office Supplies,Paper,Hammermill CopyPlus Copy Paper (20Lb. and 84 Bright),7.968000000000001,2,0.2,2.8884000000000007
CA-2014-132738,2019-08-04,2019-08-07,First Class,HM-14860,Harry Marie,Corporate,Loveland,Colorado,80538,OFF-EN-10001141,Office Supplies,Envelopes,"Manila Recycled Extra-Heavyweight Clasp Envelopes, 6"" x 9""",8.784,1,0.2,3.1842
US-2014-155999,2019-08-07,2019-08-13,Standard Class,JK-15370,Jay Kimmel,Consumer,San Diego,California,92105,TEC-PH-10000439,Technology,Phones,GE DSL Phone Line Filter,159.96000000000004,5,0.2,17.99549999999998
US-2014-155999,2019-08-07,2019-08-13,Standard Class,JK-15370,Jay Kimmel,Consumer,San Diego,California,92105,OFF-BI-10000404,Office Supplies,Binders,Avery Printable Repositionable Plastic Tabs,13.76,2,0.2,4.644
CA-2014-115175,2019-08-07,2019-08-12,Standard Class,MC-17575,Matt Collins,Consumer,San Jose,California,95123,OFF-PA-10001878,Office Supplies,Paper,Xerox 1891,244.54999999999998,5,0.0,114.93849999999998
CA-2014-156776,2019-08-07,2019-08-11,Standard Class,JL-15505,Jeremy Lonsdale,Consumer,Westminster,California,92683,TEC-PH-10002415,Technology,Phones,Polycom VoiceStation 500 Conference phone,707.88,3,0.2,44.242500000000035
CA-2014-156776,2019-08-07,2019-08-11,Standard Class,JL-15505,Jeremy Lonsdale,Consumer,Westminster,California,92683,OFF-BI-10003355,Office Supplies,Binders,Cardinal Holdit Business Card Pockets,11.952000000000002,3,0.2,4.1832
CA-2014-156776,2019-08-07,2019-08-11,Standard Class,JL-15505,Jeremy Lonsdale,Consumer,Westminster,California,92683,OFF-BI-10000216,Office Supplies,Binders,"Mead 1st Gear 2"" Zipper Binder, Asst. Colors",31.128000000000004,3,0.2,11.673000000000002
CA-2014-156776,2019-08-07,2019-08-11,Standard Class,JL-15505,Jeremy Lonsdale,Consumer,Westminster,California,92683,TEC-AC-10004803,Technology,Accessories,Sony Micro Vault Click 4 GB USB 2.0 Flash Drive,55.76,4,0.0,7.806400000000004
CA-2014-156776,2019-08-07,2019-08-11,Standard Class,JL-15505,Jeremy Lonsdale,Consumer,Westminster,California,92683,OFF-PA-10001970,Office Supplies,Paper,Xerox 1881,24.56,2,0.0,11.543199999999999
CA-2014-156776,2019-08-07,2019-08-11,Standard Class,JL-15505,Jeremy Lonsdale,Consumer,Westminster,California,92683,FUR-FU-10004848,Furniture,Furnishings,"Howard Miller 13-3/4"" Diameter Brushed Chrome Round Wall Clock",51.75,1,0.0,15.524999999999999
CA-2014-156776,2019-08-07,2019-08-11,Standard Class,JL-15505,Jeremy Lonsdale,Consumer,Westminster,California,92683,FUR-CH-10002317,Furniture,Chairs,Global Enterprise Series Seating Low-Back Swivel/Tilt Chairs,207.18400000000003,1,0.2,25.897999999999982
CA-2014-156776,2019-08-07,2019-08-11,Standard Class,JL-15505,Jeremy Lonsdale,Consumer,Westminster,California,92683,OFF-AP-10002534,Office Supplies,Appliances,3.6 Cubic Foot Counter Height Office Refrigerator,1473.1,5,0.0,412.4680000000001
CA-2014-158169,2019-08-12,2019-08-15,First Class,JM-16195,Justin MacKendrick,Consumer,Lake Forest,California,92630,OFF-AP-10000828,Office Supplies,Appliances,Avanti 4.4 Cu. Ft. Refrigerator,542.9399999999999,3,0.0,152.02319999999997
CA-2014-158169,2019-08-12,2019-08-15,First Class,JM-16195,Justin MacKendrick,Consumer,Lake Forest,California,92630,FUR-FU-10001473,Furniture,Furnishings,DAX Wood Document Frame,54.92,4,0.0,19.7712
CA-2014-152310,2019-08-12,2019-08-19,Standard Class,DK-12895,Dana Kaydos,Consumer,Seattle,Washington,98103,TEC-CO-10000971,Technology,Copiers,Hewlett Packard 310 Color Digital Copier,299.99,1,0.0,89.99699999999999
CA-2014-152310,2019-08-12,2019-08-19,Standard Class,DK-12895,Dana Kaydos,Consumer,Seattle,Washington,98103,OFF-PA-10003134,Office Supplies,Paper,Xerox 1937,192.16,4,0.0,92.23679999999999
CA-2014-152310,2019-08-12,2019-08-19,Standard Class,DK-12895,Dana Kaydos,Consumer,Seattle,Washington,98103,TEC-PH-10002538,Technology,Phones,Grandstream GXP1160 VoIP phone,242.624,8,0.2,27.295199999999973
CA-2014-152310,2019-08-12,2019-08-19,Standard Class,DK-12895,Dana Kaydos,Consumer,Seattle,Washington,98103,OFF-ST-10001228,Office Supplies,Storage,Personal File Boxes with Fold-Down Carry Handle,46.74,3,0.0,11.684999999999999
CA-2014-152310,2019-08-12,2019-08-19,Standard Class,DK-12895,Dana Kaydos,Consumer,Seattle,Washington,98103,TEC-AC-10000397,Technology,Accessories,"Perixx PERIBOARD-512B, Ergonomic Split Keyboard",174.95000000000002,5,0.0,12.246500000000005
CA-2014-152310,2019-08-12,2019-08-19,Standard Class,DK-12895,Dana Kaydos,Consumer,Seattle,Washington,98103,OFF-BI-10004308,Office Supplies,Binders,Avery Legal 4-Ring Binder,100.70400000000001,6,0.2,37.763999999999996
US-2014-103828,2019-08-13,2019-08-13,Same Day,JK-15370,Jay Kimmel,Consumer,San Francisco,California,94122,OFF-ST-10001325,Office Supplies,Storage,Sterilite Officeware Hinged File Box,31.44,3,0.0,8.488800000000001
US-2014-103828,2019-08-13,2019-08-13,Same Day,JK-15370,Jay Kimmel,Consumer,San Francisco,California,94122,OFF-AP-10004249,Office Supplies,Appliances,Staple holder,83.79,7,0.0,22.623299999999997
US-2014-103828,2019-08-13,2019-08-13,Same Day,JK-15370,Jay Kimmel,Consumer,San Francisco,California,94122,OFF-AR-10000588,Office Supplies,Art,Newell 345,59.519999999999996,3,0.0,15.475200000000001
US-2014-103828,2019-08-13,2019-08-13,Same Day,JK-15370,Jay Kimmel,Consumer,San Francisco,California,94122,OFF-SU-10000946,Office Supplies,Supplies,Staple remover,31.92,4,0.0,9.256799999999998
CA-2014-100580,2019-08-13,2019-08-20,Standard Class,MK-17905,Michael Kennedy,Corporate,San Diego,California,92037,OFF-BI-10000069,Office Supplies,Binders,"GBC Prepunched Paper, 19-Hole, for Binding Systems, 24-lb",36.024,3,0.2,11.707799999999995
CA-2014-169264,2019-08-14,2019-08-16,Second Class,NP-18700,Nora Preis,Consumer,San Francisco,California,94109,OFF-LA-10001613,Office Supplies,Labels,Avery File Folder Labels,5.76,2,0.0,2.8224
CA-2014-169264,2019-08-14,2019-08-16,Second Class,NP-18700,Nora Preis,Consumer,San Francisco,California,94109,OFF-AR-10000246,Office Supplies,Art,Newell 318,16.68,6,0.0,4.336799999999999
CA-2014-105921,2019-08-14,2019-08-21,Standard Class,JM-15250,Janet Martin,Consumer,Los Angeles,California,90032,FUR-TA-10001095,Furniture,Tables,Chromcraft Round Conference Tables,418.29599999999994,3,0.2,5.2287000000000035
CA-2014-166093,2019-08-17,2019-08-24,Standard Class,RW-19540,Rick Wilson,Corporate,Brentwood,California,94513,OFF-EN-10003134,Office Supplies,Envelopes,Staple envelope,23.36,2,0.0,11.68
CA-2014-166093,2019-08-17,2019-08-24,Standard Class,RW-19540,Rick Wilson,Corporate,Brentwood,California,94513,TEC-PH-10002564,Technology,Phones,OtterBox Defender Series Case - Samsung Galaxy S4,71.976,3,0.2,8.99699999999999
CA-2014-166093,2019-08-17,2019-08-24,Standard Class,RW-19540,Rick Wilson,Corporate,Brentwood,California,94513,OFF-PA-10003893,Office Supplies,Paper,Xerox 1962,8.56,2,0.0,3.8519999999999994
CA-2014-166093,2019-08-17,2019-08-24,Standard Class,RW-19540,Rick Wilson,Corporate,Brentwood,California,94513,OFF-BI-10000174,Office Supplies,Binders,"Wilson Jones Clip & Carry Folder Binder Tool for Ring Binders, Clear",13.919999999999998,3,0.2,4.872000000000001
CA-2014-166093,2019-08-17,2019-08-24,Standard Class,RW-19540,Rick Wilson,Corporate,Brentwood,California,94513,OFF-AP-10001058,Office Supplies,Appliances,Sanyo 2.5 Cubic Foot Mid-Size Office Refrigerators,2518.29,9,0.0,654.7553999999999
CA-2014-166093,2019-08-17,2019-08-24,Standard Class,RW-19540,Rick Wilson,Corporate,Brentwood,California,94513,OFF-ST-10001496,Office Supplies,Storage,Standard Rollaway File with Lock,540.5699999999999,3,0.0,140.5482
CA-2014-166093,2019-08-17,2019-08-24,Standard Class,RW-19540,Rick Wilson,Corporate,Brentwood,California,94513,OFF-BI-10004230,Office Supplies,Binders,GBC Recycled Grain Textured Covers,221.056,8,0.2,77.36959999999999
CA-2014-151358,2019-08-18,2019-08-22,Standard Class,NF-18595,Nicole Fjeld,Home Office,Seattle,Washington,98105,OFF-ST-10000046,Office Supplies,Storage,Fellowes Super Stor/Drawer Files,323.1,2,0.0,61.38900000000001
CA-2014-121027,2019-08-18,2019-08-22,Standard Class,HW-14935,Helen Wasserman,Corporate,Seattle,Washington,98105,TEC-AC-10002049,Technology,Accessories,Plantronics Savi W720 Multi-Device Wireless Headset System,843.9,2,0.0,371.31600000000003
CA-2014-121027,2019-08-18,2019-08-22,Standard Class,HW-14935,Helen Wasserman,Corporate,Seattle,Washington,98105,TEC-AC-10002253,Technology,Accessories,Imation Bio 8GB USB Flash Drive Imation Corp,1496.16,9,0.0,224.42400000000006
CA-2014-119809,2019-08-18,2019-08-25,Standard Class,YS-21880,Yana Sorensen,Corporate,Seattle,Washington,98103,OFF-BI-10003925,Office Supplies,Binders,Fellowes PB300 Plastic Comb Binding Machine,2793.5280000000002,9,0.2,942.8156999999999
CA-2014-119809,2019-08-18,2019-08-25,Standard Class,YS-21880,Yana Sorensen,Corporate,Seattle,Washington,98103,OFF-ST-10003306,Office Supplies,Storage,Letter Size Cart,1000.0200000000001,7,0.0,290.0057999999999
CA-2014-119809,2019-08-18,2019-08-25,Standard Class,YS-21880,Yana Sorensen,Corporate,Seattle,Washington,98103,FUR-FU-10001475,Furniture,Furnishings,"Contract Clock, 14"", Brown",65.94,3,0.0,22.419600000000003
US-2014-100398,2019-08-19,2019-08-23,Standard Class,DO-13435,Denny Ordway,Consumer,Salt Lake City,Utah,84106,OFF-BI-10002133,Office Supplies,Binders,"Wilson Jones Elliptical Ring 3 1/2"" Capacity Binders, 800 sheets",102.72,3,0.2,37.236
US-2014-111241,2019-08-20,2019-08-22,Second Class,GM-14500,Gene McClure,Consumer,Fresno,California,93727,OFF-BI-10002867,Office Supplies,Binders,GBC Recycled Regency Composition Covers,239.12000000000003,5,0.2,77.71399999999997
CA-2014-119011,2019-08-20,2019-08-25,Standard Class,LR-17035,Lisa Ryan,Corporate,San Francisco,California,94109,OFF-SU-10004768,Office Supplies,Supplies,Acme Kleencut Forged Steel Scissors,17.22,3,0.0,5.165999999999999
CA-2014-119011,2019-08-20,2019-08-25,Standard Class,LR-17035,Lisa Ryan,Corporate,San Francisco,California,94109,OFF-ST-10000777,Office Supplies,Storage,"Companion Letter/Legal File, Black",226.56,6,0.0,63.436800000000005
CA-2014-119011,2019-08-20,2019-08-25,Standard Class,LR-17035,Lisa Ryan,Corporate,San Francisco,California,94109,TEC-PH-10003171,Technology,Phones,Plantronics Encore H101 Dual Earpieces Headset,107.88,3,0.2,10.787999999999997
CA-2014-105326,2019-08-20,2019-08-27,Standard Class,KT-16480,Kean Thornton,Consumer,Los Angeles,California,90036,OFF-PA-10001639,Office Supplies,Paper,Xerox 203,25.92,4,0.0,12.441600000000001
US-2014-109253,2019-08-21,2019-08-22,First Class,PR-18880,Patrick Ryan,Consumer,Oakland,California,94601,OFF-AR-10000203,Office Supplies,Art,Newell 336,17.12,4,0.0,4.9647999999999985
US-2014-109253,2019-08-21,2019-08-22,First Class,PR-18880,Patrick Ryan,Consumer,Oakland,California,94601,TEC-PH-10004667,Technology,Phones,Cisco 8x8 Inc. 6753i IP Business Phone System,431.9680000000001,4,0.2,37.797199999999975
US-2014-109253,2019-08-21,2019-08-22,First Class,PR-18880,Patrick Ryan,Consumer,Oakland,California,94601,FUR-FU-10000193,Furniture,Furnishings,Tenex Chairmats For Use with Hard Floors,129.92,4,0.0,10.393599999999992
US-2014-109253,2019-08-21,2019-08-22,First Class,PR-18880,Patrick Ryan,Consumer,Oakland,California,94601,FUR-TA-10001539,Furniture,Tables,Chromcraft Rectangular Conference Tables,568.7280000000001,3,0.2,28.436399999999935
US-2014-109253,2019-08-21,2019-08-22,First Class,PR-18880,Patrick Ryan,Consumer,Oakland,California,94601,OFF-BI-10000962,Office Supplies,Binders,"Acco Flexible ACCOHIDE Square Ring Data Binder, Dark Blue, 11 1/2"" X 14"" 7/8""",117.144,9,0.2,42.46469999999999
US-2014-109253,2019-08-21,2019-08-22,First Class,PR-18880,Patrick Ryan,Consumer,Oakland,California,94601,OFF-AP-10002867,Office Supplies,Appliances,Fellowes Command Center 5-outlet power strip,203.52,3,0.0,54.9504
US-2014-109253,2019-08-21,2019-08-22,First Class,PR-18880,Patrick Ryan,Consumer,Oakland,California,94601,OFF-LA-10001158,Office Supplies,Labels,"Avery Address/Shipping Labels for Typewriters, 4"" x 2""",51.75,5,0.0,24.84
CA-2014-144750,2019-08-21,2019-08-21,Same Day,DL-13495,Dionis Lloyd,Corporate,Chandler,Arizona,85224,OFF-PA-10003395,Office Supplies,Paper,Xerox 1941,83.88,1,0.2,29.357999999999997
CA-2014-121489,2019-08-21,2019-08-25,Second Class,CM-11815,Candace McMahon,Corporate,Seattle,Washington,98115,FUR-CH-10004698,Furniture,Chairs,"Padded Folding Chairs, Black, 4/Carton",388.70400000000006,6,0.2,38.87040000000002
CA-2014-121489,2019-08-21,2019-08-25,Second Class,CM-11815,Candace McMahon,Corporate,Seattle,Washington,98115,OFF-ST-10000025,Office Supplies,Storage,Fellowes Stor/Drawer Steel Plus Storage Drawers,572.58,6,0.0,34.354799999999955
CA-2014-121489,2019-08-21,2019-08-25,Second Class,CM-11815,Candace McMahon,Corporate,Seattle,Washington,98115,TEC-AC-10000682,Technology,Accessories,Kensington K72356US Mouse-in-a-Box USB Desktop Mouse,33.18,2,0.0,11.613
CA-2014-117646,2019-08-21,2019-08-25,Standard Class,SC-20845,Sung Chung,Consumer,Louisville,Colorado,80027,OFF-ST-10000036,Office Supplies,Storage,"Recycled Data-Pak for Archival Bound Computer Printouts, 12-1/2 x 12-1/2 x 16",237.09600000000003,3,0.2,20.745899999999985
CA-2014-117646,2019-08-21,2019-08-25,Standard Class,SC-20845,Sung Chung,Consumer,Louisville,Colorado,80027,FUR-FU-10001037,Furniture,Furnishings,"DAX Charcoal/Nickel-Tone Document Frame, 5 x 7",22.752000000000002,3,0.2,7.109999999999999
CA-2014-117646,2019-08-21,2019-08-25,Standard Class,SC-20845,Sung Chung,Consumer,Louisville,Colorado,80027,OFF-PA-10001950,Office Supplies,Paper,Southworth 25% Cotton Antique Laid Paper & Envelopes,6.672000000000001,1,0.2,2.084999999999999
CA-2014-131037,2019-08-22,2019-08-23,First Class,TM-21490,Tony Molinari,Consumer,San Francisco,California,94110,FUR-TA-10001768,Furniture,Tables,Hon Racetrack Conference Tables,210.008,1,0.2,2.625099999999982
CA-2014-161956,2019-08-27,2019-08-29,Second Class,DR-12880,Dan Reichenbach,Corporate,Inglewood,California,90301,FUR-FU-10002937,Furniture,Furnishings,"GE 48"" Fluorescent Tube, Cool White Energy Saver, 34 Watts, 30/Box",198.46,2,0.0,99.23
CA-2014-161956,2019-08-27,2019-08-29,Second Class,DR-12880,Dan Reichenbach,Corporate,Inglewood,California,90301,OFF-AP-10001242,Office Supplies,Appliances,APC 7 Outlet Network SurgeArrest Surge Protector,321.92,4,0.0,96.576
CA-2014-161956,2019-08-27,2019-08-29,Second Class,DR-12880,Dan Reichenbach,Corporate,Inglewood,California,90301,TEC-CO-10001571,Technology,Copiers,Sharp 1540cs Digital Laser Copier,879.984,2,0.2,329.994
CA-2014-161956,2019-08-27,2019-08-29,Second Class,DR-12880,Dan Reichenbach,Corporate,Inglewood,California,90301,OFF-SU-10002503,Office Supplies,Supplies,Acme Preferred Stainless Steel Scissors,28.4,5,0.0,8.235999999999999
CA-2014-161956,2019-08-27,2019-08-29,Second Class,DR-12880,Dan Reichenbach,Corporate,Inglewood,California,90301,FUR-CH-10004886,Furniture,Chairs,Bevis Steel Folding Chairs,230.28000000000003,3,0.2,23.02799999999999
CA-2014-161956,2019-08-27,2019-08-29,Second Class,DR-12880,Dan Reichenbach,Corporate,Inglewood,California,90301,OFF-PA-10001289,Office Supplies,Paper,White Computer Printout Paper by Universal,116.28,3,0.0,56.977199999999996
CA-2014-161956,2019-08-27,2019-08-29,Second Class,DR-12880,Dan Reichenbach,Corporate,Inglewood,California,90301,OFF-BI-10003650,Office Supplies,Binders,GBC DocuBind 300 Electric Binding Machine,841.5680000000001,2,0.2,294.5487999999999
CA-2014-161956,2019-08-27,2019-08-29,Second Class,DR-12880,Dan Reichenbach,Corporate,Inglewood,California,90301,OFF-ST-10001370,Office Supplies,Storage,Sensible Storage WireTech Storage Systems,354.90000000000003,5,0.0,17.744999999999962
CA-2014-163097,2019-08-27,2019-08-31,Standard Class,SF-20200,Sarah Foster,Consumer,Mesa,Arizona,85204,FUR-FU-10004973,Furniture,Furnishings,Flat Face Poster Frame,120.57600000000001,8,0.2,33.1584
CA-2014-126067,2019-08-28,2019-09-03,Standard Class,KN-16705,Kristina Nunn,Home Office,Seattle,Washington,98105,TEC-PH-10000912,Technology,Phones,Anker 24W Portable Micro USB Car Charger,35.168,4,0.2,11.429599999999999
CA-2014-126067,2019-08-28,2019-09-03,Standard Class,KN-16705,Kristina Nunn,Home Office,Seattle,Washington,98105,FUR-TA-10000617,Furniture,Tables,"Hon Practical Foundations 30 x 60 Training Table, Light Gray/Charcoal",1137.75,5,0.0,250.30500000000004
CA-2014-126067,2019-08-28,2019-09-03,Standard Class,KN-16705,Kristina Nunn,Home Office,Seattle,Washington,98105,OFF-BI-10001658,Office Supplies,Binders,GBC Standard Therm-A-Bind Covers,99.68000000000002,5,0.2,32.396
CA-2014-126067,2019-08-28,2019-09-03,Standard Class,KN-16705,Kristina Nunn,Home Office,Seattle,Washington,98105,OFF-AR-10003856,Office Supplies,Art,Newell 344,5.56,2,0.0,1.4455999999999998
CA-2014-101014,2019-08-29,2019-09-04,Standard Class,RW-19540,Rick Wilson,Corporate,Los Angeles,California,90049,FUR-FU-10003374,Furniture,Furnishings,Electrix Fluorescent Magnifier Lamps & Weighted Base,148.02,3,0.0,41.44560000000001
CA-2014-159884,2019-08-31,2019-09-05,Standard Class,JF-15490,Jeremy Farry,Consumer,Tempe,Arizona,85281,OFF-ST-10000344,Office Supplies,Storage,"Neat Ideas Personal Hanging Folder Files, Black",10.744,1,0.2,0.8057999999999996
CA-2014-159884,2019-08-31,2019-09-05,Standard Class,JF-15490,Jeremy Farry,Consumer,Tempe,Arizona,85281,OFF-FA-10000585,Office Supplies,Fasteners,OIC Bulk Pack Metal Binder Clips,8.376000000000001,3,0.2,2.7222
CA-2014-107321,2019-08-31,2019-09-04,Standard Class,AW-10930,Arthur Wiediger,Home Office,San Francisco,California,94110,OFF-BI-10004022,Office Supplies,Binders,Acco Suede Grain Vinyl Round Ring Binder,6.671999999999999,3,0.2,2.1683999999999997
CA-2014-107321,2019-08-31,2019-09-04,Standard Class,AW-10930,Arthur Wiediger,Home Office,San Francisco,California,94110,TEC-PH-10002200,Technology,Phones,Aastra 6757i CT Wireless VoIP phone,689.408,4,0.2,77.55839999999998
CA-2014-154074,2019-08-31,2019-09-02,Second Class,BW-11110,Bart Watters,Corporate,Spokane,Washington,99207,FUR-CH-10002331,Furniture,Chairs,Hon 4700 Series Mobuis Mid-Back Task Chairs with Adjustable Arms,569.5680000000001,2,0.2,7.119599999999906
CA-2014-154074,2019-08-31,2019-09-02,Second Class,BW-11110,Bart Watters,Corporate,Spokane,Washington,99207,OFF-ST-10002370,Office Supplies,Storage,"Sortfiler Multipurpose Personal File Organizer, Black",149.73000000000002,7,0.0,43.421699999999994
CA-2014-127712,2019-08-31,2019-09-05,Standard Class,MG-17890,Michael Granlund,Home Office,Salem,Oregon,97301,OFF-SU-10002522,Office Supplies,Supplies,Acme Kleen Earth Office Shears,6.208,2,0.2,0.698399999999999
CA-2014-132619,2019-08-31,2019-09-05,Standard Class,MS-17770,Maxwell Schwartz,Consumer,San Francisco,California,94109,OFF-ST-10001511,Office Supplies,Storage,Space Solutions Commercial Steel Shelving,193.95000000000002,3,0.0,9.697499999999984
CA-2014-107909,2019-09-01,2019-09-06,Standard Class,SS-20875,Sung Shariari,Consumer,Redmond,Washington,98052,TEC-AC-10001998,Technology,Accessories,Logitech LS21 Speaker System - PC Multimedia - 2.1-CH - Wired,19.99,1,0.0,6.796599999999998
CA-2014-107909,2019-09-01,2019-09-06,Standard Class,SS-20875,Sung Shariari,Consumer,Redmond,Washington,98052,OFF-BI-10003476,Office Supplies,Binders,Avery Metallic Poly Binders,22.92,5,0.2,8.021999999999998
US-2014-135230,2019-09-01,2019-09-07,Standard Class,CK-12325,Christine Kargatis,Home Office,Seattle,Washington,98103,OFF-AR-10001166,Office Supplies,Art,Staples in misc. colors,7.58,1,0.0,2.9562
CA-2014-128041,2019-09-01,2019-09-01,Same Day,RW-19540,Rick Wilson,Corporate,Seattle,Washington,98103,OFF-AP-10001005,Office Supplies,Appliances,Honeywell Quietcare HEPA Air Cleaner,314.6,4,0.0,103.81799999999998
CA-2014-128041,2019-09-01,2019-09-01,Same Day,RW-19540,Rick Wilson,Corporate,Seattle,Washington,98103,FUR-TA-10002607,Furniture,Tables,KI Conference Tables,283.56,4,0.0,45.36960000000002
CA-2014-110380,2019-09-02,2019-09-07,Standard Class,PF-19225,Phillip Flathmann,Consumer,San Francisco,California,94122,OFF-AR-10000422,Office Supplies,Art,Pencil and Crayon Sharpener,6.57,3,0.0,1.7738999999999998
CA-2014-123001,2019-09-02,2019-09-08,Standard Class,AW-10840,Anthony Witt,Consumer,Bakersfield,California,93309,OFF-AR-10001919,Office Supplies,Art,"OIC #2 Pencils, Medium Soft",9.399999999999999,5,0.0,2.7259999999999995
CA-2014-123001,2019-09-02,2019-09-08,Standard Class,AW-10840,Anthony Witt,Consumer,Bakersfield,California,93309,OFF-LA-10004544,Office Supplies,Labels,Avery 505,74.0,5,0.0,37.0
CA-2014-123001,2019-09-02,2019-09-08,Standard Class,AW-10840,Anthony Witt,Consumer,Bakersfield,California,93309,TEC-PH-10003484,Technology,Phones,Ooma Telo VoIP Home Phone System,201.584,2,0.2,12.599000000000004
US-2014-163657,2019-09-02,2019-09-06,Standard Class,JL-15235,Janet Lee,Consumer,Los Angeles,California,90049,OFF-BI-10000138,Office Supplies,Binders,Acco Translucent Poly Ring Binders,18.72,5,0.2,6.552
US-2014-163657,2019-09-02,2019-09-06,Standard Class,JL-15235,Janet Lee,Consumer,Los Angeles,California,90049,FUR-TA-10004607,Furniture,Tables,Hon 2111 Invitation Series Straight Table,236.52800000000002,2,0.2,-2.9566000000000088
CA-2014-111388,2019-09-02,2019-09-02,Same Day,SU-20665,Stephanie Ulpright,Home Office,Seattle,Washington,98103,FUR-CH-10003061,Furniture,Chairs,"Global Leather Task Chair, Black",215.976,3,0.2,-2.6997000000000355
CA-2014-102218,2019-09-02,2019-09-04,Second Class,LW-17215,Luke Weiss,Consumer,Fort Collins,Colorado,80525,OFF-LA-10002475,Office Supplies,Labels,Avery 519,11.696,2,0.2,3.9473999999999996
CA-2014-169327,2019-09-02,2019-09-04,Second Class,MH-17290,Marc Harrigan,Home Office,Los Angeles,California,90008,OFF-AP-10001492,Office Supplies,Appliances,"Acco Six-Outlet Power Strip, 4' Cord Length",43.099999999999994,5,0.0,11.206
CA-2014-169327,2019-09-02,2019-09-04,Second Class,MH-17290,Marc Harrigan,Home Office,Los Angeles,California,90008,FUR-FU-10004188,Furniture,Furnishings,Luxo Professional Combination Clamp-On Lamps,511.5,5,0.0,132.99
CA-2014-169327,2019-09-02,2019-09-04,Second Class,MH-17290,Marc Harrigan,Home Office,Los Angeles,California,90008,OFF-BI-10004330,Office Supplies,Binders,"GBC Velobind Prepunched Cover Sets, Regency Series",147.92,5,0.2,46.22499999999999
CA-2014-161823,2019-09-03,2019-09-08,Standard Class,AG-10300,Aleksandra Gannaway,Corporate,San Francisco,California,94122,OFF-AR-10002053,Office Supplies,Art,"Premium Writing Pencils, Soft, #2 by Central Association for the Blind",5.96,2,0.0,1.6688
CA-2014-123022,2019-09-03,2019-09-08,Standard Class,SC-20050,Sample Company A,Home Office,La Mesa,California,91941,OFF-BI-10002225,Office Supplies,Binders,"Square Ring Data Binders, Rigid 75 Pt. Covers, 11"" x 14-7/8""",82.56,5,0.2,28.896
CA-2014-123022,2019-09-03,2019-09-08,Standard Class,SC-20050,Sample Company A,Home Office,La Mesa,California,91941,TEC-AC-10000474,Technology,Accessories,Kensington Expert Mouse Optical USB Trackball for PC or Mac,284.96999999999997,3,0.0,85.49099999999996
US-2014-153255,2019-09-03,2019-09-07,Second Class,JK-15730,Joe Kamberova,Consumer,Concord,California,94521,FUR-BO-10004218,Furniture,Bookcases,"Bush Heritage Pine Collection 5-Shelf Bookcase, Albany Pine Finish, *Special Order",239.66599999999997,2,0.15,14.097999999999999
CA-2014-102750,2019-09-04,2019-09-08,Second Class,GM-14695,Greg Maxwell,Corporate,Los Angeles,California,90036,FUR-TA-10000198,Furniture,Tables,Chromcraft Bull-Nose Wood Oval Conference Tables & Bases,1322.352,3,0.2,-99.1764
CA-2014-101182,2019-09-04,2019-09-05,First Class,KB-16405,Katrina Bavinger,Home Office,Apple Valley,California,92307,OFF-PA-10001800,Office Supplies,Paper,Xerox 220,12.96,2,0.0,6.2208000000000006
CA-2014-101182,2019-09-04,2019-09-05,First Class,KB-16405,Katrina Bavinger,Home Office,Apple Valley,California,92307,TEC-PH-10003589,Technology,Phones,invisibleSHIELD by ZAGG Smudge-Free Screen Protector,43.176,3,0.2,15.1116
CA-2014-141929,2019-09-04,2019-09-08,Standard Class,RA-19285,Ralph Arnett,Consumer,Los Angeles,California,90004,OFF-BI-10004632,Office Supplies,Binders,Ibico Hi-Tech Manual Binding System,487.98400000000004,2,0.2,152.49499999999998
CA-2014-141929,2019-09-04,2019-09-08,Standard Class,RA-19285,Ralph Arnett,Consumer,Los Angeles,California,90004,TEC-PH-10002185,Technology,Phones,QVS USB Car Charger 2-Port 2.1Amp for iPod/iPhone/iPad/iPad 2/iPad 3,5.5600000000000005,1,0.2,1.7374999999999998
CA-2014-141929,2019-09-04,2019-09-08,Standard Class,RA-19285,Ralph Arnett,Consumer,Los Angeles,California,90004,OFF-ST-10002974,Office Supplies,Storage,"Trav-L-File Heavy-Duty Shuttle II, Black",217.85,5,0.0,65.35499999999999
CA-2014-117261,2019-09-04,2019-09-10,Standard Class,TH-21235,Tiffany House,Corporate,Los Angeles,California,90032,OFF-ST-10000419,Office Supplies,Storage,"Rogers Jumbo File, Granite",54.32,4,0.0,0.5431999999999988
CA-2014-116680,2019-09-04,2019-09-06,Second Class,PK-19075,Pete Kriz,Consumer,San Francisco,California,94122,OFF-BI-10004022,Office Supplies,Binders,Acco Suede Grain Vinyl Round Ring Binder,13.343999999999998,6,0.2,4.336799999999999
CA-2014-116680,2019-09-04,2019-09-06,Second Class,PK-19075,Pete Kriz,Consumer,San Francisco,California,94122,FUR-TA-10001771,Furniture,Tables,"Bush Cubix Conference Tables, Fully Assembled",1478.272,8,0.2,92.39200000000005
CA-2014-147410,2019-09-04,2019-09-08,Standard Class,EJ-14155,Eva Jacobs,Consumer,Santa Ana,California,92704,OFF-ST-10003805,Office Supplies,Storage,"24 Capacity Maxi Data Binder Racks, Pearl",421.1,2,0.0,105.27499999999998
CA-2014-137582,2019-09-04,2019-09-08,Standard Class,CV-12805,Cynthia Voltz,Corporate,Oakland,California,94601,OFF-BI-10001757,Office Supplies,Binders,Pressboard Hanging Data Binders for Unburst Sheets,11.808,3,0.2,4.1328
US-2014-147655,2019-09-04,2019-09-05,First Class,AS-10045,Aaron Smayling,Corporate,Redmond,Oregon,97756,OFF-BI-10002931,Office Supplies,Binders,"Avery Trapezoid Extra Heavy Duty 4"" Binders",88.07400000000001,7,0.7,-58.71599999999998
CA-2014-107293,2019-09-05,2019-09-06,First Class,CS-12400,Christopher Schild,Home Office,Seattle,Washington,98115,OFF-AR-10003732,Office Supplies,Art,Newell 333,2.78,1,0.0,0.7227999999999999
US-2014-129441,2019-09-07,2019-09-11,Standard Class,JC-15340,Jasper Cacioppo,Consumer,Los Angeles,California,90032,FUR-FU-10000448,Furniture,Furnishings,Tenex Chairmats For Use With Carpeted Floors,47.94,3,0.0,2.3969999999999985
CA-2014-124401,2019-09-07,2019-09-12,Standard Class,RD-19900,Ruben Dartt,Consumer,Portland,Oregon,97206,OFF-ST-10000649,Office Supplies,Storage,Hanging Personal Folder File,37.68,3,0.2,2.355000000000002
CA-2014-124401,2019-09-07,2019-09-12,Standard Class,RD-19900,Ruben Dartt,Consumer,Portland,Oregon,97206,TEC-AC-10002926,Technology,Accessories,Logitech Wireless Marathon Mouse M705,279.944,7,0.2,80.48390000000002
CA-2014-163692,2019-09-07,2019-09-09,First Class,Dp-13240,Dean percer,Home Office,Phoenix,Arizona,85023,OFF-BI-10003291,Office Supplies,Binders,Wilson Jones Leather-Like Binders with DublLock Round Rings,7.857000000000002,3,0.7,-6.0237
CA-2014-151008,2019-09-07,2019-09-08,First Class,JM-16195,Justin MacKendrick,Consumer,Draper,Utah,84020,FUR-FU-10002396,Furniture,Furnishings,"DAX Copper Panel Document Frame, 5 x 7 Size",25.16,2,0.0,10.567200000000001
CA-2014-151008,2019-09-07,2019-09-08,First Class,JM-16195,Justin MacKendrick,Consumer,Draper,Utah,84020,TEC-PH-10002807,Technology,Phones,Motorla HX550 Universal Bluetooth Headset,126.56,4,0.2,47.459999999999994
CA-2014-107244,2019-09-07,2019-09-11,Standard Class,AG-10390,Allen Goldenen,Consumer,Los Angeles,California,90004,FUR-FU-10002597,Furniture,Furnishings,"C-Line Magnetic Cubicle Keepers, Clear Polypropylene",19.76,4,0.0,8.2992
US-2014-150070,2019-09-07,2019-09-12,Standard Class,JA-15970,Joseph Airdo,Consumer,Modesto,California,95351,FUR-CH-10004860,Furniture,Chairs,Global Low Back Tilter Chair,161.568,2,0.2,-28.27440000000002
US-2014-130687,2019-09-07,2019-09-10,First Class,PF-19225,Phillip Flathmann,Consumer,Edmonds,Washington,98026,FUR-FU-10004053,Furniture,Furnishings,DAX Two-Tone Silver Metal Document Frame,80.96,4,0.0,34.8128
US-2014-130687,2019-09-07,2019-09-10,First Class,PF-19225,Phillip Flathmann,Consumer,Edmonds,Washington,98026,TEC-PH-10002033,Technology,Phones,Konftel 250 Conference phone - Charcoal black,455.712,2,0.2,34.17840000000001
US-2014-130687,2019-09-07,2019-09-10,First Class,PF-19225,Phillip Flathmann,Consumer,Edmonds,Washington,98026,OFF-AR-10004260,Office Supplies,Art,Boston 1799 Powerhouse Electric Pencil Sharpener,25.98,1,0.0,7.2744
CA-2014-155929,2019-09-09,2019-09-13,Standard Class,AI-10855,Arianne Irving,Consumer,Glendale,Arizona,85301,OFF-PA-10000859,Office Supplies,Paper,Unpadded Memo Slips,6.368,2,0.2,2.388
CA-2014-137498,2019-09-09,2019-09-14,Second Class,LC-17050,Liz Carlisle,Consumer,Los Angeles,California,90004,OFF-AR-10003829,Office Supplies,Art,Newell 35,6.56,2,0.0,1.9023999999999992
CA-2014-137498,2019-09-09,2019-09-14,Second Class,LC-17050,Liz Carlisle,Consumer,Los Angeles,California,90004,FUR-CH-10003833,Furniture,Chairs,Novimex Fabric Task Chair,243.92,5,0.2,-15.245000000000005
CA-2014-137498,2019-09-09,2019-09-14,Second Class,LC-17050,Liz Carlisle,Consumer,Los Angeles,California,90004,OFF-PA-10000143,Office Supplies,Paper,Astroparche Fine Business Paper,47.52,9,0.0,22.809600000000003
CA-2014-100825,2019-09-09,2019-09-14,Standard Class,KD-16495,Keith Dawkins,Corporate,Los Angeles,California,90036,OFF-ST-10003123,Office Supplies,Storage,Fellowes Bases and Tops For Staxonsteel/High-Stak Systems,99.87,3,0.0,23.968799999999998
US-2014-146213,2019-09-09,2019-09-14,Standard Class,MC-17605,Matt Connell,Corporate,Los Angeles,California,90032,TEC-AC-10001114,Technology,Accessories,Microsoft Wireless Mobile Mouse 4000,159.96,4,0.0,51.18719999999999
CA-2014-168403,2019-09-09,2019-09-15,Standard Class,DK-12835,Damala Kotsonis,Corporate,Portland,Oregon,97206,OFF-PA-10002036,Office Supplies,Paper,Xerox 1930,31.104000000000006,6,0.2,11.2752
CA-2014-168403,2019-09-09,2019-09-15,Standard Class,DK-12835,Damala Kotsonis,Corporate,Portland,Oregon,97206,OFF-AP-10003278,Office Supplies,Appliances,Belkin 7-Outlet SurgeMaster Home Series,11.176000000000002,1,0.2,0.8382000000000005
CA-2014-128370,2019-09-10,2019-09-10,Same Day,FH-14275,Frank Hawley,Corporate,Los Angeles,California,90004,FUR-CH-10002602,Furniture,Chairs,DMI Arturo Collection Mission-style Design Wood Chair,362.352,3,0.2,27.176400000000015
CA-2014-128370,2019-09-10,2019-09-10,Same Day,FH-14275,Frank Hawley,Corporate,Los Angeles,California,90004,OFF-BI-10004140,Office Supplies,Binders,Avery Non-Stick Binders,7.184000000000001,2,0.2,2.244999999999999
CA-2014-149559,2019-09-11,2019-09-12,Same Day,KF-16285,Karen Ferguson,Home Office,Long Beach,California,90805,OFF-PA-10003172,Office Supplies,Paper,Xerox 1996,12.96,2,0.0,6.2208000000000006
CA-2014-149559,2019-09-11,2019-09-12,Same Day,KF-16285,Karen Ferguson,Home Office,Long Beach,California,90805,OFF-EN-10002312,Office Supplies,Envelopes,#10 Self-Seal White Envelopes,22.18,2,0.0,10.8682
CA-2014-149559,2019-09-11,2019-09-12,Same Day,KF-16285,Karen Ferguson,Home Office,Long Beach,California,90805,FUR-CH-10002320,Furniture,Chairs,Hon Pagoda Stacking Chairs,2054.2720000000004,8,0.2,256.78399999999976
CA-2014-144484,2019-09-11,2019-09-11,Same Day,CB-12025,Cassandra Brandow,Consumer,San Francisco,California,94110,FUR-FU-10000260,Furniture,Furnishings,"6"" Cubicle Wall Clock, Black",32.36,4,0.0,11.6496
CA-2014-144484,2019-09-11,2019-09-11,Same Day,CB-12025,Cassandra Brandow,Consumer,San Francisco,California,94110,OFF-AP-10004487,Office Supplies,Appliances,Kensington 4 Outlet MasterPiece Compact Power Control Center,406.59999999999997,5,0.0,113.84799999999998
US-2014-142188,2019-09-11,2019-09-11,Same Day,JF-15415,Jennifer Ferguson,Consumer,Seattle,Washington,98105,FUR-CH-10003199,Furniture,Chairs,Office Star - Contemporary Task Swivel Chair,177.568,2,0.2,8.878399999999992
US-2014-142188,2019-09-11,2019-09-11,Same Day,JF-15415,Jennifer Ferguson,Consumer,Seattle,Washington,98105,OFF-PA-10002005,Office Supplies,Paper,Xerox 225,19.44,3,0.0,9.3312
US-2014-142188,2019-09-11,2019-09-11,Same Day,JF-15415,Jennifer Ferguson,Consumer,Seattle,Washington,98105,OFF-PA-10004101,Office Supplies,Paper,Xerox 1894,71.28,11,0.0,34.214400000000005
US-2014-142188,2019-09-11,2019-09-11,Same Day,JF-15415,Jennifer Ferguson,Consumer,Seattle,Washington,98105,OFF-BI-10004600,Office Supplies,Binders,Ibico Ibimaster 300 Manual Binding System,1471.96,5,0.2,459.98749999999995
US-2014-142188,2019-09-11,2019-09-11,Same Day,JF-15415,Jennifer Ferguson,Consumer,Seattle,Washington,98105,TEC-PH-10000127,Technology,Phones,iOttie XL Car Mount,79.96,5,0.2,-17.991000000000003
CA-2014-166898,2019-09-11,2019-09-13,Second Class,KH-16630,Ken Heidel,Corporate,Santa Ana,California,92704,TEC-PH-10002564,Technology,Phones,OtterBox Defender Series Case - Samsung Galaxy S4,143.952,6,0.2,17.99399999999998
CA-2014-166898,2019-09-11,2019-09-13,Second Class,KH-16630,Ken Heidel,Corporate,Santa Ana,California,92704,OFF-PA-10002262,Office Supplies,Paper,Xerox 192,19.44,3,0.0,9.3312
CA-2014-103611,2019-09-12,2019-09-15,First Class,JM-15535,Jessica Myrick,Consumer,Los Angeles,California,90036,FUR-FU-10004270,Furniture,Furnishings,"Eldon Image Series Desk Accessories, Burgundy",8.36,2,0.0,3.0096
US-2014-109582,2019-09-12,2019-09-17,Second Class,JM-15865,John Murray,Consumer,Los Angeles,California,90036,OFF-PA-10004071,Office Supplies,Paper,"Eaton Premium Continuous-Feed Paper, 25% Cotton, Letter Size, White, 1000 Shts/Box",166.44,3,0.0,79.8912
US-2014-157224,2019-09-14,2019-09-18,Second Class,JB-16000,Joy Bell-,Consumer,Los Angeles,California,90045,OFF-LA-10000121,Office Supplies,Labels,Avery 48,56.699999999999996,9,0.0,26.081999999999997
US-2014-163300,2019-09-15,2019-09-21,Standard Class,ES-14020,Erica Smith,Consumer,Los Angeles,California,90049,OFF-BI-10004390,Office Supplies,Binders,GBC DocuBind 200 Manual Binding Machine,2357.4880000000003,7,0.2,884.058
US-2014-163300,2019-09-15,2019-09-21,Standard Class,ES-14020,Erica Smith,Consumer,Los Angeles,California,90049,TEC-PH-10001700,Technology,Phones,Panasonic KX-TG6844B Expandable Digital Cordless Telephone,369.544,7,0.2,32.335100000000025
US-2014-163300,2019-09-15,2019-09-21,Standard Class,ES-14020,Erica Smith,Consumer,Los Angeles,California,90049,FUR-CH-10003396,Furniture,Chairs,Global Deluxe Steno Chair,184.752,3,0.2,-20.78460000000001
US-2014-116652,2019-09-15,2019-09-19,Standard Class,RD-19480,Rick Duston,Consumer,San Francisco,California,94122,FUR-CH-10002961,Furniture,Chairs,"Leather Task Chair, Black",218.35200000000003,3,0.2,0.0
US-2014-116652,2019-09-15,2019-09-19,Standard Class,RD-19480,Rick Duston,Consumer,San Francisco,California,94122,FUR-FU-10001488,Furniture,Furnishings,"Tenex 46"" x 60"" Computer Anti-Static Chairmat, Rectangular Shaped",529.9,5,0.0,105.97999999999999
US-2014-116652,2019-09-15,2019-09-19,Standard Class,RD-19480,Rick Duston,Consumer,San Francisco,California,94122,OFF-AR-10001915,Office Supplies,Art,Peel-Off China Markers,99.3,10,0.0,41.706
US-2014-116652,2019-09-15,2019-09-19,Standard Class,RD-19480,Rick Duston,Consumer,San Francisco,California,94122,OFF-AP-10001205,Office Supplies,Appliances,Belkin 5 Outlet SurgeMaster Power Centers,108.96,2,0.0,30.508800000000008
US-2014-116652,2019-09-15,2019-09-19,Standard Class,RD-19480,Rick Duston,Consumer,San Francisco,California,94122,OFF-BI-10004528,Office Supplies,Binders,Cardinal Poly Pocket Divider Pockets for Ring Binders,2.688,1,0.2,0.8399999999999997
CA-2014-134418,2019-09-15,2019-09-20,Standard Class,GM-14500,Gene McClure,Consumer,Seattle,Washington,98103,OFF-AR-10004441,Office Supplies,Art,BIC Brite Liner Highlighters,12.419999999999998,3,0.0,5.2164
CA-2014-165008,2019-09-15,2019-09-17,Second Class,DO-13645,Doug O'Connell,Consumer,Salt Lake City,Utah,84106,OFF-BI-10002794,Office Supplies,Binders,"Avery Trapezoid Ring Binder, 3"" Capacity, Black, 1040 sheets",295.056,9,0.2,106.95779999999998
CA-2014-127096,2019-09-15,2019-09-17,Second Class,CS-12400,Christopher Schild,Home Office,San Francisco,California,94109,FUR-TA-10003473,Furniture,Tables,Bretford Rectangular Conference Table Tops,300.904,1,0.2,11.283900000000017
CA-2014-118136,2019-09-16,2019-09-17,First Class,BB-10990,Barry Blumstein,Corporate,Inglewood,California,90301,OFF-PA-10002615,Office Supplies,Paper,"Ampad Gold Fibre Wirebound Steno Books, 6"" x 9"", Gregg Ruled",8.82,2,0.0,4.0572
CA-2014-118136,2019-09-16,2019-09-17,First Class,BB-10990,Barry Blumstein,Corporate,Inglewood,California,90301,OFF-AR-10001427,Office Supplies,Art,Newell 330,5.98,1,0.0,1.5548000000000002
CA-2014-130715,2019-09-16,2019-09-20,Standard Class,CY-12745,Craig Yedwab,Corporate,San Francisco,California,94110,OFF-FA-10000621,Office Supplies,Fasteners,"OIC Colored Binder Clips, Assorted Sizes",17.9,5,0.0,8.771
CA-2014-137470,2019-09-17,2019-09-17,Same Day,TP-21415,Tom Prescott,Consumer,Seattle,Washington,98115,OFF-PA-10002001,Office Supplies,Paper,Xerox 1984,12.96,2,0.0,6.3504000000000005
CA-2014-112515,2019-09-17,2019-09-21,Second Class,AS-10225,Alan Schoenberger,Corporate,Provo,Utah,84604,OFF-BI-10000829,Office Supplies,Binders,Avery Non-Stick Binders,10.776000000000002,3,0.2,3.502199999999999
CA-2014-112515,2019-09-17,2019-09-21,Second Class,AS-10225,Alan Schoenberger,Corporate,Provo,Utah,84604,OFF-BI-10003712,Office Supplies,Binders,"Acco Pressboard Covers with Storage Hooks, 14 7/8"" x 11"", Light Blue",11.784,3,0.2,4.271699999999999
CA-2014-112515,2019-09-17,2019-09-21,Second Class,AS-10225,Alan Schoenberger,Corporate,Provo,Utah,84604,OFF-PA-10000062,Office Supplies,Paper,Green Bar Computer Printout Paper,164.88,3,0.0,80.7912
CA-2014-112515,2019-09-17,2019-09-21,Second Class,AS-10225,Alan Schoenberger,Corporate,Provo,Utah,84604,FUR-BO-10003404,Furniture,Bookcases,"Global Adaptabilites Bookcase, Cherry/Storm Gray Finish",1292.94,3,0.0,77.57639999999992
CA-2014-112515,2019-09-17,2019-09-21,Second Class,AS-10225,Alan Schoenberger,Corporate,Provo,Utah,84604,OFF-BI-10004233,Office Supplies,Binders,"GBC Pre-Punched Binding Paper, Plastic, White, 8-1/2"" x 11""",25.584000000000003,2,0.2,8.9544
CA-2014-112515,2019-09-17,2019-09-21,Second Class,AS-10225,Alan Schoenberger,Corporate,Provo,Utah,84604,OFF-ST-10001272,Office Supplies,Storage,"Mini 13-1/2 Capacity Data Binder Rack, Pearl",261.74,2,0.0,65.435
CA-2014-112515,2019-09-17,2019-09-21,Second Class,AS-10225,Alan Schoenberger,Corporate,Provo,Utah,84604,OFF-LA-10001175,Office Supplies,Labels,Avery 514,14.399999999999999,5,0.0,7.056
CA-2014-142293,2019-09-17,2019-09-20,First Class,SC-20380,Shahid Collister,Consumer,Boise,Idaho,83704,TEC-AC-10001109,Technology,Accessories,Logitech Trackman Marble Mouse,89.97,3,0.0,37.787400000000005
CA-2014-106180,2019-09-18,2019-09-23,Standard Class,SH-19975,Sally Hughsby,Corporate,San Francisco,California,94122,OFF-AR-10000940,Office Supplies,Art,Newell 343,8.82,3,0.0,2.3814
CA-2014-106180,2019-09-18,2019-09-23,Standard Class,SH-19975,Sally Hughsby,Corporate,San Francisco,California,94122,OFF-EN-10004030,Office Supplies,Envelopes,Convenience Packs of Business Envelopes,10.86,3,0.0,5.1042000000000005
CA-2014-106180,2019-09-18,2019-09-23,Standard Class,SH-19975,Sally Hughsby,Corporate,San Francisco,California,94122,OFF-PA-10004327,Office Supplies,Paper,Xerox 1911,143.7,3,0.0,68.976
CA-2014-166856,2019-09-18,2019-09-22,Standard Class,TS-21505,Tony Sayre,Consumer,Clovis,New Mexico,88101,OFF-BI-10002012,Office Supplies,Binders,Wilson Jones Easy Flow II Sheet Lifters,10.080000000000002,7,0.2,3.5279999999999996
CA-2014-166856,2019-09-18,2019-09-22,Standard Class,TS-21505,Tony Sayre,Consumer,Clovis,New Mexico,88101,TEC-AC-10004992,Technology,Accessories,Kingston Digital DataTraveler 64GB USB 2.0,101.34,3,0.0,8.107199999999992
CA-2014-143378,2019-09-19,2019-09-25,Standard Class,JR-16210,Justin Ritter,Corporate,Springfield,Oregon,97477,TEC-PH-10001425,Technology,Phones,Mophie Juice Pack Helium for iPhone,191.976,3,0.2,19.197599999999994
CA-2014-143378,2019-09-19,2019-09-25,Standard Class,JR-16210,Justin Ritter,Corporate,Springfield,Oregon,97477,OFF-AR-10001915,Office Supplies,Art,Peel-Off China Markers,23.832,3,0.2,6.553800000000001
CA-2014-143378,2019-09-19,2019-09-25,Standard Class,JR-16210,Justin Ritter,Corporate,Springfield,Oregon,97477,FUR-FU-10004864,Furniture,Furnishings,"Howard Miller 14-1/2"" Diameter Chrome Round Wall Clock",409.216,8,0.2,61.38239999999999
CA-2014-143378,2019-09-19,2019-09-25,Standard Class,JR-16210,Justin Ritter,Corporate,Springfield,Oregon,97477,FUR-BO-10001972,Furniture,Bookcases,O'Sullivan 4-Shelf Bookcase in Odessa Pine,72.58800000000001,2,0.7,-128.2388
CA-2014-102974,2019-09-19,2019-09-24,Standard Class,DP-13105,Dave Poirier,Corporate,Los Angeles,California,90032,TEC-AC-10000057,Technology,Accessories,Microsoft Natural Ergonomic Keyboard 4000,149.95,5,0.0,31.489499999999992
CA-2014-102974,2019-09-19,2019-09-24,Standard Class,DP-13105,Dave Poirier,Corporate,Los Angeles,California,90032,OFF-AR-10000914,Office Supplies,Art,Boston 16765 Mini Stand Up Battery Pencil Sharpener,23.32,2,0.0,6.063200000000002
CA-2014-102974,2019-09-19,2019-09-24,Standard Class,DP-13105,Dave Poirier,Corporate,Los Angeles,California,90032,OFF-AR-10004956,Office Supplies,Art,Newell 33,16.740000000000002,3,0.0,4.854599999999998
CA-2014-153822,2019-09-19,2019-09-25,Standard Class,AB-10105,Adrian Barton,Consumer,Phoenix,Arizona,85023,OFF-ST-10000321,Office Supplies,Storage,Akro Stacking Bins,12.624,2,0.2,-2.524800000000002
CA-2014-153822,2019-09-19,2019-09-25,Standard Class,AB-10105,Adrian Barton,Consumer,Phoenix,Arizona,85023,TEC-AC-10000109,Technology,Accessories,Sony Micro Vault Click 16 GB USB 2.0 Flash Drive,89.584,2,0.2,4.479200000000006
CA-2014-153822,2019-09-19,2019-09-25,Standard Class,AB-10105,Adrian Barton,Consumer,Phoenix,Arizona,85023,TEC-PH-10002415,Technology,Phones,Polycom VoiceStation 500 Conference phone,471.92,2,0.2,29.49500000000002
CA-2014-153822,2019-09-19,2019-09-25,Standard Class,AB-10105,Adrian Barton,Consumer,Phoenix,Arizona,85023,OFF-BI-10001460,Office Supplies,Binders,Plastic Binding Combs,18.180000000000003,4,0.7,-13.938000000000002
CA-2014-132262,2019-09-21,2019-09-23,First Class,ML-18265,Muhammed Lee,Consumer,Seattle,Washington,98103,TEC-AC-10000158,Technology,Accessories,Sony 64GB Class 10 Micro SDHC R40 Memory Card,71.98,2,0.0,15.1158
CA-2014-132262,2019-09-21,2019-09-23,First Class,ML-18265,Muhammed Lee,Consumer,Seattle,Washington,98103,TEC-AC-10000303,Technology,Accessories,Logitech M510 Wireless Mouse,79.98,2,0.0,26.3934
CA-2014-165155,2019-09-21,2019-09-23,First Class,BM-11575,Brendan Murry,Corporate,Los Angeles,California,90045,OFF-ST-10004950,Office Supplies,Storage,"Tenex Personal Filing Tote With Secure Closure Lid, Black/Frost",15.51,1,0.0,3.8774999999999995
CA-2014-133074,2019-09-21,2019-09-25,Standard Class,DB-13615,Doug Bickford,Consumer,San Francisco,California,94109,OFF-PA-10004082,Office Supplies,Paper,"Adams Telephone Message Book w/Frequently-Called Numbers Space, 400 Messages per Book",55.86,7,0.0,27.93
US-2014-103226,2019-09-22,2019-09-28,Standard Class,DW-13195,David Wiener,Corporate,Albuquerque,New Mexico,87105,OFF-PA-10002666,Office Supplies,Paper,Southworth 25% Cotton Linen-Finish Paper & Envelopes,27.18,3,0.0,12.231
CA-2014-117009,2019-09-22,2019-09-28,Standard Class,BK-11260,Berenike Kampe,Consumer,Santa Ana,California,92704,OFF-SU-10001218,Office Supplies,Supplies,Fiskars Softgrip Scissors,21.96,2,0.0,6.148800000000001
CA-2014-132521,2019-09-23,2019-09-25,Second Class,DW-13540,Don Weiss,Consumer,Seattle,Washington,98105,OFF-AP-10002191,Office Supplies,Appliances,Belkin 8 Outlet SurgeMaster II Gold Surge Protector,119.96,2,0.0,33.588800000000006
CA-2014-132521,2019-09-23,2019-09-25,Second Class,DW-13540,Don Weiss,Consumer,Seattle,Washington,98105,OFF-ST-10001325,Office Supplies,Storage,Sterilite Officeware Hinged File Box,31.44,3,0.0,8.488800000000001
CA-2014-132521,2019-09-23,2019-09-25,Second Class,DW-13540,Don Weiss,Consumer,Seattle,Washington,98105,OFF-BI-10000404,Office Supplies,Binders,Avery Printable Repositionable Plastic Tabs,6.88,1,0.2,2.322
CA-2014-121412,2019-09-23,2019-09-27,Standard Class,BG-11695,Brooke Gillingham,Corporate,Louisville,Colorado,80027,FUR-FU-10000246,Furniture,Furnishings,Aluminum Document Frame,29.328000000000003,3,0.2,3.665999999999995
CA-2014-138422,2019-09-23,2019-09-26,First Class,KN-16705,Kristina Nunn,Home Office,Fort Collins,Colorado,80525,OFF-EN-10004147,Office Supplies,Envelopes,Wausau Papers Astrobrights Colored Envelopes,14.352000000000002,3,0.2,5.2026
US-2014-132059,2019-09-23,2019-09-29,Standard Class,AP-10915,Arthur Prichep,Consumer,Fort Collins,Colorado,80525,FUR-BO-10001811,Furniture,Bookcases,"Atlantic Metals Mobile 5-Shelf Bookcases, Custom Colors",180.58800000000005,2,0.7,-240.78400000000005
US-2014-132059,2019-09-23,2019-09-29,Standard Class,AP-10915,Arthur Prichep,Consumer,Fort Collins,Colorado,80525,TEC-AC-10003280,Technology,Accessories,Belkin F8E887 USB Wired Ergonomic Keyboard,47.984,2,0.2,0.5997999999999966
CA-2014-123778,2019-09-23,2019-09-30,Standard Class,BS-11755,Bruce Stewart,Consumer,San Francisco,California,94122,OFF-BI-10000822,Office Supplies,Binders,"Acco PRESSTEX Data Binder with Storage Hooks, Light Blue, 9 1/2"" X 11""",25.824,6,0.2,9.0384
CA-2014-123778,2019-09-23,2019-09-30,Standard Class,BS-11755,Bruce Stewart,Consumer,San Francisco,California,94122,OFF-AP-10001242,Office Supplies,Appliances,APC 7 Outlet Network SurgeArrest Surge Protector,160.96,2,0.0,48.288
CA-2014-121853,2019-09-23,2019-09-29,Standard Class,DB-13660,Duane Benoit,Consumer,Los Angeles,California,90036,OFF-PA-10003641,Office Supplies,Paper,Xerox 1909,211.04,8,0.0,97.07839999999999
CA-2014-121853,2019-09-23,2019-09-29,Standard Class,DB-13660,Duane Benoit,Consumer,Los Angeles,California,90036,FUR-CH-10003973,Furniture,Chairs,GuestStacker Chair with Chrome Finish Legs,594.816,2,0.2,59.481600000000014
CA-2014-121853,2019-09-23,2019-09-29,Standard Class,DB-13660,Duane Benoit,Consumer,Los Angeles,California,90036,OFF-BI-10000977,Office Supplies,Binders,Ibico Plastic Spiral Binding Combs,72.96000000000001,3,0.2,23.711999999999996
CA-2014-122364,2019-09-24,2019-09-29,Standard Class,FA-14230,Frank Atkinson,Corporate,Los Angeles,California,90008,TEC-PH-10001817,Technology,Phones,Wilson Electronics DB Pro Signal Booster,859.2,3,0.2,75.18000000000006
CA-2014-122364,2019-09-24,2019-09-29,Standard Class,FA-14230,Frank Atkinson,Corporate,Los Angeles,California,90008,TEC-MA-10001031,Technology,Machines,Socket Bluetooth Cordless Hand Scanner (CHS),506.28,3,0.2,177.19799999999998
CA-2014-142391,2019-09-24,2019-09-24,Same Day,PB-19150,Philip Brown,Consumer,Seattle,Washington,98115,FUR-FU-10002759,Furniture,Furnishings,12-1/2 Diameter Round Wall Clock,199.8,10,0.0,71.928
CA-2014-130148,2019-09-24,2019-09-28,Second Class,NK-18490,Neil Knudson,Home Office,San Francisco,California,94110,OFF-PA-10000551,Office Supplies,Paper,Array Memo Cubes,31.08,6,0.0,15.229199999999999
CA-2014-130148,2019-09-24,2019-09-28,Second Class,NK-18490,Neil Knudson,Home Office,San Francisco,California,94110,OFF-SU-10001574,Office Supplies,Supplies,Acme Value Line Scissors,7.3,2,0.0,2.1899999999999995
CA-2014-169929,2019-09-25,2019-09-28,First Class,LS-17200,Luke Schmidt,Corporate,Helena,Montana,59601,OFF-ST-10002352,Office Supplies,Storage,Iris Project Case,39.900000000000006,5,0.0,10.373999999999999
US-2014-106145,2019-09-26,2019-09-26,Same Day,RA-19885,Ruben Ausman,Corporate,San Francisco,California,94109,OFF-EN-10001028,Office Supplies,Envelopes,Staple envelope,71.88,6,0.0,33.0648
US-2014-106145,2019-09-26,2019-09-26,Same Day,RA-19885,Ruben Ausman,Corporate,San Francisco,California,94109,FUR-FU-10003829,Furniture,Furnishings,Stackable Trays,9.24,3,0.0,2.9567999999999994
US-2014-106145,2019-09-26,2019-09-26,Same Day,RA-19885,Ruben Ausman,Corporate,San Francisco,California,94109,OFF-PA-10002245,Office Supplies,Paper,Xerox 1895,35.88,6,0.0,16.146
US-2014-106145,2019-09-26,2019-09-26,Same Day,RA-19885,Ruben Ausman,Corporate,San Francisco,California,94109,OFF-BI-10002215,Office Supplies,Binders,"Wilson Jones Hanging View Binder, White, 1""",17.04,3,0.2,5.5379999999999985
US-2014-106145,2019-09-26,2019-09-26,Same Day,RA-19885,Ruben Ausman,Corporate,San Francisco,California,94109,OFF-BI-10003925,Office Supplies,Binders,Fellowes PB300 Plastic Comb Binding Machine,931.1760000000002,3,0.2,314.2719
CA-2014-156391,2019-09-26,2019-09-28,First Class,SL-20155,Sara Luxemburg,Home Office,Salem,Oregon,97301,OFF-AR-10003251,Office Supplies,Art,Prang Drawing Pencil Set,2.2239999999999998,1,0.2,0.5559999999999999
US-2014-125717,2019-09-28,2019-10-01,First Class,DS-13030,Darrin Sayre,Home Office,Aurora,Colorado,80013,FUR-FU-10001979,Furniture,Furnishings,Dana Halogen Swing-Arm Architect Lamp,32.776,1,0.2,3.2776000000000014
US-2014-125717,2019-09-28,2019-10-01,First Class,DS-13030,Darrin Sayre,Home Office,Aurora,Colorado,80013,OFF-ST-10001522,Office Supplies,Storage,"Gould Plastics 18-Pocket Panel Bin, 34w x 5-1/4d x 20-1/2h",147.184,2,0.2,-29.436800000000012
US-2014-125717,2019-09-28,2019-10-01,First Class,DS-13030,Darrin Sayre,Home Office,Aurora,Colorado,80013,TEC-AC-10003657,Technology,Accessories,Lenovo 17-Key USB Numeric Keypad,54.38400000000001,2,0.2,1.359599999999995
US-2014-125717,2019-09-28,2019-10-01,First Class,DS-13030,Darrin Sayre,Home Office,Aurora,Colorado,80013,OFF-BI-10001718,Office Supplies,Binders,GBC DocuBind P50 Personal Binding Machine,76.77600000000001,4,0.7,-58.86159999999998
US-2014-125717,2019-09-28,2019-10-01,First Class,DS-13030,Darrin Sayre,Home Office,Aurora,Colorado,80013,OFF-PA-10003022,Office Supplies,Paper,Xerox 1992,14.352000000000002,3,0.2,5.2026
US-2014-125717,2019-09-28,2019-10-01,First Class,DS-13030,Darrin Sayre,Home Office,Aurora,Colorado,80013,OFF-AP-10000891,Office Supplies,Appliances,Kensington 7 Outlet MasterPiece HOMEOFFICE Power Control Center,209.79200000000003,2,0.2,26.22399999999999
CA-2014-101574,2019-09-28,2019-10-04,Standard Class,BD-11725,Bruce Degenhardt,Consumer,Los Angeles,California,90032,FUR-FU-10001706,Furniture,Furnishings,Longer-Life Soft White Bulbs,9.24,3,0.0,4.4352
CA-2014-140186,2019-09-29,2019-10-02,First Class,PG-18820,Patrick Gardner,Consumer,Bakersfield,California,93309,OFF-FA-10002280,Office Supplies,Fasteners,Advantus Plastic Paper Clips,35.0,7,0.0,16.8
CA-2014-140186,2019-09-29,2019-10-02,First Class,PG-18820,Patrick Gardner,Consumer,Bakersfield,California,93309,FUR-CH-10002961,Furniture,Chairs,"Leather Task Chair, Black",72.784,1,0.2,0.0
CA-2014-140186,2019-09-29,2019-10-02,First Class,PG-18820,Patrick Gardner,Consumer,Bakersfield,California,93309,OFF-AP-10002578,Office Supplies,Appliances,"Fellowes Premier Superior Surge Suppressor, 10-Outlet, With Phone and Remote",97.84,2,0.0,25.4384
CA-2014-140186,2019-09-29,2019-10-02,First Class,PG-18820,Patrick Gardner,Consumer,Bakersfield,California,93309,FUR-FU-10004848,Furniture,Furnishings,"Howard Miller 13-3/4"" Diameter Brushed Chrome Round Wall Clock",51.75,1,0.0,15.524999999999999
CA-2014-140186,2019-09-29,2019-10-02,First Class,PG-18820,Patrick Gardner,Consumer,Bakersfield,California,93309,OFF-BI-10003364,Office Supplies,Binders,Binding Machine Supplies,46.672000000000004,2,0.2,16.3352
US-2014-141509,2019-09-29,2019-10-01,First Class,SC-20575,Sonia Cooley,Consumer,Los Angeles,California,90036,OFF-AR-10002067,Office Supplies,Art,Newell 334,99.2,5,0.0,25.792
CA-2014-137918,2019-09-29,2019-10-06,Standard Class,JK-15730,Joe Kamberova,Consumer,Lodi,California,95240,OFF-SU-10000898,Office Supplies,Supplies,"Acme Hot Forged Carbon Steel Scissors with Nickel-Plated Handles, 3 7/8"" Cut, 8""L",97.3,7,0.0,28.21699999999999
CA-2014-147452,2019-09-30,2019-10-03,First Class,CS-11845,Cari Sayre,Corporate,Seattle,Washington,98103,OFF-PA-10001838,Office Supplies,Paper,"Adams Telephone Message Book W/Dividers/Space For Phone Numbers, 5 1/4""X8 1/2"", 300/Messages",11.76,2,0.0,5.7623999999999995
CA-2014-147452,2019-09-30,2019-10-03,First Class,CS-11845,Cari Sayre,Corporate,Seattle,Washington,98103,OFF-PA-10004039,Office Supplies,Paper,Xerox 1882,167.94,3,0.0,82.2906
CA-2014-147452,2019-09-30,2019-10-03,First Class,CS-11845,Cari Sayre,Corporate,Seattle,Washington,98103,OFF-AP-10001626,Office Supplies,Appliances,"Commercial WindTunnel Clean Air Upright Vacuum, Replacement Belts, Filtration Bags",3.89,1,0.0,1.0114
CA-2014-123029,2019-09-30,2019-10-02,Second Class,BT-11530,Bradley Talbott,Home Office,Los Angeles,California,90049,TEC-AC-10002402,Technology,Accessories,Razer Kraken PRO Over Ear PC and Music Headset,159.98,2,0.0,47.993999999999986
CA-2014-156951,2019-10-01,2019-10-08,Standard Class,EB-13840,Ellis Ballard,Corporate,Seattle,Washington,98105,OFF-PA-10004530,Office Supplies,Paper,Personal Creations Ink Jet Cards and Labels,91.84,8,0.0,45.0016
CA-2014-156951,2019-10-01,2019-10-08,Standard Class,EB-13840,Ellis Ballard,Corporate,Seattle,Washington,98105,OFF-BI-10001107,Office Supplies,Binders,"GBC White Gloss Covers, Plain Front",81.08800000000001,7,0.2,27.3672
CA-2014-156951,2019-10-01,2019-10-08,Standard Class,EB-13840,Ellis Ballard,Corporate,Seattle,Washington,98105,OFF-PA-10004451,Office Supplies,Paper,Xerox 222,19.44,3,0.0,9.3312
CA-2014-156951,2019-10-01,2019-10-08,Standard Class,EB-13840,Ellis Ballard,Corporate,Seattle,Washington,98105,FUR-CH-10004997,Furniture,Chairs,Hon Every-Day Series Multi-Task Chairs,451.15199999999993,3,0.2,0.0
CA-2014-129378,2019-10-01,2019-10-02,First Class,NS-18505,Neola Schneider,Consumer,San Jose,California,95123,OFF-BI-10002012,Office Supplies,Binders,Wilson Jones Easy Flow II Sheet Lifters,1.4400000000000002,1,0.2,0.504
CA-2014-129378,2019-10-01,2019-10-02,First Class,NS-18505,Neola Schneider,Consumer,San Jose,California,95123,OFF-BI-10001922,Office Supplies,Binders,Storex Dura Pro Binders,61.77600000000001,13,0.2,20.849399999999996
CA-2014-129378,2019-10-01,2019-10-02,First Class,NS-18505,Neola Schneider,Consumer,San Jose,California,95123,OFF-AP-10000576,Office Supplies,Appliances,"Belkin 325VA UPS Surge Protector, 6'",241.96,2,0.0,60.49000000000001
CA-2014-129378,2019-10-01,2019-10-02,First Class,NS-18505,Neola Schneider,Consumer,San Jose,California,95123,FUR-CH-10000553,Furniture,Chairs,"Metal Folding Chairs, Beige, 4/Carton",108.608,4,0.2,9.503199999999993
US-2014-139577,2019-10-01,2019-10-06,Standard Class,TN-21040,Tanja Norvell,Home Office,San Francisco,California,94110,TEC-AC-10004708,Technology,Accessories,Sony 32GB Class 10 Micro SDHC R40 Memory Card,104.75,5,0.0,21.9975
CA-2014-101308,2019-10-02,2019-10-07,Standard Class,FG-14260,Frank Gastineau,Home Office,Seattle,Washington,98105,OFF-FA-10002780,Office Supplies,Fasteners,Staples,8.94,3,0.0,4.112399999999999
CA-2014-101308,2019-10-02,2019-10-07,Standard Class,FG-14260,Frank Gastineau,Home Office,Seattle,Washington,98105,TEC-PH-10003800,Technology,Phones,i.Sound Portable Power - 8000 mAh,84.784,2,0.2,-20.136200000000006
CA-2014-105914,2019-10-02,2019-10-08,Standard Class,PV-18985,Paul Van Hugh,Home Office,Los Angeles,California,90036,OFF-BI-10002854,Office Supplies,Binders,"Performers Binder/Pad Holder, Black",112.12000000000002,5,0.2,42.045
CA-2014-105914,2019-10-02,2019-10-08,Standard Class,PV-18985,Paul Van Hugh,Home Office,Los Angeles,California,90036,OFF-ST-10003716,Office Supplies,Storage,Tennsco Double-Tier Lockers,1575.14,7,0.0,204.7682
CA-2014-141117,2019-10-02,2019-10-08,Standard Class,JK-16090,Juliana Krohn,Consumer,Springfield,Oregon,97477,FUR-BO-10001972,Furniture,Bookcases,O'Sullivan 4-Shelf Bookcase in Odessa Pine,217.764,6,0.7,-384.7164
CA-2014-141117,2019-10-02,2019-10-08,Standard Class,JK-16090,Juliana Krohn,Consumer,Springfield,Oregon,97477,OFF-SU-10004664,Office Supplies,Supplies,Acme Softgrip Scissors,39.072,6,0.2,4.395599999999998
CA-2014-141117,2019-10-02,2019-10-08,Standard Class,JK-16090,Juliana Krohn,Consumer,Springfield,Oregon,97477,OFF-BI-10003676,Office Supplies,Binders,"GBC Standard Recycled Report Covers, Clear Plastic Sheets",22.638,7,0.7,-16.6012
CA-2014-141117,2019-10-02,2019-10-08,Standard Class,JK-16090,Juliana Krohn,Consumer,Springfield,Oregon,97477,OFF-AR-10003727,Office Supplies,Art,Berol Giant Pencil Sharpener,95.14399999999999,7,0.2,10.703699999999987
CA-2014-137414,2019-10-02,2019-10-06,Standard Class,CM-12115,Chad McGuire,Consumer,San Francisco,California,94109,FUR-FU-10001424,Furniture,Furnishings,Dax Clear Box Frame,17.46,2,0.0,5.936399999999999
CA-2014-137414,2019-10-02,2019-10-06,Standard Class,CM-12115,Chad McGuire,Consumer,San Francisco,California,94109,TEC-MA-10002930,Technology,Machines,Ricoh - Ink Collector Unit for GX3000 Series Printers,369.16,11,0.2,32.30150000000002
CA-2014-101749,2019-10-03,2019-10-08,Standard Class,AS-10045,Aaron Smayling,Corporate,Pasadena,California,91104,FUR-TA-10001520,Furniture,Tables,"Lesro Sheffield Collection Coffee Table, End Table, Center Table, Corner Table",171.288,3,0.2,-6.423300000000026
CA-2014-167661,2019-10-05,2019-10-10,Standard Class,MP-18175,Mike Pelletier,Home Office,San Francisco,California,94110,OFF-BI-10002571,Office Supplies,Binders,"Avery Framed View Binder, EZD Ring (Locking), Navy, 1 1/2""",39.92,5,0.2,13.472999999999999
CA-2014-167661,2019-10-05,2019-10-10,Standard Class,MP-18175,Mike Pelletier,Home Office,San Francisco,California,94110,OFF-PA-10002581,Office Supplies,Paper,Xerox 1951,61.96,2,0.0,27.881999999999998
CA-2014-167661,2019-10-05,2019-10-10,Standard Class,MP-18175,Mike Pelletier,Home Office,San Francisco,California,94110,OFF-BI-10001097,Office Supplies,Binders,Avery Hole Reinforcements,19.936000000000003,4,0.2,7.2268
CA-2014-157672,2019-10-05,2019-10-07,First Class,RB-19795,Ross Baird,Home Office,Denver,Colorado,80219,TEC-AC-10001714,Technology,Accessories,Logitech MX Performance Wireless Mouse,63.824000000000005,2,0.2,13.562599999999998
CA-2014-131807,2019-10-05,2019-10-10,Standard Class,GG-14650,Greg Guthrie,Corporate,Chico,California,95928,FUR-CH-10001190,Furniture,Chairs,Global Deluxe High-Back Office Chair in Storm,435.16800000000006,4,0.2,-59.83560000000004
CA-2014-131807,2019-10-05,2019-10-10,Standard Class,GG-14650,Greg Guthrie,Corporate,Chico,California,95928,OFF-FA-10002780,Office Supplies,Fasteners,Staples,14.9,5,0.0,6.853999999999999
CA-2014-131807,2019-10-05,2019-10-10,Standard Class,GG-14650,Greg Guthrie,Corporate,Chico,California,95928,OFF-AP-10004052,Office Supplies,Appliances,"Hoover Replacement Belts For Soft Guard & Commercial Ltweight Upright Vacs, 2/Pk",15.8,4,0.0,4.1080000000000005
CA-2014-131807,2019-10-05,2019-10-10,Standard Class,GG-14650,Greg Guthrie,Corporate,Chico,California,95928,FUR-FU-10004666,Furniture,Furnishings,DAX Clear Channel Poster Frame,72.9,5,0.0,26.973000000000003
CA-2014-131807,2019-10-05,2019-10-10,Standard Class,GG-14650,Greg Guthrie,Corporate,Chico,California,95928,FUR-TA-10004086,Furniture,Tables,KI Adjustable-Height Table,206.35200000000003,3,0.2,5.158799999999985
CA-2014-131807,2019-10-05,2019-10-10,Standard Class,GG-14650,Greg Guthrie,Corporate,Chico,California,95928,TEC-PH-10000702,Technology,Phones,"Square Credit Card Reader, 4 1/2"" x 4 1/2"" x 1"", White",7.992000000000001,1,0.2,2.6972999999999994
US-2014-148054,2019-10-06,2019-10-11,Standard Class,NZ-18565,Nick Zandusky,Home Office,Meridian,Idaho,83642,FUR-FU-10003247,Furniture,Furnishings,36X48 HARDFLOOR CHAIRMAT,41.96,2,0.0,2.937199999999997
US-2014-148054,2019-10-06,2019-10-11,Standard Class,NZ-18565,Nick Zandusky,Home Office,Meridian,Idaho,83642,OFF-AP-10004336,Office Supplies,Appliances,"Conquest 14 Commercial Heavy-Duty Upright Vacuum, Collection System, Accessory Kit",227.84,4,0.0,66.07359999999997
US-2014-148054,2019-10-06,2019-10-11,Standard Class,NZ-18565,Nick Zandusky,Home Office,Meridian,Idaho,83642,OFF-PA-10001295,Office Supplies,Paper,Computer Printout Paper with Letter-Trim Perforations,37.94,2,0.0,18.211199999999998
CA-2014-137421,2019-10-06,2019-10-11,Standard Class,AJ-10945,Ashley Jarboe,Consumer,Chandler,Arizona,85224,OFF-AR-10001761,Office Supplies,Art,Avery Hi-Liter Smear-Safe Highlighters,9.344,2,0.2,1.8687999999999998
CA-2014-104003,2019-10-07,2019-10-13,Standard Class,DC-13285,Debra Catini,Consumer,San Francisco,California,94110,FUR-BO-10003965,Furniture,Bookcases,O'Sullivan Manor Hill 2-Door Library in Brianna Oak,307.666,2,0.15,-14.47839999999998
CA-2014-108574,2019-10-07,2019-10-11,Standard Class,MG-18145,Mike Gockenbach,Consumer,Los Angeles,California,90045,TEC-AC-10002049,Technology,Accessories,Logitech G19 Programmable Gaming Keyboard,1115.9099999999999,9,0.0,200.8637999999999
CA-2014-108574,2019-10-07,2019-10-11,Standard Class,MG-18145,Mike Gockenbach,Consumer,Los Angeles,California,90045,TEC-PH-10003555,Technology,Phones,Motorola HK250 Universal Bluetooth Headset,128.744,7,0.2,-28.96739999999999
CA-2014-108574,2019-10-07,2019-10-11,Standard Class,MG-18145,Mike Gockenbach,Consumer,Los Angeles,California,90045,TEC-PH-10000702,Technology,Phones,"Square Credit Card Reader, 4 1/2"" x 4 1/2"" x 1"", White",79.92000000000002,10,0.2,26.972999999999992
CA-2014-105487,2019-10-08,2019-10-14,Standard Class,CS-12250,Chris Selesnick,Corporate,San Diego,California,92105,TEC-PH-10001336,Technology,Phones,Digium D40 VoIP phone,103.19200000000001,1,0.2,11.609099999999998
CA-2014-105487,2019-10-08,2019-10-14,Standard Class,CS-12250,Chris Selesnick,Corporate,San Diego,California,92105,TEC-AC-10002305,Technology,Accessories,KeyTronic E03601U1 - Keyboard - Beige,36.0,2,0.0,6.479999999999997
CA-2014-105487,2019-10-08,2019-10-14,Standard Class,CS-12250,Chris Selesnick,Corporate,San Diego,California,92105,TEC-AC-10003610,Technology,Accessories,Logitech Illuminated - Keyboard,239.96,4,0.0,115.1808
CA-2014-105487,2019-10-08,2019-10-14,Standard Class,CS-12250,Chris Selesnick,Corporate,San Diego,California,92105,OFF-ST-10002301,Office Supplies,Storage,Tennsco Commercial Shelving,40.68,2,0.0,0.40679999999999694
US-2014-115595,2019-10-09,2019-10-11,First Class,XP-21865,Xylona Preis,Consumer,Los Angeles,California,90032,OFF-PA-10001745,Office Supplies,Paper,"Wirebound Message Books, 2 7/8"" x 5"", 3 Forms per Page",35.2,5,0.0,16.543999999999997
CA-2014-168655,2019-10-12,2019-10-18,Standard Class,ML-18040,Michelle Lonsdale,Corporate,Albuquerque,New Mexico,87105,TEC-AC-10002842,Technology,Accessories,WD My Passport Ultra 2TB Portable External Hard Drive,595.0,5,0.0,95.20000000000003
CA-2014-168655,2019-10-12,2019-10-18,Standard Class,ML-18040,Michelle Lonsdale,Corporate,Albuquerque,New Mexico,87105,OFF-BI-10002082,Office Supplies,Binders,GBC Twin Loop Wire Binding Elements,79.87200000000001,3,0.2,29.951999999999998
CA-2014-126536,2019-10-12,2019-10-14,First Class,NK-18490,Neil Knudson,Home Office,San Francisco,California,94110,TEC-AC-10003709,Technology,Accessories,Maxell 4.7GB DVD-R 5/Pack,0.99,1,0.0,0.4356000000000001
CA-2014-126536,2019-10-12,2019-10-14,First Class,NK-18490,Neil Knudson,Home Office,San Francisco,California,94110,OFF-BI-10001191,Office Supplies,Binders,Canvas Sectional Post Binders,101.84,5,0.2,36.917
CA-2014-112431,2019-10-12,2019-10-14,Second Class,RW-19690,Robert Waldorf,Consumer,Los Angeles,California,90049,TEC-AC-10001465,Technology,Accessories,SanDisk Cruzer 64 GB USB Flash Drive,435.84000000000003,12,0.0,130.75199999999995
CA-2014-112431,2019-10-12,2019-10-14,Second Class,RW-19690,Robert Waldorf,Consumer,Los Angeles,California,90049,OFF-AR-10000940,Office Supplies,Art,Newell 343,5.88,2,0.0,1.5876000000000001
CA-2014-135909,2019-10-13,2019-10-20,Standard Class,JW-15220,Jane Waco,Corporate,Sacramento,California,95823,TEC-AC-10002335,Technology,Accessories,Logitech Media Keyboard K200,209.94,6,0.0,39.8886
CA-2014-135909,2019-10-13,2019-10-20,Standard Class,JW-15220,Jane Waco,Corporate,Sacramento,California,95823,TEC-PH-10003187,Technology,Phones,Anker Astro Mini 3000mAh Ultra-Compact Portable Charger,31.983999999999998,2,0.2,-7.9959999999999996
CA-2014-135909,2019-10-13,2019-10-20,Standard Class,JW-15220,Jane Waco,Corporate,Sacramento,California,95823,OFF-BI-10003527,Office Supplies,Binders,Fellowes PB500 Electric Punch Plastic Comb Binding Machine with Manual Bind,5083.96,5,0.2,1906.485
CA-2014-168837,2019-10-14,2019-10-17,First Class,JW-15955,Joni Wasserman,Consumer,Oakland,California,94601,FUR-FU-10001918,Furniture,Furnishings,C-Line Cubicle Keepers Polyproplyene Holder With Velcro Backings,9.46,2,0.0,3.689400000000001
CA-2014-151183,2019-10-14,2019-10-19,Standard Class,BK-11260,Berenike Kampe,Consumer,San Francisco,California,94110,TEC-AC-10003614,Technology,Accessories,"Verbatim 25 GB 6x Blu-ray Single Layer Recordable Disc, 10/Pack",46.36,4,0.0,15.298799999999996
CA-2014-106033,2019-10-15,2019-10-18,Second Class,FG-14260,Frank Gastineau,Home Office,San Francisco,California,94110,OFF-AR-10002818,Office Supplies,Art,Panasonic KP-310 Heavy-Duty Electric Pencil Sharpener,87.92,4,0.0,26.375999999999998
CA-2014-113670,2019-10-15,2019-10-17,First Class,RS-19765,Roland Schwarz,Corporate,Los Angeles,California,90045,FUR-TA-10001705,Furniture,Tables,Bush Advantage Collection Round Conference Table,510.24,3,0.2,6.3779999999999575
CA-2014-113670,2019-10-15,2019-10-17,First Class,RS-19765,Roland Schwarz,Corporate,Los Angeles,California,90045,OFF-PA-10000675,Office Supplies,Paper,Xerox 1919,204.95000000000002,5,0.0,100.4255
CA-2014-142643,2019-10-15,2019-10-20,Standard Class,DL-13495,Dionis Lloyd,Corporate,Thousand Oaks,California,91360,OFF-LA-10003510,Office Supplies,Labels,"Avery 4027 File Folder Labels for Dot Matrix Printers, 5000 Labels per Box, White",152.65,5,0.0,70.21900000000001
CA-2014-142643,2019-10-15,2019-10-20,Standard Class,DL-13495,Dionis Lloyd,Corporate,Thousand Oaks,California,91360,FUR-FU-10000087,Furniture,Furnishings,"Executive Impressions 14"" Two-Color Numerals Wall Clock",22.72,1,0.0,9.3152
CA-2014-154949,2019-10-15,2019-10-19,Standard Class,MC-17275,Marc Crier,Consumer,Camarillo,California,93010,OFF-LA-10002034,Office Supplies,Labels,Avery 478,14.73,3,0.0,7.2177
CA-2014-100237,2019-10-15,2019-10-19,Standard Class,SV-20815,Stuart Van,Corporate,Orem,Utah,84057,OFF-AR-10001761,Office Supplies,Art,Avery Hi-Liter Smear-Safe Highlighters,11.68,2,0.0,4.2048
CA-2014-111577,2019-10-16,2019-10-21,Standard Class,AJ-10780,Anthony Jacobs,Corporate,Scottsdale,Arizona,85254,OFF-PA-10000062,Office Supplies,Paper,Green Bar Computer Printout Paper,307.776,7,0.2,111.5688
CA-2014-159282,2019-10-16,2019-10-21,Standard Class,GH-14410,Gary Hansen,Home Office,Yuma,Arizona,85364,TEC-MA-10001148,Technology,Machines,Swingline SM12-08 MicroCut Jam Free Shredder,599.9850000000001,5,0.7,-479.98799999999994
CA-2014-123246,2019-10-17,2019-10-19,Second Class,AJ-10960,Astrea Jones,Consumer,San Diego,California,92037,OFF-AR-10001770,Office Supplies,Art,Economy #2 Pencils,10.64,4,0.0,2.7664
CA-2014-114804,2019-10-17,2019-10-19,Second Class,BF-11020,Barry Französisch,Corporate,Modesto,California,95351,TEC-PH-10001700,Technology,Phones,Panasonic KX-TG6844B Expandable Digital Cordless Telephone,52.792,1,0.2,4.619300000000003
CA-2014-131492,2019-10-19,2019-10-24,Second Class,HH-15010,Hilary Holden,Corporate,San Francisco,California,94110,OFF-EN-10002973,Office Supplies,Envelopes,Ampad #10 Peel & Seel Holiday Envelopes,8.96,2,0.0,4.300800000000001
CA-2014-131492,2019-10-19,2019-10-24,Second Class,HH-15010,Hilary Holden,Corporate,San Francisco,California,94110,OFF-LA-10001641,Office Supplies,Labels,Avery 518,31.5,10,0.0,15.120000000000001
CA-2014-131492,2019-10-19,2019-10-24,Second Class,HH-15010,Hilary Holden,Corporate,San Francisco,California,94110,FUR-FU-10003878,Furniture,Furnishings,"Linden 10"" Round Wall Clock, Black",30.56,2,0.0,10.3904
CA-2014-131492,2019-10-19,2019-10-24,Second Class,HH-15010,Hilary Holden,Corporate,San Francisco,California,94110,FUR-TA-10003837,Furniture,Tables,Anderson Hickey Conga Table Tops & Accessories,24.368000000000002,2,0.2,-3.350600000000002
CA-2014-125990,2019-10-19,2019-10-23,Standard Class,JS-16030,Joy Smith,Consumer,San Francisco,California,94122,OFF-BI-10004826,Office Supplies,Binders,JM Magazine Binder,39.62400000000001,3,0.2,13.868400000000001
US-2014-146416,2019-10-20,2019-10-22,Second Class,JE-16165,Justin Ellison,Corporate,Woodland,California,95695,OFF-LA-10003714,Office Supplies,Labels,Avery 510,3.75,1,0.0,1.7999999999999998
US-2014-146416,2019-10-20,2019-10-22,Second Class,JE-16165,Justin Ellison,Corporate,Woodland,California,95695,OFF-BI-10001787,Office Supplies,Binders,Wilson Jones Four-Pocket Poly Binders,20.928,4,0.2,7.5864
CA-2014-167094,2019-10-21,2019-10-22,First Class,DK-12835,Damala Kotsonis,Corporate,Springfield,Oregon,97477,OFF-PA-10003953,Office Supplies,Paper,Xerox 218,5.184000000000001,1,0.2,1.8144
CA-2014-167094,2019-10-21,2019-10-22,First Class,DK-12835,Damala Kotsonis,Corporate,Springfield,Oregon,97477,FUR-CH-10000155,Furniture,Chairs,Global Comet Stacking Armless Chair,478.48,2,0.2,47.84800000000001
CA-2014-167094,2019-10-21,2019-10-22,First Class,DK-12835,Damala Kotsonis,Corporate,Springfield,Oregon,97477,TEC-AC-10003116,Technology,Accessories,Memorex Froggy Flash Drive 8 GB,28.400000000000002,2,0.2,6.744999999999998
US-2014-117331,2019-10-21,2019-10-28,Standard Class,ND-18370,Natalie DeCherney,Consumer,Glendale,Arizona,85301,OFF-BI-10003984,Office Supplies,Binders,Lock-Up Easel 'Spel-Binder',8.559000000000001,1,0.7,-6.5619
CA-2014-101581,2019-10-22,2019-10-27,Standard Class,DW-13195,David Wiener,Corporate,Redmond,Oregon,97756,FUR-TA-10002607,Furniture,Tables,KI Conference Tables,177.225,5,0.5,-120.51299999999998
CA-2014-130141,2019-10-22,2019-10-24,Second Class,HA-14905,Helen Abelman,Consumer,Fort Collins,Colorado,80525,OFF-BI-10000831,Office Supplies,Binders,Storex Flexible Poly Binders with Double Pockets,3.1680000000000006,4,0.7,-2.5343999999999998
CA-2014-130141,2019-10-22,2019-10-24,Second Class,HA-14905,Helen Abelman,Consumer,Fort Collins,Colorado,80525,FUR-CH-10000749,Furniture,Chairs,Office Star - Ergonomic Mid Back Chair with 2-Way Adjustable Arms,579.136,4,0.2,-28.95679999999993
CA-2014-130764,2019-10-27,2019-10-28,First Class,JO-15145,Jack O'Briant,Corporate,San Francisco,California,94110,FUR-BO-10003034,Furniture,Bookcases,"O'Sullivan Elevations Bookcase, Cherry Finish",556.665,5,0.15,6.549000000000021
CA-2014-130764,2019-10-27,2019-10-28,First Class,JO-15145,Jack O'Briant,Corporate,San Francisco,California,94110,TEC-PH-10003215,Technology,Phones,Jackery Bar Premium Fast-charging Portable Charger,95.84,4,0.2,34.742
CA-2014-151225,2019-10-27,2019-10-29,First Class,JM-15655,Jim Mitchum,Corporate,Los Angeles,California,90032,FUR-TA-10001539,Furniture,Tables,Chromcraft Rectangular Conference Tables,189.57600000000002,1,0.2,9.478799999999978
CA-2014-151225,2019-10-27,2019-10-29,First Class,JM-15655,Jim Mitchum,Corporate,Los Angeles,California,90032,TEC-PH-10004100,Technology,Phones,Griffin GC17055 Auxiliary Audio Cable,71.96,5,0.2,7.1960000000000015
CA-2014-134880,2019-10-27,2019-11-01,Standard Class,TW-21025,Tamara Willingham,Home Office,Mesa,Arizona,85204,OFF-PA-10004039,Office Supplies,Paper,Xerox 1882,44.784,1,0.2,16.2342
CA-2014-139661,2019-10-30,2019-11-03,Standard Class,JW-15220,Jane Waco,Corporate,Vancouver,Washington,98661,FUR-FU-10002885,Furniture,Furnishings,Magna Visual Magnetic Picture Hangers,9.64,2,0.0,3.6632000000000007
CA-2014-127285,2019-10-30,2019-11-06,Standard Class,MM-18055,Michelle Moray,Consumer,Seattle,Washington,98115,OFF-BI-10004330,Office Supplies,Binders,"GBC Velobind Prepunched Cover Sets, Regency Series",88.752,3,0.2,27.734999999999996
CA-2014-127285,2019-10-30,2019-11-06,Standard Class,MM-18055,Michelle Moray,Consumer,Seattle,Washington,98115,OFF-BI-10002072,Office Supplies,Binders,Cardinal Slant-D Ring Binders,13.904,2,0.2,5.2139999999999995
CA-2014-123491,2019-10-30,2019-11-05,Standard Class,JK-15205,Jamie Kunitz,Consumer,San Francisco,California,94122,OFF-LA-10003077,Office Supplies,Labels,Avery 500,43.86,6,0.0,20.614199999999997
CA-2014-123491,2019-10-30,2019-11-05,Standard Class,JK-15205,Jamie Kunitz,Consumer,San Francisco,California,94122,TEC-PH-10003505,Technology,Phones,Geemarc AmpliPOWER60,148.48,2,0.2,16.703999999999986
CA-2014-123491,2019-10-30,2019-11-05,Standard Class,JK-15205,Jamie Kunitz,Consumer,San Francisco,California,94122,OFF-PA-10003424,Office Supplies,Paper,"""While you Were Out"" Message Book, One Form per Page",7.42,2,0.0,3.71
CA-2014-123491,2019-10-30,2019-11-05,Standard Class,JK-15205,Jamie Kunitz,Consumer,San Francisco,California,94122,FUR-CH-10003061,Furniture,Chairs,"Global Leather Task Chair, Black",71.992,1,0.2,-0.899900000000013
CA-2014-123491,2019-10-30,2019-11-05,Standard Class,JK-15205,Jamie Kunitz,Consumer,San Francisco,California,94122,OFF-AR-10003514,Office Supplies,Art,4009 Highlighters by Sanford,19.9,5,0.0,6.566999999999998
CA-2014-123491,2019-10-30,2019-11-05,Standard Class,JK-15205,Jamie Kunitz,Consumer,San Francisco,California,94122,OFF-AP-10002684,Office Supplies,Appliances,"Acco 7-Outlet Masterpiece Power Center, Wihtout Fax/Phone Line Protection",1702.12,14,0.0,510.63599999999985
CA-2014-142622,2019-10-30,2019-11-02,First Class,JK-15625,Jim Karlsson,Consumer,Seattle,Washington,98115,FUR-CH-10003833,Furniture,Chairs,Novimex Fabric Task Chair,97.568,2,0.2,-6.0980000000000025
CA-2014-142622,2019-10-30,2019-11-02,First Class,JK-15625,Jim Karlsson,Consumer,Seattle,Washington,98115,FUR-CH-10004289,Furniture,Chairs,Global Super Steno Chair,614.272,8,0.2,-23.03520000000006
CA-2014-142622,2019-10-30,2019-11-02,First Class,JK-15625,Jim Karlsson,Consumer,Seattle,Washington,98115,FUR-BO-10004467,Furniture,Bookcases,Bestar Classic Bookcase,199.98,2,0.0,37.99619999999999
CA-2014-123967,2019-11-01,2019-11-03,Second Class,SF-20200,Sarah Foster,Consumer,Bellingham,Washington,98226,OFF-BI-10001308,Office Supplies,Binders,GBC Standard Plastic Binding Systems' Combs,25.120000000000005,5,0.2,7.849999999999998
CA-2014-123967,2019-11-01,2019-11-03,Second Class,SF-20200,Sarah Foster,Consumer,Bellingham,Washington,98226,FUR-TA-10003954,Furniture,Tables,Hon 94000 Series Round Tables,2665.62,9,0.0,239.9058000000001
CA-2014-164049,2019-11-02,2019-11-06,Standard Class,KH-16630,Ken Heidel,Corporate,Seattle,Washington,98105,OFF-PA-10000791,Office Supplies,Paper,"Wirebound Message Books, Four 2 3/4 x 5 Forms per Page, 200 Sets per Book",23.849999999999998,5,0.0,10.732499999999998
US-2014-163790,2019-11-02,2019-11-04,Second Class,NL-18310,Nancy Lomonaco,Home Office,Danville,California,94526,OFF-EN-10001335,Office Supplies,Envelopes,"White Business Envelopes with Contemporary Seam, Recycled White Business Envelopes",76.58,7,0.0,38.29
US-2014-163790,2019-11-02,2019-11-04,Second Class,NL-18310,Nancy Lomonaco,Home Office,Danville,California,94526,OFF-AR-10003469,Office Supplies,Art,Nontoxic Chalk,8.8,5,0.0,4.224
US-2014-163790,2019-11-02,2019-11-04,Second Class,NL-18310,Nancy Lomonaco,Home Office,Danville,California,94526,OFF-BI-10003718,Office Supplies,Binders,GBC Therma-A-Bind 250T Electric Binding System,590.352,6,0.2,206.62319999999997
US-2014-163790,2019-11-02,2019-11-04,Second Class,NL-18310,Nancy Lomonaco,Home Office,Danville,California,94526,OFF-FA-10004838,Office Supplies,Fasteners,"Super Bands, 12/Pack",5.58,3,0.0,0.16740000000000022
US-2014-163790,2019-11-02,2019-11-04,Second Class,NL-18310,Nancy Lomonaco,Home Office,Danville,California,94526,FUR-FU-10002508,Furniture,Furnishings,Document Clip Frames,25.02,3,0.0,10.508400000000002
US-2014-163790,2019-11-02,2019-11-04,Second Class,NL-18310,Nancy Lomonaco,Home Office,Danville,California,94526,OFF-ST-10001511,Office Supplies,Storage,Space Solutions Commercial Steel Shelving,452.55000000000007,7,0.0,22.627499999999962
CA-2014-168179,2019-11-02,2019-11-07,Standard Class,JB-16000,Joy Bell-,Consumer,Salt Lake City,Utah,84106,OFF-PA-10001800,Office Supplies,Paper,Xerox 220,19.44,3,0.0,9.3312
US-2014-115609,2019-11-02,2019-11-07,Standard Class,CS-12505,Cindy Stewart,Consumer,Los Angeles,California,90036,OFF-AP-10003040,Office Supplies,Appliances,Fellowes 8 Outlet Superior Workstation Surge Protector w/o Phone/Fax/Modem Protection,168.1,5,0.0,43.705999999999996
CA-2014-142636,2019-11-03,2019-11-07,Standard Class,KC-16675,Kimberly Carter,Corporate,Seattle,Washington,98105,OFF-PA-10000157,Office Supplies,Paper,Xerox 191,139.86,7,0.0,65.73419999999999
CA-2014-142636,2019-11-03,2019-11-07,Standard Class,KC-16675,Kimberly Carter,Corporate,Seattle,Washington,98105,FUR-CH-10001891,Furniture,Chairs,Global Deluxe Office Fabric Chairs,307.136,4,0.2,26.874400000000023
CA-2014-143329,2019-11-03,2019-11-08,Standard Class,DL-13330,Denise Leinenbach,Consumer,Las Cruces,New Mexico,88001,FUR-FU-10000629,Furniture,Furnishings,9-3/4 Diameter Round Wall Clock,41.37,3,0.0,17.3754
US-2014-110989,2019-11-03,2019-11-05,Second Class,EJ-14155,Eva Jacobs,Consumer,Seattle,Washington,98105,TEC-AC-10002345,Technology,Accessories,HP Standard 104 key PS/2 Keyboard,43.5,3,0.0,10.875
CA-2014-148320,2019-11-03,2019-11-08,Standard Class,PG-18895,Paul Gonzalez,Consumer,San Francisco,California,94109,OFF-PA-10003022,Office Supplies,Paper,Xerox 1992,35.88,6,0.0,17.581200000000003
US-2014-105998,2019-11-03,2019-11-05,First Class,CR-12580,Clay Rozendal,Home Office,San Diego,California,92037,TEC-AC-10004469,Technology,Accessories,Microsoft Sculpt Comfort Mouse,199.75,5,0.0,87.89000000000001
US-2014-105998,2019-11-03,2019-11-05,First Class,CR-12580,Clay Rozendal,Home Office,San Diego,California,92037,FUR-TA-10001095,Furniture,Tables,Chromcraft Round Conference Tables,1673.1839999999997,12,0.2,20.914800000000014
US-2014-168802,2019-11-03,2019-11-07,Standard Class,JO-15145,Jack O'Briant,Corporate,Seattle,Washington,98103,OFF-BI-10002393,Office Supplies,Binders,Binder Posts,18.368000000000002,4,0.2,5.9696
CA-2014-135419,2019-11-03,2019-11-09,Standard Class,BG-11740,Bruce Geld,Consumer,Bakersfield,California,93309,FUR-TA-10001086,Furniture,Tables,"SAFCO PlanMaster Boards, 60w x 37-1/2d, White Melamine",486.36800000000005,4,0.2,36.477600000000024
US-2014-107272,2019-11-05,2019-11-12,Standard Class,TS-21610,Troy Staebel,Consumer,Phoenix,Arizona,85023,OFF-BI-10003274,Office Supplies,Binders,"Avery Durable Slant Ring Binders, No Labels",2.3880000000000003,2,0.7,-1.8308
US-2014-107272,2019-11-05,2019-11-12,Standard Class,TS-21610,Troy Staebel,Consumer,Phoenix,Arizona,85023,OFF-ST-10002974,Office Supplies,Storage,"Trav-L-File Heavy-Duty Shuttle II, Black",243.99200000000002,7,0.2,30.49899999999998
US-2014-111745,2019-11-05,2019-11-06,First Class,RA-19885,Ruben Ausman,Corporate,Farmington,New Mexico,87401,TEC-AC-10003911,Technology,Accessories,NETGEAR AC1750 Dual Band Gigabit Smart WiFi Router,159.99,1,0.0,54.39659999999999
CA-2014-157196,2019-11-05,2019-11-09,Standard Class,AA-10645,Anna Andreadi,Consumer,San Diego,California,92105,OFF-PA-10003172,Office Supplies,Paper,Xerox 1996,12.96,2,0.0,6.2208000000000006
US-2014-109484,2019-11-06,2019-11-12,Standard Class,RB-19705,Roger Barcio,Home Office,Portland,Oregon,97206,OFF-BI-10004738,Office Supplies,Binders,Flexible Leather- Look Classic Collection Ring Binder,5.682000000000001,1,0.7,-3.7880000000000003
CA-2014-100013,2019-11-06,2019-11-11,Standard Class,ZC-21910,Zuschuss Carroll,Consumer,Los Angeles,California,90045,OFF-EN-10001219,Office Supplies,Envelopes,"#10- 4 1/8"" x 9 1/2"" Security-Tint Envelopes",15.28,2,0.0,7.4872
CA-2014-100013,2019-11-06,2019-11-11,Standard Class,ZC-21910,Zuschuss Carroll,Consumer,Los Angeles,California,90045,FUR-FU-10001424,Furniture,Furnishings,Dax Clear Box Frame,8.73,1,0.0,2.9681999999999995
CA-2014-100013,2019-11-06,2019-11-11,Standard Class,ZC-21910,Zuschuss Carroll,Consumer,Los Angeles,California,90045,OFF-AR-10001022,Office Supplies,Art,SANFORD Liquid Accent Tank-Style Highlighters,5.68,2,0.0,1.7607999999999997
US-2014-153948,2019-11-06,2019-11-06,Same Day,FM-14290,Frank Merwin,Home Office,San Francisco,California,94122,OFF-PA-10000157,Office Supplies,Paper,Xerox 191,59.94,3,0.0,28.171799999999998
US-2014-153948,2019-11-06,2019-11-06,Same Day,FM-14290,Frank Merwin,Home Office,San Francisco,California,94122,OFF-PA-10002764,Office Supplies,Paper,Easy-staple paper,45.36,4,0.0,22.226399999999998
US-2014-153948,2019-11-06,2019-11-06,Same Day,FM-14290,Frank Merwin,Home Office,San Francisco,California,94122,OFF-PA-10000143,Office Supplies,Paper,Astroparche Fine Business Paper,26.400000000000002,5,0.0,12.672
US-2014-153948,2019-11-06,2019-11-06,Same Day,FM-14290,Frank Merwin,Home Office,San Francisco,California,94122,OFF-LA-10000414,Office Supplies,Labels,Avery 503,41.4,4,0.0,19.872
US-2014-153948,2019-11-06,2019-11-06,Same Day,FM-14290,Frank Merwin,Home Office,San Francisco,California,94122,TEC-AC-10003441,Technology,Accessories,Kingston Digital DataTraveler 32GB USB 2.0,16.95,1,0.0,1.0169999999999995
CA-2014-107174,2019-11-06,2019-11-13,Standard Class,AB-10060,Adam Bellavance,Home Office,Seattle,Washington,98105,FUR-TA-10004575,Furniture,Tables,Hon 5100 Series Wood Tables,2036.8600000000001,7,0.0,366.6347999999999
CA-2014-107174,2019-11-06,2019-11-13,Standard Class,AB-10060,Adam Bellavance,Home Office,Seattle,Washington,98105,FUR-CH-10003312,Furniture,Chairs,Hon 2090 “Pillow Soft” Series Mid Back Swivel/Tilt Chairs,449.56800000000004,2,0.2,-73.05480000000007
CA-2014-107174,2019-11-06,2019-11-13,Standard Class,AB-10060,Adam Bellavance,Home Office,Seattle,Washington,98105,TEC-AC-10001465,Technology,Accessories,SanDisk Cruzer 64 GB USB Flash Drive,108.96000000000001,3,0.0,32.68799999999999
CA-2014-122504,2019-11-07,2019-11-12,Second Class,DB-13270,Deborah Brumfield,Home Office,Brentwood,California,94513,TEC-AC-10003289,Technology,Accessories,Anker Ultra-Slim Mini Bluetooth 3.0 Wireless Keyboard,59.97,3,0.0,13.793099999999999
CA-2014-122504,2019-11-07,2019-11-12,Second Class,DB-13270,Deborah Brumfield,Home Office,Brentwood,California,94513,TEC-PH-10002468,Technology,Phones,"Plantronics CS 50-USB - headset - Convertible, Monaural",761.5440000000001,7,0.2,66.63510000000002
CA-2014-152737,2019-11-07,2019-11-12,Standard Class,TS-21505,Tony Sayre,Consumer,San Francisco,California,94122,OFF-BI-10002982,Office Supplies,Binders,Avery Self-Adhesive Photo Pockets for Polaroid Photos,21.792,4,0.2,7.627199999999998
CA-2014-152737,2019-11-07,2019-11-12,Standard Class,TS-21505,Tony Sayre,Consumer,San Francisco,California,94122,TEC-AC-10004975,Technology,Accessories,Plantronics Audio 995 Wireless Stereo Headset,439.8,4,0.0,145.13400000000001
CA-2014-158246,2019-11-09,2019-11-11,First Class,JB-15400,Jennifer Braxton,Corporate,Sunnyvale,California,94086,FUR-CH-10003061,Furniture,Chairs,"Global Leather Task Chair, Black",215.976,3,0.2,-2.6997000000000355
CA-2014-159597,2019-11-09,2019-11-14,Standard Class,MC-17590,Matt Collister,Corporate,Coachella,California,92236,OFF-ST-10002289,Office Supplies,Storage,"Safco Wire Cube Shelving System, For Use as 4 or 5 14"" Cubes, Black",63.56,2,0.0,3.1779999999999973
CA-2014-159597,2019-11-09,2019-11-14,Standard Class,MC-17590,Matt Collister,Corporate,Coachella,California,92236,TEC-AC-10004171,Technology,Accessories,Razer Kraken 7.1 Surround Sound Over Ear USB Gaming Headset,99.99,1,0.0,43.9956
US-2014-141852,2019-11-09,2019-11-14,Standard Class,JE-15745,Joel Eaton,Consumer,Oceanside,California,92054,FUR-FU-10000023,Furniture,Furnishings,Eldon Wave Desk Accessories,47.12,8,0.0,20.7328
CA-2014-119494,2019-11-09,2019-11-13,Standard Class,JE-15610,Jim Epp,Corporate,San Diego,California,92105,FUR-CH-10004675,Furniture,Chairs,"Lifetime Advantage Folding Chairs, 4/Carton",523.392,3,0.2,52.33919999999998
US-2014-155425,2019-11-10,2019-11-11,First Class,AB-10600,Ann Blume,Corporate,Tucson,Arizona,85705,OFF-BI-10001036,Office Supplies,Binders,Cardinal EasyOpen D-Ring Binders,38.388000000000005,14,0.7,-25.592
US-2014-155425,2019-11-10,2019-11-11,First Class,AB-10600,Ann Blume,Corporate,Tucson,Arizona,85705,TEC-MA-10003183,Technology,Machines,DYMO CardScan Personal V9 Business Card Scanner,95.99400000000001,2,0.7,-63.99599999999998
US-2014-155425,2019-11-10,2019-11-11,First Class,AB-10600,Ann Blume,Corporate,Tucson,Arizona,85705,TEC-AC-10001314,Technology,Accessories,Case Logic 2.4GHz Wireless Keyboard,239.95200000000003,6,0.2,-35.99280000000004
US-2014-155425,2019-11-10,2019-11-11,First Class,AB-10600,Ann Blume,Corporate,Tucson,Arizona,85705,TEC-PH-10002563,Technology,Phones,Adtran 1202752G1,201.584,2,0.2,15.118800000000007
US-2014-155425,2019-11-10,2019-11-11,First Class,AB-10600,Ann Blume,Corporate,Tucson,Arizona,85705,FUR-CH-10003312,Furniture,Chairs,Hon 2090 “Pillow Soft” Series Mid Back Swivel/Tilt Chairs,899.1360000000001,4,0.2,-146.10960000000014
CA-2014-163874,2019-11-10,2019-11-12,Second Class,NC-18535,Nick Crebassa,Corporate,Seattle,Washington,98105,OFF-BI-10000088,Office Supplies,Binders,GBC Imprintable Covers,26.352000000000004,3,0.2,9.552599999999998
CA-2014-162096,2019-11-10,2019-11-10,Same Day,TB-21190,Thomas Brumley,Home Office,Riverside,California,92503,OFF-AR-10002221,Office Supplies,Art,12 Colored Short Pencils,7.800000000000001,3,0.0,2.1060000000000008
US-2014-128447,2019-11-10,2019-11-17,Standard Class,MC-17845,Michael Chen,Consumer,Pasco,Washington,99301,OFF-AP-10004540,Office Supplies,Appliances,"Eureka The Boss Lite 10-Amp Upright Vacuum, Blue",400.79999999999995,5,0.0,112.224
US-2014-128447,2019-11-10,2019-11-17,Standard Class,MC-17845,Michael Chen,Consumer,Pasco,Washington,99301,OFF-BI-10001543,Office Supplies,Binders,GBC VeloBinder Manual Binding System,28.792,1,0.2,10.077200000000001
CA-2014-141138,2019-11-10,2019-11-16,Standard Class,GH-14425,Gary Hwang,Consumer,Modesto,California,95351,TEC-AC-10001772,Technology,Accessories,Memorex Mini Travel Drive 16 GB USB 2.0 Flash Drive,111.79,7,0.0,43.5981
CA-2014-137624,2019-11-10,2019-11-17,Standard Class,ME-17320,Maria Etezadi,Home Office,Los Angeles,California,90008,FUR-CH-10001714,Furniture,Chairs,"Global Leather & Oak Executive Chair, Burgundy",241.42399999999998,2,0.2,-36.213599999999985
CA-2014-110842,2019-11-11,2019-11-16,Standard Class,GA-14725,Guy Armstrong,Consumer,Los Angeles,California,90036,OFF-AP-10003971,Office Supplies,Appliances,Belkin 6 Outlet Metallic Surge Strip,10.89,1,0.0,2.8314000000000004
CA-2014-110842,2019-11-11,2019-11-16,Standard Class,GA-14725,Guy Armstrong,Consumer,Los Angeles,California,90036,OFF-PA-10000520,Office Supplies,Paper,Xerox 201,19.44,3,0.0,9.3312
CA-2014-110842,2019-11-11,2019-11-16,Standard Class,GA-14725,Guy Armstrong,Consumer,Los Angeles,California,90036,OFF-BI-10000977,Office Supplies,Binders,Ibico Plastic Spiral Binding Combs,121.6,5,0.2,39.51999999999999
CA-2014-148985,2019-11-11,2019-11-15,Second Class,TB-21190,Thomas Brumley,Home Office,Los Angeles,California,90045,FUR-FU-10001424,Furniture,Furnishings,Dax Clear Box Frame,34.92,4,0.0,11.872799999999998
CA-2014-160514,2019-11-12,2019-11-16,Standard Class,DB-13120,David Bremer,Corporate,Santa Clara,California,95051,OFF-PA-10002479,Office Supplies,Paper,Xerox 4200 Series MultiUse Premium Copy Paper (20Lb. and 84 Bright),10.56,2,0.0,4.752
CA-2014-134915,2019-11-12,2019-11-12,Same Day,EM-14140,Eugene Moren,Home Office,Glendale,Arizona,85301,TEC-AC-10001266,Technology,Accessories,Memorex Micro Travel Drive 8 GB,41.6,4,0.2,12.999999999999998
CA-2014-134915,2019-11-12,2019-11-12,Same Day,EM-14140,Eugene Moren,Home Office,Glendale,Arizona,85301,OFF-PA-10002160,Office Supplies,Paper,Xerox 1978,23.120000000000005,5,0.2,8.381
CA-2014-134915,2019-11-12,2019-11-12,Same Day,EM-14140,Eugene Moren,Home Office,Glendale,Arizona,85301,FUR-CH-10004875,Furniture,Chairs,Harbour Creations 67200 Series Stacking Chairs,113.88800000000002,2,0.2,9.9652
CA-2014-134915,2019-11-12,2019-11-12,Same Day,EM-14140,Eugene Moren,Home Office,Glendale,Arizona,85301,FUR-FU-10000305,Furniture,Furnishings,"Tenex V2T-RE Standard Weight Series Chair Mat, 45"" x 53"", Lip 25"" x 12""",113.56800000000001,2,0.2,-5.6784000000000034
CA-2014-134915,2019-11-12,2019-11-12,Same Day,EM-14140,Eugene Moren,Home Office,Glendale,Arizona,85301,TEC-PH-10000347,Technology,Phones,Cush Cases Heavy Duty Rugged Cover Case for Samsung Galaxy S5 - Purple,7.920000000000001,2,0.2,0.6929999999999998
CA-2014-134915,2019-11-12,2019-11-12,Same Day,EM-14140,Eugene Moren,Home Office,Glendale,Arizona,85301,TEC-PH-10001459,Technology,Phones,Samsung Galaxy Mega 6.3,671.984,2,0.2,50.39880000000002
CA-2014-164364,2019-11-12,2019-11-16,Standard Class,CS-12355,Christine Sundaresam,Consumer,Seattle,Washington,98115,OFF-LA-10004853,Office Supplies,Labels,Avery 483,9.96,2,0.0,4.5816
CA-2014-164364,2019-11-12,2019-11-16,Standard Class,CS-12355,Christine Sundaresam,Consumer,Seattle,Washington,98115,OFF-AR-10000315,Office Supplies,Art,"Dixon Ticonderoga Maple Cedar Pencil, #2",9.209999999999999,3,0.0,2.3025
CA-2014-164364,2019-11-12,2019-11-16,Standard Class,CS-12355,Christine Sundaresam,Consumer,Seattle,Washington,98115,OFF-SU-10000381,Office Supplies,Supplies,Acme Forged Steel Scissors with Black Enamel Handles,27.93,3,0.0,8.099699999999999
US-2014-136707,2019-11-12,2019-11-15,First Class,JE-15610,Jim Epp,Corporate,Los Angeles,California,90036,OFF-BI-10003460,Office Supplies,Binders,Acco 3-Hole Punch,14.016,4,0.2,4.9056
CA-2014-149944,2019-11-12,2019-11-16,Second Class,MB-17305,Maria Bertelson,Consumer,Longview,Washington,98632,OFF-FA-10003495,Office Supplies,Fasteners,Staples,18.240000000000002,3,0.0,9.120000000000001
CA-2014-149944,2019-11-12,2019-11-16,Second Class,MB-17305,Maria Bertelson,Consumer,Longview,Washington,98632,OFF-AP-10004708,Office Supplies,Appliances,Fellowes Superior 10 Outlet Split Surge Protector,76.12,2,0.0,22.074799999999996
US-2014-132220,2019-11-12,2019-11-16,Standard Class,DJ-13510,Don Jones,Corporate,Tempe,Arizona,85281,TEC-AC-10004227,Technology,Accessories,SanDisk Ultra 16 GB MicroSDHC Class 10 Memory Card,62.352000000000004,6,0.2,-10.911600000000007
US-2014-125808,2019-11-12,2019-11-15,Second Class,EP-13915,Emily Phan,Consumer,Los Angeles,California,90032,OFF-PA-10001846,Office Supplies,Paper,Xerox 1899,11.56,2,0.0,5.6644000000000005
CA-2014-122490,2019-11-13,2019-11-18,Standard Class,TT-21070,Ted Trevino,Consumer,Seattle,Washington,98103,FUR-CH-10001215,Furniture,Chairs,Global Troy Executive Leather Low-Back Tilter,2404.704,6,0.2,150.29399999999998
CA-2014-122490,2019-11-13,2019-11-18,Standard Class,TT-21070,Ted Trevino,Consumer,Seattle,Washington,98103,OFF-BI-10001718,Office Supplies,Binders,GBC DocuBind P50 Personal Binding Machine,563.024,11,0.2,190.02059999999997
CA-2014-122490,2019-11-13,2019-11-18,Standard Class,TT-21070,Ted Trevino,Consumer,Seattle,Washington,98103,OFF-ST-10000991,Office Supplies,Storage,Space Solutions HD Industrial Steel Shelving.,344.90999999999997,3,0.0,10.347300000000004
CA-2014-122490,2019-11-13,2019-11-18,Standard Class,TT-21070,Ted Trevino,Consumer,Seattle,Washington,98103,OFF-LA-10001613,Office Supplies,Labels,Avery File Folder Labels,8.64,3,0.0,4.2336
CA-2014-123624,2019-11-13,2019-11-17,Second Class,SE-20110,Sanjit Engle,Consumer,Oxnard,California,93030,TEC-AC-10000682,Technology,Accessories,Kensington K72356US Mouse-in-a-Box USB Desktop Mouse,82.95,5,0.0,29.0325
US-2014-140312,2019-11-13,2019-11-19,Standard Class,KL-16645,Ken Lonsdale,Consumer,Dublin,California,94568,TEC-PH-10003442,Technology,Phones,Samsung Replacement EH64AVFWE Premium Headset,22.0,5,0.2,1.375
CA-2014-152142,2019-11-14,2019-11-19,Standard Class,LW-16990,Lindsay Williams,Corporate,San Francisco,California,94110,FUR-CH-10002965,Furniture,Chairs,"Global Leather Highback Executive Chair with Pneumatic Height Adjustment, Black",321.568,2,0.2,28.137200000000007
CA-2014-124261,2019-11-14,2019-11-19,Standard Class,JE-15715,Joe Elijah,Consumer,Los Angeles,California,90049,OFF-AR-10003504,Office Supplies,Art,Newell 347,34.24,8,0.0,9.929599999999997
CA-2014-137022,2019-11-16,2019-11-22,Standard Class,SW-20275,Scott Williamson,Consumer,San Diego,California,92105,OFF-ST-10001963,Office Supplies,Storage,Tennsco Regal Shelving Units,811.28,8,0.0,24.33839999999998
CA-2014-136308,2019-11-16,2019-11-16,Same Day,MW-18235,Mitch Willingham,Corporate,San Francisco,California,94122,TEC-MA-10000488,Technology,Machines,Bady BDG101FRU Card Printer,1919.976,3,0.2,215.99729999999977
CA-2014-100601,2019-11-16,2019-11-20,Standard Class,JK-15370,Jay Kimmel,Consumer,Fresno,California,93727,OFF-ST-10002486,Office Supplies,Storage,Eldon Shelf Savers Cubes and Bins,48.86,7,0.0,0.9771999999999981
CA-2014-108091,2019-11-16,2019-11-21,Standard Class,EK-13795,Eileen Kiefer,Home Office,Escondido,California,92025,OFF-AR-10000255,Office Supplies,Art,Newell 328,23.36,4,0.0,6.073599999999999
US-2014-107888,2019-11-16,2019-11-19,First Class,CC-12220,Chris Cortes,Consumer,Seattle,Washington,98103,OFF-PA-10001363,Office Supplies,Paper,Xerox 1933,73.67999999999999,6,0.0,34.629599999999996
US-2014-107888,2019-11-16,2019-11-19,First Class,CC-12220,Chris Cortes,Consumer,Seattle,Washington,98103,FUR-FU-10003394,Furniture,Furnishings,"Tenex ""The Solids"" Textured Chair Mats",139.92,2,0.0,23.786399999999986
US-2014-107888,2019-11-16,2019-11-19,First Class,CC-12220,Chris Cortes,Consumer,Seattle,Washington,98103,TEC-PH-10003171,Technology,Phones,Plantronics Encore H101 Dual Earpieces Headset,107.88,3,0.2,10.787999999999997
US-2014-107888,2019-11-16,2019-11-19,First Class,CC-12220,Chris Cortes,Consumer,Seattle,Washington,98103,OFF-ST-10003123,Office Supplies,Storage,Fellowes Bases and Tops For Staxonsteel/High-Stak Systems,33.29,1,0.0,7.989599999999999
CA-2014-122945,2019-11-16,2019-11-22,Standard Class,MB-18085,Mick Brown,Consumer,Roseville,California,95661,FUR-FU-10001196,Furniture,Furnishings,DAX Cubicle Frames - 8x10,17.31,3,0.0,5.193
CA-2014-157448,2019-11-16,2019-11-20,Standard Class,LC-16885,Lena Creighton,Consumer,Los Angeles,California,90049,FUR-FU-10003268,Furniture,Furnishings,Eldon Radial Chair Mat for Low to Medium Pile Carpets,119.94,3,0.0,23.987999999999996
CA-2014-157448,2019-11-16,2019-11-20,Standard Class,LC-16885,Lena Creighton,Consumer,Los Angeles,California,90049,FUR-FU-10001847,Furniture,Furnishings,Eldon Image Series Black Desk Accessories,12.419999999999998,3,0.0,4.4712
CA-2014-118122,2019-11-17,2019-11-24,Standard Class,GG-14650,Greg Guthrie,Corporate,Seattle,Washington,98103,OFF-BI-10002103,Office Supplies,Binders,"Cardinal Slant-D Ring Binder, Heavy Gauge Vinyl",13.904,2,0.2,4.5188
CA-2014-158120,2019-11-17,2019-11-21,Standard Class,KH-16330,Katharine Harms,Corporate,Hillsboro,Oregon,97123,OFF-PA-10003205,Office Supplies,Paper,"Wirebound Message Forms, Four 2 3/4 x 5 Forms per Page, Pink Paper",19.608,3,0.2,6.6177
CA-2014-158120,2019-11-17,2019-11-21,Standard Class,KH-16330,Katharine Harms,Corporate,Hillsboro,Oregon,97123,OFF-BI-10002813,Office Supplies,Binders,Avery Reinforcements for Hole-Punch Pages,4.158,7,0.7,-3.465
US-2014-132444,2019-11-18,2019-11-21,First Class,CD-12280,Christina DeMoss,Consumer,Seattle,Washington,98105,OFF-ST-10003442,Office Supplies,Storage,Eldon Portable Mobile Manager,169.68,6,0.0,45.8136
US-2014-132444,2019-11-18,2019-11-21,First Class,CD-12280,Christina DeMoss,Consumer,Seattle,Washington,98105,TEC-AC-10003832,Technology,Accessories,Imation 16GB Mini TravelDrive USB 2.0 Flash Drive,132.52,4,0.0,54.333200000000005
US-2014-132444,2019-11-18,2019-11-21,First Class,CD-12280,Christina DeMoss,Consumer,Seattle,Washington,98105,OFF-FA-10000611,Office Supplies,Fasteners,Binder Clips by OIC,2.96,2,0.0,1.4207999999999998
US-2014-132444,2019-11-18,2019-11-21,First Class,CD-12280,Christina DeMoss,Consumer,Seattle,Washington,98105,OFF-BI-10001116,Office Supplies,Binders,"Wilson Jones 1"" Hanging DublLock Ring Binders",8.448,2,0.2,2.9568000000000003
US-2014-132444,2019-11-18,2019-11-21,First Class,CD-12280,Christina DeMoss,Consumer,Seattle,Washington,98105,OFF-ST-10000563,Office Supplies,Storage,Fellowes Bankers Box Stor/Drawer Steel Plus,95.94,3,0.0,9.594000000000001
CA-2014-121468,2019-11-19,2019-11-20,First Class,KD-16345,Katherine Ducich,Consumer,Westminster,California,92683,TEC-PH-10000376,Technology,Phones,Square Credit Card Reader,31.968000000000004,4,0.2,2.3976000000000006
CA-2014-126242,2019-11-19,2019-11-24,Standard Class,MC-18100,Mick Crebagga,Consumer,Los Angeles,California,90049,OFF-ST-10000675,Office Supplies,Storage,"File Shuttle II and Handi-File, Black",305.01,9,0.0,76.2525
CA-2014-126242,2019-11-19,2019-11-24,Standard Class,MC-18100,Mick Crebagga,Consumer,Los Angeles,California,90049,FUR-FU-10002685,Furniture,Furnishings,"Executive Impressions 13-1/2"" Indoor/Outdoor Wall Clock",18.7,1,0.0,7.106
CA-2014-118731,2019-11-20,2019-11-22,Second Class,LP-17080,Liz Pelletier,Consumer,San Francisco,California,94110,FUR-FU-10003347,Furniture,Furnishings,Coloredge Poster Frame,42.599999999999994,3,0.0,16.614
CA-2014-118731,2019-11-20,2019-11-22,Second Class,LP-17080,Liz Pelletier,Consumer,San Francisco,California,94110,OFF-BI-10000069,Office Supplies,Binders,"GBC Prepunched Paper, 19-Hole, for Binding Systems, 24-lb",84.05600000000001,7,0.2,27.318199999999983
US-2014-110996,2019-11-20,2019-11-25,Standard Class,KA-16525,Kelly Andreada,Consumer,Ontario,California,91761,FUR-CH-10003956,Furniture,Chairs,Novimex High-Tech Fabric Mesh Task Chair,283.92,5,0.2,-46.13700000000003
CA-2014-142888,2019-11-21,2019-11-25,Standard Class,BP-11230,Benjamin Patterson,Consumer,Spokane,Washington,99207,FUR-TA-10004767,Furniture,Tables,Safco Drafting Table,70.98,1,0.0,20.584199999999996
CA-2014-103380,2019-11-21,2019-11-25,Standard Class,BF-11005,Barry Franz,Home Office,Pasadena,California,91104,OFF-ST-10003442,Office Supplies,Storage,Eldon Portable Mobile Manager,56.56,2,0.0,15.2712
CA-2014-103380,2019-11-21,2019-11-25,Standard Class,BF-11005,Barry Franz,Home Office,Pasadena,California,91104,OFF-AR-10003856,Office Supplies,Art,Newell 344,5.56,2,0.0,1.4455999999999998
CA-2014-103380,2019-11-21,2019-11-25,Standard Class,BF-11005,Barry Franz,Home Office,Pasadena,California,91104,OFF-FA-10004248,Office Supplies,Fasteners,Advantus T-Pin Paper Clips,9.02,2,0.0,3.5178000000000003
CA-2014-103380,2019-11-21,2019-11-25,Standard Class,BF-11005,Barry Franz,Home Office,Pasadena,California,91104,OFF-AP-10001492,Office Supplies,Appliances,"Acco Six-Outlet Power Strip, 4' Cord Length",8.62,1,0.0,2.2412
CA-2014-103380,2019-11-21,2019-11-25,Standard Class,BF-11005,Barry Franz,Home Office,Pasadena,California,91104,TEC-PH-10004165,Technology,Phones,Mitel MiVoice 5330e IP Phone,659.9760000000001,3,0.2,49.49819999999997
CA-2014-105130,2019-11-21,2019-11-25,Standard Class,PJ-18835,Patrick Jones,Corporate,San Francisco,California,94122,OFF-AR-10003394,Office Supplies,Art,Newell 332,11.76,4,0.0,3.1752000000000002
CA-2014-105130,2019-11-21,2019-11-25,Standard Class,PJ-18835,Patrick Jones,Corporate,San Francisco,California,94122,OFF-BI-10001191,Office Supplies,Binders,Canvas Sectional Post Binders,40.736000000000004,2,0.2,14.7668
CA-2014-110443,2019-11-21,2019-11-25,Standard Class,CK-12205,Chloris Kastensmidt,Consumer,Renton,Washington,98059,OFF-BI-10001670,Office Supplies,Binders,Vinyl Sectional Post Binders,150.8,5,0.2,56.55
CA-2014-110443,2019-11-21,2019-11-25,Standard Class,CK-12205,Chloris Kastensmidt,Consumer,Renton,Washington,98059,TEC-MA-10002073,Technology,Machines,"3D Systems Cube Printer, 2nd Generation, White",1039.992,1,0.2,103.99920000000003
CA-2014-110443,2019-11-21,2019-11-25,Standard Class,CK-12205,Chloris Kastensmidt,Consumer,Renton,Washington,98059,OFF-PA-10003797,Office Supplies,Paper,Xerox 209,51.84,8,0.0,24.883200000000002
CA-2014-169894,2019-11-24,2019-11-29,Second Class,MV-17485,Mark Van Huff,Consumer,Mesa,Arizona,85204,OFF-BI-10004230,Office Supplies,Binders,GBC Recycled Grain Textured Covers,20.724000000000004,2,0.7,-15.197599999999994
CA-2014-169894,2019-11-24,2019-11-29,Second Class,MV-17485,Mark Van Huff,Consumer,Mesa,Arizona,85204,OFF-ST-10000060,Office Supplies,Storage,Fellowes Bankers Box Staxonsteel Drawer File/Stacking System,415.87200000000007,8,0.2,-41.587199999999996
CA-2014-123701,2019-11-24,2019-11-27,First Class,PG-18820,Patrick Gardner,Consumer,San Francisco,California,94110,OFF-AR-10001860,Office Supplies,Art,BIC Liqua Brite Liner,27.76,4,0.0,9.9936
CA-2014-162250,2019-11-24,2019-11-24,Same Day,PR-18880,Patrick Ryan,Consumer,San Francisco,California,94109,OFF-PA-10002137,Office Supplies,Paper,"Southworth 100% Résumé Paper, 24lb.",7.78,1,0.0,3.5009999999999994
CA-2014-137505,2019-11-24,2019-11-24,Same Day,BP-11290,Beth Paige,Consumer,Los Angeles,California,90008,FUR-TA-10000617,Furniture,Tables,"Hon Practical Foundations 30 x 60 Training Table, Light Gray/Charcoal",364.08000000000004,2,0.2,9.102000000000004
CA-2014-137505,2019-11-24,2019-11-24,Same Day,BP-11290,Beth Paige,Consumer,Los Angeles,California,90008,FUR-TA-10001676,Furniture,Tables,Hon 61000 Series Interactive Training Tables,71.08800000000001,2,0.2,-1.777200000000004
CA-2014-164028,2019-11-24,2019-11-30,Standard Class,JL-15835,John Lee,Consumer,San Francisco,California,94122,TEC-AC-10001772,Technology,Accessories,Memorex Mini Travel Drive 16 GB USB 2.0 Flash Drive,223.58,14,0.0,87.1962
US-2014-133312,2019-11-25,2019-11-29,Standard Class,BD-11500,Bradley Drucker,Consumer,San Francisco,California,94122,FUR-BO-10002213,Furniture,Bookcases,"Sauder Forest Hills Library, Woodland Oak Finish",359.49899999999997,3,0.15,-29.60579999999998
US-2014-133312,2019-11-25,2019-11-29,Standard Class,BD-11500,Bradley Drucker,Consumer,San Francisco,California,94122,OFF-ST-10001325,Office Supplies,Storage,Sterilite Officeware Hinged File Box,10.48,1,0.0,2.8296
CA-2014-161459,2019-11-25,2019-11-29,Second Class,EB-13750,Edward Becker,Corporate,Laguna Niguel,California,92677,TEC-PH-10004071,Technology,Phones,PayAnywhere Card Reader,39.96000000000001,5,0.2,3.4964999999999993
CA-2014-161459,2019-11-25,2019-11-29,Second Class,EB-13750,Edward Becker,Corporate,Laguna Niguel,California,92677,OFF-PA-10002377,Office Supplies,Paper,"Adams Telephone Message Book W/Dividers/Space For Phone Numbers, 5 1/4""X8 1/2"", 200/Messages",34.08,6,0.0,15.335999999999999
CA-2014-101665,2019-11-25,2019-12-01,Standard Class,TZ-21580,Tracy Zic,Consumer,San Francisco,California,94122,OFF-AR-10002335,Office Supplies,Art,DIXON Oriole Pencils,5.16,2,0.0,1.3416000000000001
CA-2014-101245,2019-11-27,2019-12-03,Standard Class,LW-16990,Lindsay Williams,Corporate,San Francisco,California,94109,OFF-PA-10003129,Office Supplies,Paper,Tops White Computer Printout Paper,244.54999999999998,5,0.0,114.93849999999998
CA-2014-101245,2019-11-27,2019-12-03,Standard Class,LW-16990,Lindsay Williams,Corporate,San Francisco,California,94109,TEC-AC-10001284,Technology,Accessories,Enermax Briskie RF Wireless Keyboard and Mouse Combo,166.16,8,0.0,59.8176
CA-2014-107125,2019-11-27,2019-12-02,Standard Class,BD-11320,Bill Donatelli,Consumer,Los Angeles,California,90045,OFF-BI-10001989,Office Supplies,Binders,Premium Transparent Presentation Covers by GBC,117.48800000000001,7,0.2,41.12079999999999
CA-2014-107125,2019-11-27,2019-12-02,Standard Class,BD-11320,Bill Donatelli,Consumer,Los Angeles,California,90045,FUR-FU-10000732,Furniture,Furnishings,Eldon 200 Class Desk Accessories,18.84,3,0.0,6.0287999999999995
CA-2014-133207,2019-11-27,2019-12-03,Standard Class,DO-13645,Doug O'Connell,Consumer,Los Angeles,California,90036,TEC-PH-10004100,Technology,Phones,Griffin GC17055 Auxiliary Audio Cable,57.568,4,0.2,5.756800000000002
CA-2014-121538,2019-11-28,2019-12-01,First Class,RH-19495,Rick Hansen,Consumer,Denver,Colorado,80219,OFF-PA-10004071,Office Supplies,Paper,"Eaton Premium Continuous-Feed Paper, 25% Cotton, Letter Size, White, 1000 Shts/Box",88.768,2,0.2,31.068799999999996
CA-2014-131303,2019-11-28,2019-12-02,Standard Class,EP-13915,Emily Phan,Consumer,San Diego,California,92037,OFF-LA-10001074,Office Supplies,Labels,Round Specialty Laser Printer Labels,62.65,5,0.0,29.445499999999996
CA-2014-107314,2019-11-30,2019-12-03,First Class,MZ-17335,Maria Zettner,Home Office,San Francisco,California,94109,FUR-FU-10003489,Furniture,Furnishings,Contemporary Borderless Frame,25.83,3,0.0,9.557099999999998
CA-2014-145233,2019-12-01,2019-12-05,Standard Class,DV-13465,Dianna Vittorini,Consumer,Denver,Colorado,80219,TEC-PH-10004977,Technology,Phones,GE 30524EE4,470.3760000000001,3,0.2,52.917299999999955
CA-2014-145233,2019-12-01,2019-12-05,Standard Class,DV-13465,Dianna Vittorini,Consumer,Denver,Colorado,80219,TEC-PH-10000586,Technology,Phones,AT&T SB67148 SynJ,105.584,2,0.2,9.238600000000005
CA-2014-145233,2019-12-01,2019-12-05,Standard Class,DV-13465,Dianna Vittorini,Consumer,Denver,Colorado,80219,OFF-AP-10000358,Office Supplies,Appliances,Fellowes Basic Home/Office Series Surge Protectors,31.152,3,0.2,3.5045999999999964
CA-2014-145233,2019-12-01,2019-12-05,Standard Class,DV-13465,Dianna Vittorini,Consumer,Denver,Colorado,80219,OFF-BI-10002764,Office Supplies,Binders,Recycled Pressboard Report Cover with Reinforced Top Hinge,6.783,7,0.7,-4.748099999999997
CA-2014-145233,2019-12-01,2019-12-05,Standard Class,DV-13465,Dianna Vittorini,Consumer,Denver,Colorado,80219,TEC-PH-10001254,Technology,Phones,Jabra BIZ 2300 Duo QD Duo Corded Headset,406.368,4,0.2,30.47759999999998
CA-2014-118542,2019-12-01,2019-12-05,Standard Class,CC-12550,Clay Cheatham,Consumer,Los Angeles,California,90008,OFF-PA-10004735,Office Supplies,Paper,Xerox 1905,45.36,7,0.0,21.772800000000004
CA-2014-118542,2019-12-01,2019-12-05,Standard Class,CC-12550,Clay Cheatham,Consumer,Los Angeles,California,90008,OFF-BI-10003429,Office Supplies,Binders,"Cardinal HOLDit! Binder Insert Strips,Extra Strips",10.128,2,0.2,3.6714
CA-2014-166926,2019-12-01,2019-12-08,Standard Class,SO-20335,Sean O'Donnell,Consumer,Seattle,Washington,98105,OFF-PA-10001593,Office Supplies,Paper,Xerox 1947,41.86,7,0.0,18.837
CA-2014-166926,2019-12-01,2019-12-08,Standard Class,SO-20335,Sean O'Donnell,Consumer,Seattle,Washington,98105,FUR-BO-10002598,Furniture,Bookcases,"Hon Metal Bookcases, Putty",141.96,2,0.0,41.16839999999999
CA-2014-101805,2019-12-01,2019-12-06,Standard Class,SH-19975,Sally Hughsby,Corporate,Seattle,Washington,98105,OFF-BI-10002003,Office Supplies,Binders,Ibico Presentation Index for Binding Systems,15.920000000000002,5,0.2,5.372999999999999
CA-2014-101805,2019-12-01,2019-12-06,Standard Class,SH-19975,Sally Hughsby,Corporate,Seattle,Washington,98105,FUR-FU-10000023,Furniture,Furnishings,Eldon Wave Desk Accessories,70.67999999999999,12,0.0,31.099200000000003
CA-2014-101805,2019-12-01,2019-12-06,Standard Class,SH-19975,Sally Hughsby,Corporate,Seattle,Washington,98105,OFF-ST-10002756,Office Supplies,Storage,"Tennsco Stur-D-Stor Boltless Shelving, 5 Shelves, 24"" Deep, Sand",541.24,4,0.0,5.412400000000048
CA-2014-103968,2019-12-01,2019-12-07,Standard Class,ML-17755,Max Ludwig,Home Office,Stockton,California,95207,FUR-FU-10003394,Furniture,Furnishings,"Tenex ""The Solids"" Textured Chair Mats",629.64,9,0.0,107.03879999999994
CA-2014-116715,2019-12-02,2019-12-05,First Class,VW-21775,Victoria Wilson,Corporate,San Francisco,California,94122,OFF-ST-10004340,Office Supplies,Storage,"Fellowes Mobile File Cart, Black",559.62,9,0.0,151.09740000000002
CA-2014-116715,2019-12-02,2019-12-05,First Class,VW-21775,Victoria Wilson,Corporate,San Francisco,California,94122,OFF-PA-10004475,Office Supplies,Paper,Xerox 1940,109.92,2,0.0,53.8608
CA-2014-116715,2019-12-02,2019-12-05,First Class,VW-21775,Victoria Wilson,Corporate,San Francisco,California,94122,OFF-PA-10003893,Office Supplies,Paper,Xerox 1962,8.56,2,0.0,3.8519999999999994
CA-2014-109701,2019-12-02,2019-12-03,Same Day,AM-10360,Alice McCarthy,Corporate,Los Angeles,California,90032,OFF-BI-10004187,Office Supplies,Binders,3-ring staple pack,9.024000000000001,6,0.2,3.1583999999999985
CA-2014-109701,2019-12-02,2019-12-03,Same Day,AM-10360,Alice McCarthy,Corporate,Los Angeles,California,90032,OFF-BI-10000632,Office Supplies,Binders,Satellite Sectional Post Binders,69.456,2,0.2,22.573199999999996
CA-2014-109701,2019-12-02,2019-12-03,Same Day,AM-10360,Alice McCarthy,Corporate,Los Angeles,California,90032,OFF-PA-10003724,Office Supplies,Paper,"Wirebound Message Book, 4 per Page",10.86,2,0.0,5.3214
CA-2014-109701,2019-12-02,2019-12-03,Same Day,AM-10360,Alice McCarthy,Corporate,Los Angeles,California,90032,OFF-AP-10002765,Office Supplies,Appliances,Fellowes Advanced Computer Series Surge Protectors,79.47,3,0.0,22.251600000000003
CA-2014-109701,2019-12-02,2019-12-03,Same Day,AM-10360,Alice McCarthy,Corporate,Los Angeles,California,90032,OFF-AR-10001868,Office Supplies,Art,Prang Dustless Chalk Sticks,10.08,6,0.0,5.04
CA-2014-102379,2019-12-02,2019-12-06,Standard Class,BB-11545,Brenda Bowman,Corporate,Oakland,California,94601,TEC-PH-10001448,Technology,Phones,Anker Astro 15000mAh USB Portable Charger,39.992000000000004,1,0.2,-7.998400000000007
CA-2014-102379,2019-12-02,2019-12-06,Standard Class,BB-11545,Brenda Bowman,Corporate,Oakland,California,94601,FUR-CH-10004983,Furniture,Chairs,Office Star - Mid Back Dual function Ergonomic High Back Chair with 2-Way Adjustable Arms,1159.056,9,0.2,43.464599999999905
CA-2014-102379,2019-12-02,2019-12-06,Standard Class,BB-11545,Brenda Bowman,Corporate,Oakland,California,94601,OFF-AR-10004022,Office Supplies,Art,Panasonic KP-380BK Classic Electric Pencil Sharpener,179.89999999999998,5,0.0,44.97499999999999
US-2014-112347,2019-12-02,2019-12-06,Standard Class,BS-11380,Bill Stewart,Corporate,Denver,Colorado,80219,OFF-ST-10003306,Office Supplies,Storage,Letter Size Cart,114.28800000000001,1,0.2,12.857399999999984
US-2014-112347,2019-12-02,2019-12-06,Standard Class,BS-11380,Bill Stewart,Corporate,Denver,Colorado,80219,OFF-BI-10003707,Office Supplies,Binders,Aluminum Screw Posts,36.624,8,0.7,-24.41599999999999
US-2014-112347,2019-12-02,2019-12-06,Standard Class,BS-11380,Bill Stewart,Corporate,Denver,Colorado,80219,FUR-BO-10003546,Furniture,Bookcases,Hon 4-Shelf Metal Bookcases,242.35200000000003,8,0.7,-363.5279999999999
US-2014-112347,2019-12-02,2019-12-06,Standard Class,BS-11380,Bill Stewart,Corporate,Denver,Colorado,80219,TEC-PH-10000213,Technology,Phones,Seidio BD2-HK3IPH5-BK DILEX Case and Holster Combo for Apple iPhone 5/5s - Black,49.61600000000001,2,0.2,4.961599999999999
US-2014-112347,2019-12-02,2019-12-06,Standard Class,BS-11380,Bill Stewart,Corporate,Denver,Colorado,80219,FUR-FU-10001488,Furniture,Furnishings,"Tenex 46"" x 60"" Computer Anti-Static Chairmat, Rectangular Shaped",508.70400000000006,6,0.2,0.0
US-2014-112347,2019-12-02,2019-12-06,Standard Class,BS-11380,Bill Stewart,Corporate,Denver,Colorado,80219,TEC-PH-10004833,Technology,Phones,Macally Suction Cup Mount,57.36,6,0.2,-14.34
US-2014-112347,2019-12-02,2019-12-06,Standard Class,BS-11380,Bill Stewart,Corporate,Denver,Colorado,80219,FUR-CH-10002335,Furniture,Chairs,Hon GuestStacker Chair,906.6800000000001,5,0.2,68.00100000000003
CA-2014-147767,2019-12-02,2019-12-02,Same Day,SV-20935,Susan Vittorini,Consumer,Peoria,Arizona,85345,OFF-BI-10001670,Office Supplies,Binders,Vinyl Sectional Post Binders,67.86000000000001,6,0.7,-45.239999999999995
CA-2014-136875,2019-12-03,2019-12-03,Same Day,TC-21295,Toby Carlisle,Consumer,San Diego,California,92024,OFF-PA-10000357,Office Supplies,Paper,Xerox 1888,166.44,3,0.0,79.8912
CA-2014-143126,2019-12-03,2019-12-07,Second Class,CM-12655,Corinna Mitchell,Home Office,Seattle,Washington,98115,FUR-TA-10002958,Furniture,Tables,"Bevis Oval Conference Table, Walnut",521.96,2,0.0,88.73319999999995
CA-2014-118017,2019-12-03,2019-12-06,Second Class,LC-16870,Lena Cacioppo,Consumer,Thornton,Colorado,80229,OFF-AR-10003856,Office Supplies,Art,Newell 344,13.343999999999998,6,0.2,1.0008
CA-2014-118017,2019-12-03,2019-12-06,Second Class,LC-16870,Lena Cacioppo,Consumer,Thornton,Colorado,80229,TEC-AC-10002006,Technology,Accessories,Memorex Micro Travel Drive 16 GB,76.75200000000001,6,0.2,10.553399999999993
CA-2014-118017,2019-12-03,2019-12-06,Second Class,LC-16870,Lena Cacioppo,Consumer,Thornton,Colorado,80229,TEC-AC-10002006,Technology,Accessories,Memorex Micro Travel Drive 16 GB,102.33600000000001,8,0.2,14.07119999999999
CA-2014-118017,2019-12-03,2019-12-06,Second Class,LC-16870,Lena Cacioppo,Consumer,Thornton,Colorado,80229,OFF-PA-10002246,Office Supplies,Paper,"Wirebound Four 2-3/4 x 5 Forms per Page, 400 Sets per Book",10.32,2,0.2,3.7409999999999997
CA-2014-118017,2019-12-03,2019-12-06,Second Class,LC-16870,Lena Cacioppo,Consumer,Thornton,Colorado,80229,OFF-SU-10004782,Office Supplies,Supplies,"Elite 5"" Scissors",47.32,7,0.2,5.914999999999994
CA-2014-118017,2019-12-03,2019-12-06,Second Class,LC-16870,Lena Cacioppo,Consumer,Thornton,Colorado,80229,FUR-FU-10004351,Furniture,Furnishings,Staple-based wall hangings,23.376,3,0.2,7.012800000000001
CA-2014-118017,2019-12-03,2019-12-06,Second Class,LC-16870,Lena Cacioppo,Consumer,Thornton,Colorado,80229,FUR-FU-10004270,Furniture,Furnishings,"Eldon Image Series Desk Accessories, Burgundy",16.72,5,0.2,3.3439999999999994
CA-2014-118017,2019-12-03,2019-12-06,Second Class,LC-16870,Lena Cacioppo,Consumer,Thornton,Colorado,80229,FUR-FU-10004053,Furniture,Furnishings,DAX Two-Tone Silver Metal Document Frame,16.192,1,0.2,4.655200000000001
CA-2014-153227,2019-12-04,2019-12-06,First Class,CS-12250,Chris Selesnick,Corporate,Los Angeles,California,90032,OFF-PA-10001838,Office Supplies,Paper,"Adams Telephone Message Book W/Dividers/Space For Phone Numbers, 5 1/4""X8 1/2"", 300/Messages",11.76,2,0.0,5.7623999999999995
CA-2014-126865,2019-12-05,2019-12-07,Second Class,NP-18325,Naresj Patel,Consumer,San Diego,California,92024,OFF-PA-10003039,Office Supplies,Paper,Xerox 1960,92.94,3,0.0,41.82299999999999
CA-2014-131212,2019-12-05,2019-12-09,Standard Class,AB-10165,Alan Barnes,Consumer,Bellevue,Washington,98006,OFF-BI-10001617,Office Supplies,Binders,GBC Wire Binding Combs,24.816000000000003,3,0.2,8.375399999999999
CA-2014-131212,2019-12-05,2019-12-09,Standard Class,AB-10165,Alan Barnes,Consumer,Bellevue,Washington,98006,OFF-BI-10000145,Office Supplies,Binders,Zipper Ring Binder Pockets,14.976000000000003,6,0.2,5.428799999999998
CA-2014-156958,2019-12-05,2019-12-06,First Class,PB-18805,Patrick Bzostek,Home Office,Seattle,Washington,98115,OFF-BI-10001524,Office Supplies,Binders,GBC Premium Transparent Covers with Diagonal Lined Pattern,83.92000000000002,5,0.2,29.371999999999993
CA-2014-156958,2019-12-05,2019-12-06,First Class,PB-18805,Patrick Bzostek,Home Office,Seattle,Washington,98115,FUR-FU-10003268,Furniture,Furnishings,Eldon Radial Chair Mat for Low to Medium Pile Carpets,199.89999999999998,5,0.0,39.97999999999999
CA-2014-156958,2019-12-05,2019-12-06,First Class,PB-18805,Patrick Bzostek,Home Office,Seattle,Washington,98115,TEC-PH-10000148,Technology,Phones,Cyber Acoustics AC-202b Speech Recognition Stereo Headset,31.176000000000002,3,0.2,-7.0146
CA-2014-156958,2019-12-05,2019-12-06,First Class,PB-18805,Patrick Bzostek,Home Office,Seattle,Washington,98115,OFF-BI-10001543,Office Supplies,Binders,GBC VeloBinder Manual Binding System,172.752,6,0.2,60.463200000000015
CA-2014-156958,2019-12-05,2019-12-06,First Class,PB-18805,Patrick Bzostek,Home Office,Seattle,Washington,98115,OFF-BI-10002071,Office Supplies,Binders,Fellowes Black Plastic Comb Bindings,9.296,2,0.2,3.0211999999999994
US-2014-149006,2019-12-06,2019-12-08,Second Class,BN-11470,Brad Norvell,Corporate,Brentwood,California,94513,OFF-ST-10003221,Office Supplies,Storage,Staple magnet,10.68,1,0.0,2.8836000000000004
CA-2014-137099,2019-12-07,2019-12-10,First Class,FP-14320,Frank Preis,Consumer,Los Angeles,California,90008,TEC-PH-10002496,Technology,Phones,Cisco SPA301,374.37600000000003,3,0.2,46.79699999999998
CA-2014-142328,2019-12-07,2019-12-14,Standard Class,TC-21535,Tracy Collins,Home Office,San Francisco,California,94122,OFF-PA-10000380,Office Supplies,Paper,"REDIFORM Incoming/Outgoing Call Register, 11"" X 8 1/2"", 100 Messages",50.04,6,0.0,25.02
CA-2014-117457,2019-12-08,2019-12-12,Standard Class,KH-16510,Keith Herrera,Consumer,San Francisco,California,94110,TEC-AC-10000158,Technology,Accessories,Sony 64GB Class 10 Micro SDHC R40 Memory Card,179.95000000000002,5,0.0,37.789500000000004
CA-2014-117457,2019-12-08,2019-12-12,Standard Class,KH-16510,Keith Herrera,Consumer,San Francisco,California,94110,TEC-CO-10004115,Technology,Copiers,Sharp AL-1530CS Digital Copier,1199.976,3,0.2,434.9913
CA-2014-117457,2019-12-08,2019-12-12,Standard Class,KH-16510,Keith Herrera,Consumer,San Francisco,California,94110,OFF-PA-10003724,Office Supplies,Paper,"Wirebound Message Book, 4 per Page",27.15,5,0.0,13.3035
CA-2014-117457,2019-12-08,2019-12-12,Standard Class,KH-16510,Keith Herrera,Consumer,San Francisco,California,94110,FUR-TA-10002041,Furniture,Tables,"Bevis Round Conference Table Top, X-Base",1004.0239999999999,7,0.2,-112.95269999999994
CA-2014-117457,2019-12-08,2019-12-12,Standard Class,KH-16510,Keith Herrera,Consumer,San Francisco,California,94110,OFF-PA-10002893,Office Supplies,Paper,"Wirebound Service Call Books, 5 1/2"" x 4""",9.68,1,0.0,4.6464
CA-2014-117457,2019-12-08,2019-12-12,Standard Class,KH-16510,Keith Herrera,Consumer,San Francisco,California,94110,OFF-LA-10003766,Office Supplies,Labels,Self-Adhesive Removable Labels,28.349999999999998,9,0.0,13.608
CA-2014-117457,2019-12-08,2019-12-12,Standard Class,KH-16510,Keith Herrera,Consumer,San Francisco,California,94110,OFF-PA-10001970,Office Supplies,Paper,Xerox 1908,55.98,1,0.0,27.4302
CA-2014-117457,2019-12-08,2019-12-12,Standard Class,KH-16510,Keith Herrera,Consumer,San Francisco,California,94110,FUR-BO-10001972,Furniture,Bookcases,O'Sullivan 4-Shelf Bookcase in Odessa Pine,1336.829,13,0.15,31.45479999999995
CA-2014-117457,2019-12-08,2019-12-12,Standard Class,KH-16510,Keith Herrera,Consumer,San Francisco,California,94110,FUR-CH-10003956,Furniture,Chairs,Novimex High-Tech Fabric Mesh Task Chair,113.56800000000001,2,0.2,-18.454800000000013
CA-2014-148264,2019-12-08,2019-12-09,First Class,LF-17185,Luke Foster,Consumer,Inglewood,California,90301,OFF-ST-10003327,Office Supplies,Storage,Akro-Mils 12-Gallon Tote,29.79,3,0.0,8.639099999999996
CA-2014-148264,2019-12-08,2019-12-09,First Class,LF-17185,Luke Foster,Consumer,Inglewood,California,90301,FUR-FU-10002703,Furniture,Furnishings,"Tenex Traditional Chairmats for Hard Floors, Average Lip, 36"" x 48""",128.9,2,0.0,15.468000000000004
CA-2014-148264,2019-12-08,2019-12-09,First Class,LF-17185,Luke Foster,Consumer,Inglewood,California,90301,OFF-PA-10003651,Office Supplies,Paper,Xerox 1968,60.12,9,0.0,28.857599999999998
CA-2014-117926,2019-12-08,2019-12-12,Second Class,AS-10225,Alan Schoenberger,Corporate,San Francisco,California,94109,OFF-AP-10002670,Office Supplies,Appliances,Belkin 8-Outlet Premiere SurgeMaster II Surge Protectors,69.48,1,0.0,20.843999999999994
CA-2014-108854,2019-12-08,2019-12-14,Standard Class,DM-13345,Denise Monton,Corporate,San Francisco,California,94109,OFF-PA-10003022,Office Supplies,Paper,Standard Line “While You Were Out” Hardbound Telephone Message Book,87.92,4,0.0,40.4432
CA-2014-108854,2019-12-08,2019-12-14,Standard Class,DM-13345,Denise Monton,Corporate,San Francisco,California,94109,OFF-BI-10002854,Office Supplies,Binders,"Performers Binder/Pad Holder, Black",22.424000000000003,1,0.2,8.408999999999999
CA-2014-108854,2019-12-08,2019-12-14,Standard Class,DM-13345,Denise Monton,Corporate,San Francisco,California,94109,OFF-BI-10001670,Office Supplies,Binders,Vinyl Sectional Post Binders,90.48000000000002,3,0.2,33.93
CA-2014-108854,2019-12-08,2019-12-14,Standard Class,DM-13345,Denise Monton,Corporate,San Francisco,California,94109,OFF-ST-10001837,Office Supplies,Storage,"SAFCO Mobile Desk Side File, Wire Frame",42.76,1,0.0,11.1176
CA-2014-108329,2019-12-09,2019-12-14,Standard Class,LE-16810,Laurel Elliston,Consumer,Whittier,California,90604,TEC-PH-10001918,Technology,Phones,Nortel Business Series Terminal T7208 Digital phone,444.76800000000003,4,0.2,44.476800000000026
CA-2014-102407,2019-12-09,2019-12-13,Second Class,AT-10435,Alyssa Tate,Home Office,Los Angeles,California,90004,OFF-AR-10000122,Office Supplies,Art,Newell 314,11.16,2,0.0,2.789999999999999
CA-2014-102407,2019-12-09,2019-12-13,Second Class,AT-10435,Alyssa Tate,Home Office,Los Angeles,California,90004,FUR-TA-10003748,Furniture,Tables,Bevis 36 x 72 Conference Tables,896.328,9,0.2,22.408199999999994
CA-2014-102407,2019-12-09,2019-12-13,Second Class,AT-10435,Alyssa Tate,Home Office,Los Angeles,California,90004,OFF-AP-10001394,Office Supplies,Appliances,Harmony Air Purifier,189.0,1,0.0,68.03999999999999
CA-2014-139402,2019-12-09,2019-12-13,Standard Class,NC-18535,Nick Crebassa,Corporate,Phoenix,Arizona,85023,OFF-PA-10004359,Office Supplies,Paper,Multicolor Computer Printout Paper,419.4,5,0.2,146.79
CA-2014-139402,2019-12-09,2019-12-13,Standard Class,NC-18535,Nick Crebassa,Corporate,Phoenix,Arizona,85023,OFF-BI-10000279,Office Supplies,Binders,"Acco Recycled 2"" Capacity Laser Printer Hanging Data Binders",13.005000000000003,3,0.7,-9.970499999999998
CA-2014-141201,2019-12-09,2019-12-11,Second Class,DB-12910,Daniel Byrd,Home Office,Salinas,California,93905,FUR-BO-10001519,Furniture,Bookcases,O'Sullivan 3-Shelf Heavy-Duty Bookcases,148.257,3,0.15,15.697800000000004
CA-2014-167150,2019-12-10,2019-12-17,Standard Class,BP-11185,Ben Peterman,Corporate,San Diego,California,92037,OFF-BI-10001097,Office Supplies,Binders,Avery Hole Reinforcements,19.936000000000003,4,0.2,7.2268
CA-2014-167150,2019-12-10,2019-12-17,Standard Class,BP-11185,Ben Peterman,Corporate,San Diego,California,92037,OFF-BI-10001597,Office Supplies,Binders,"Wilson Jones Ledger-Size, Piano-Hinge Binder, 2"", Blue",65.568,2,0.2,22.948799999999995
CA-2014-148446,2019-12-10,2019-12-14,Second Class,MC-17845,Michael Chen,Consumer,North Las Vegas,Nevada,89031,FUR-TA-10004256,Furniture,Tables,Bretford “Just In Time” Height-Adjustable Multi-Task Work Tables,1669.6,4,0.0,116.87199999999984
US-2014-140907,2019-12-10,2019-12-12,Second Class,BP-11185,Ben Peterman,Corporate,Seattle,Washington,98103,TEC-AC-10004510,Technology,Accessories,Logitech Desktop MK120 Mouse and keyboard Combo,49.08,3,0.0,4.907999999999998
US-2014-140907,2019-12-10,2019-12-12,Second Class,BP-11185,Ben Peterman,Corporate,Seattle,Washington,98103,OFF-ST-10000060,Office Supplies,Storage,Fellowes Bankers Box Staxonsteel Drawer File/Stacking System,324.90000000000003,5,0.0,38.988000000000014
US-2014-140907,2019-12-10,2019-12-12,Second Class,BP-11185,Ben Peterman,Corporate,Seattle,Washington,98103,OFF-AR-10000799,Office Supplies,Art,Col-Erase Pencils with Erasers,18.240000000000002,3,0.0,5.289599999999998
CA-2014-107748,2019-12-10,2019-12-12,Second Class,AG-10330,Alex Grayson,Consumer,Stockton,California,95207,TEC-PH-10003215,Technology,Phones,Jackery Bar Premium Fast-charging Portable Charger,95.84,4,0.2,34.742
CA-2014-107748,2019-12-10,2019-12-12,Second Class,AG-10330,Alex Grayson,Consumer,Stockton,California,95207,OFF-PA-10002005,Office Supplies,Paper,Xerox 225,12.96,2,0.0,6.2208000000000006
CA-2014-107986,2019-12-13,2019-12-13,Same Day,MW-18220,Mitch Webber,Consumer,Seattle,Washington,98103,OFF-ST-10001325,Office Supplies,Storage,Sterilite Officeware Hinged File Box,31.44,3,0.0,8.488800000000001
CA-2014-122770,2019-12-13,2019-12-18,Standard Class,EP-13915,Emily Phan,Consumer,San Francisco,California,94122,OFF-LA-10004559,Office Supplies,Labels,Avery 49,8.64,3,0.0,4.2336
CA-2014-122770,2019-12-13,2019-12-18,Standard Class,EP-13915,Emily Phan,Consumer,San Francisco,California,94122,OFF-PA-10003172,Office Supplies,Paper,Xerox 1996,38.88,6,0.0,18.6624
CA-2014-122770,2019-12-13,2019-12-18,Standard Class,EP-13915,Emily Phan,Consumer,San Francisco,California,94122,FUR-FU-10001473,Furniture,Furnishings,"Eldon Executive Woodline II Desk Accessories, Mahogany",201.04,8,0.0,54.2808
CA-2014-122770,2019-12-13,2019-12-18,Standard Class,EP-13915,Emily Phan,Consumer,San Francisco,California,94122,OFF-PA-10000232,Office Supplies,Paper,Xerox 1975,12.96,2,0.0,6.3504000000000005
CA-2014-169859,2019-12-14,2019-12-18,Standard Class,MP-18175,Mike Pelletier,Home Office,San Diego,California,92024,FUR-FU-10004963,Furniture,Furnishings,"Eldon 400 Class Desk Accessories, Black Carbon",26.25,3,0.0,11.025000000000002
CA-2014-169859,2019-12-14,2019-12-18,Standard Class,MP-18175,Mike Pelletier,Home Office,San Diego,California,92024,OFF-BI-10000174,Office Supplies,Binders,"Wilson Jones Clip & Carry Folder Binder Tool for Ring Binders, Clear",64.96,14,0.2,22.736
CA-2014-169859,2019-12-14,2019-12-18,Standard Class,MP-18175,Mike Pelletier,Home Office,San Diego,California,92024,OFF-EN-10000461,Office Supplies,Envelopes,"#10- 4 1/8"" x 9 1/2"" Recycled Envelopes",43.7,5,0.0,20.539
CA-2014-119564,2019-12-15,2019-12-20,Standard Class,PL-18925,Paul Lucas,Home Office,Seattle,Washington,98115,FUR-FU-10003096,Furniture,Furnishings,"Master Giant Foot Doorstop, Safety Yellow",22.77,3,0.0,9.7911
CA-2014-154116,2019-12-15,2019-12-19,Standard Class,KM-16660,Khloe Miller,Consumer,Inglewood,California,90301,OFF-PA-10004569,Office Supplies,Paper,"Wirebound Message Books, Two 4 1/4"" x 5"" Forms per Page",22.830000000000002,3,0.0,10.7301
CA-2014-154116,2019-12-15,2019-12-19,Standard Class,KM-16660,Khloe Miller,Consumer,Inglewood,California,90301,OFF-AP-10000027,Office Supplies,Appliances,Hoover Commercial SteamVac,54.32,4,0.0,16.296
CA-2014-154116,2019-12-15,2019-12-19,Standard Class,KM-16660,Khloe Miller,Consumer,Inglewood,California,90301,TEC-PH-10000675,Technology,Phones,Panasonic KX TS3282B Corded phone,196.776,3,0.2,14.758199999999995
CA-2014-137428,2019-12-16,2019-12-21,Second Class,AY-10555,Andy Yotov,Corporate,Oceanside,California,92054,FUR-CH-10002774,Furniture,Chairs,"Global Deluxe Stacking Chair, Gray",81.568,2,0.2,9.176399999999997
CA-2014-137428,2019-12-16,2019-12-21,Second Class,AY-10555,Andy Yotov,Corporate,Oceanside,California,92054,FUR-CH-10003817,Furniture,Chairs,"Global Value Steno Chair, Gray",97.18400000000001,2,0.2,6.074000000000002
CA-2014-137428,2019-12-16,2019-12-21,Second Class,AY-10555,Andy Yotov,Corporate,Oceanside,California,92054,OFF-BI-10002949,Office Supplies,Binders,Prestige Round Ring Binders,24.320000000000004,5,0.2,8.207999999999998
CA-2014-137428,2019-12-16,2019-12-21,Second Class,AY-10555,Andy Yotov,Corporate,Oceanside,California,92054,FUR-FU-10002445,Furniture,Furnishings,"DAX Two-Tone Rosewood/Black Document Frame, Desktop, 5 x 7",18.96,2,0.0,7.584000000000001
CA-2014-161578,2019-12-16,2019-12-21,Second Class,RB-19465,Rick Bensley,Home Office,Los Angeles,California,90036,OFF-PA-10002986,Office Supplies,Paper,Xerox 1898,13.36,2,0.0,6.4128
CA-2014-161578,2019-12-16,2019-12-21,Second Class,RB-19465,Rick Bensley,Home Office,Los Angeles,California,90036,OFF-ST-10002289,Office Supplies,Storage,"Safco Wire Cube Shelving System, For Use as 4 or 5 14"" Cubes, Black",158.9,5,0.0,7.944999999999993
CA-2014-137463,2019-12-16,2019-12-20,Second Class,KM-16225,Kalyca Meade,Corporate,Sunnyvale,California,94086,OFF-BI-10003196,Office Supplies,Binders,Accohide Poly Flexible Ring Binders,5.984000000000001,2,0.2,2.2439999999999998
CA-2014-137463,2019-12-16,2019-12-20,Second Class,KM-16225,Kalyca Meade,Corporate,Sunnyvale,California,94086,TEC-AC-10000358,Technology,Accessories,Imation Secure Drive + Hardware Encrypted USB flash drive - 16 GB,189.95000000000002,5,0.0,45.587999999999994
CA-2014-137463,2019-12-16,2019-12-20,Second Class,KM-16225,Kalyca Meade,Corporate,Sunnyvale,California,94086,TEC-AC-10000057,Technology,Accessories,Microsoft Natural Ergonomic Keyboard 4000,149.95,5,0.0,31.489499999999992
CA-2014-137463,2019-12-16,2019-12-20,Second Class,KM-16225,Kalyca Meade,Corporate,Sunnyvale,California,94086,OFF-AR-10001988,Office Supplies,Art,Bulldog Table or Wall-Mount Pencil Sharpener,29.950000000000003,5,0.0,8.6855
CA-2014-137463,2019-12-16,2019-12-20,Second Class,KM-16225,Kalyca Meade,Corporate,Sunnyvale,California,94086,OFF-LA-10003498,Office Supplies,Labels,Avery 475,44.400000000000006,3,0.0,22.200000000000003
CA-2014-133431,2019-12-17,2019-12-21,Standard Class,LC-17140,Logan Currie,Consumer,San Francisco,California,94122,OFF-BI-10000605,Office Supplies,Binders,"Acco Pressboard Covers with Storage Hooks, 9 1/2"" x 11"", Executive Red",15.24,5,0.2,5.143499999999998
CA-2014-133431,2019-12-17,2019-12-21,Standard Class,LC-17140,Logan Currie,Consumer,San Francisco,California,94122,OFF-PA-10002615,Office Supplies,Paper,"Ampad Gold Fibre Wirebound Steno Books, 6"" x 9"", Gregg Ruled",13.23,3,0.0,6.0858
CA-2014-106964,2019-12-17,2019-12-20,First Class,HR-14770,Hallie Redmond,Home Office,Los Angeles,California,90045,OFF-BI-10000320,Office Supplies,Binders,GBC Plastic Binding Combs,11.808,2,0.2,4.2804
CA-2014-120936,2019-12-17,2019-12-21,Standard Class,CA-12310,Christine Abelman,Corporate,Anaheim,California,92804,OFF-ST-10001526,Office Supplies,Storage,Iceberg Mobile Mega Data/Printer Cart ,481.32,4,0.0,125.14319999999998
CA-2014-120936,2019-12-17,2019-12-21,Standard Class,CA-12310,Christine Abelman,Corporate,Anaheim,California,92804,OFF-SU-10002557,Office Supplies,Supplies,Fiskars Spring-Action Scissors,13.98,1,0.0,3.6348000000000003
CA-2014-140585,2019-12-18,2019-12-23,Second Class,RA-19915,Russell Applegate,Consumer,Encinitas,California,92024,OFF-BI-10003364,Office Supplies,Binders,Binding Machine Supplies,46.672000000000004,2,0.2,16.3352
CA-2014-140585,2019-12-18,2019-12-23,Second Class,RA-19915,Russell Applegate,Consumer,Encinitas,California,92024,FUR-BO-10002206,Furniture,Bookcases,"Bush Saratoga Collection 5-Shelf Bookcase, Hanover Cherry, *Special Order",119.83299999999998,1,0.15,-12.688200000000002
CA-2014-140585,2019-12-18,2019-12-23,Second Class,RA-19915,Russell Applegate,Consumer,Encinitas,California,92024,TEC-AC-10003610,Technology,Accessories,Logitech Illuminated - Keyboard,119.98,2,0.0,57.5904
CA-2014-102099,2019-12-18,2019-12-19,First Class,EP-13915,Emily Phan,Consumer,Los Angeles,California,90008,OFF-AR-10003811,Office Supplies,Art,Newell 327,6.63,3,0.0,1.7901
CA-2014-102099,2019-12-18,2019-12-19,First Class,EP-13915,Emily Phan,Consumer,Los Angeles,California,90008,OFF-PA-10003172,Office Supplies,Paper,Xerox 1996,12.96,2,0.0,6.2208000000000006
CA-2014-102099,2019-12-18,2019-12-19,First Class,EP-13915,Emily Phan,Consumer,Los Angeles,California,90008,OFF-PA-10000289,Office Supplies,Paper,Xerox 213,32.400000000000006,5,0.0,15.552000000000001
CA-2014-158736,2019-12-18,2019-12-24,Standard Class,TT-21460,Tonja Turnell,Home Office,San Francisco,California,94110,OFF-AR-10002578,Office Supplies,Art,Newell 335,5.76,2,0.0,1.6703999999999999
CA-2014-128160,2019-12-19,2019-12-24,Second Class,MM-17920,Michael Moore,Consumer,San Francisco,California,94110,OFF-BI-10001510,Office Supplies,Binders,Deluxe Heavy-Duty Vinyl Round Ring Binder,36.672000000000004,2,0.2,11.459999999999999
CA-2014-116946,2019-12-19,2019-12-23,Standard Class,TS-21505,Tony Sayre,Consumer,Parker,Colorado,80134,FUR-FU-10000320,Furniture,Furnishings,OIC Stacking Trays,13.360000000000001,5,0.2,4.008000000000001
CA-2014-116946,2019-12-19,2019-12-23,Standard Class,TS-21505,Tony Sayre,Consumer,Parker,Colorado,80134,OFF-ST-10002554,Office Supplies,Storage,Tennsco Industrial Shelving,78.256,2,0.2,-17.607599999999998
CA-2014-116946,2019-12-19,2019-12-23,Standard Class,TS-21505,Tony Sayre,Consumer,Parker,Colorado,80134,FUR-BO-10000468,Furniture,Bookcases,O'Sullivan 2-Shelf Heavy-Duty Bookcases,102.01800000000001,7,0.7,-183.6323999999999
CA-2014-163405,2019-12-21,2019-12-25,Standard Class,BN-11515,Bradley Nguyen,Consumer,Los Angeles,California,90049,OFF-AR-10003811,Office Supplies,Art,Newell 327,6.63,3,0.0,1.7901
CA-2014-163405,2019-12-21,2019-12-25,Standard Class,BN-11515,Bradley Nguyen,Consumer,Los Angeles,California,90049,OFF-AR-10001246,Office Supplies,Art,Newell 317,5.88,2,0.0,1.7051999999999996
CA-2014-138380,2019-12-21,2019-12-25,Standard Class,YS-21880,Yana Sorensen,Corporate,Oakland,California,94601,OFF-ST-10003306,Office Supplies,Storage,Letter Size Cart,1000.0200000000001,7,0.0,290.0057999999999
CA-2014-144827,2019-12-21,2019-12-27,Standard Class,SE-20110,Sanjit Engle,Consumer,Costa Mesa,California,92627,OFF-ST-10004340,Office Supplies,Storage,"Fellowes Mobile File Cart, Black",124.36,2,0.0,33.577200000000005
CA-2014-115931,2019-12-22,2019-12-26,Standard Class,JM-15655,Jim Mitchum,Corporate,Carlsbad,New Mexico,88220,OFF-AR-10000369,Office Supplies,Art,Design Ebony Sketching Pencil,4.17,3,0.0,1.0841999999999998
CA-2014-115931,2019-12-22,2019-12-26,Standard Class,JM-15655,Jim Mitchum,Corporate,Carlsbad,New Mexico,88220,TEC-PH-10001300,Technology,Phones,"iKross Bluetooth Portable Keyboard + Cell Phone Stand Holder + Brush for Apple iPhone 5S 5C 5, 4S 4",67.04,4,0.2,6.703999999999997
CA-2014-115931,2019-12-22,2019-12-26,Standard Class,JM-15655,Jim Mitchum,Corporate,Carlsbad,New Mexico,88220,OFF-ST-10000876,Office Supplies,Storage,Eldon Simplefile Box Office,37.32,3,0.0,10.4496
CA-2014-115931,2019-12-22,2019-12-26,Standard Class,JM-15655,Jim Mitchum,Corporate,Carlsbad,New Mexico,88220,OFF-LA-10001404,Office Supplies,Labels,Avery 517,18.45,5,0.0,8.6715
CA-2014-142909,2019-12-22,2019-12-25,Second Class,AG-10330,Alex Grayson,Consumer,Mesa,Arizona,85204,FUR-TA-10003008,Furniture,Tables,"Lesro Round Back Collection Coffee Table, End Table",182.55,2,0.5,-135.087
CA-2014-149699,2019-12-22,2019-12-24,First Class,CM-12115,Chad McGuire,Consumer,Los Angeles,California,90008,TEC-AC-10000474,Technology,Accessories,Kensington Expert Mouse Optical USB Trackball for PC or Mac,474.95,5,0.0,142.48499999999993
US-2014-123463,2019-12-23,2019-12-23,Same Day,GZ-14470,Gary Zandusky,Consumer,San Francisco,California,94109,OFF-AR-10001118,Office Supplies,Art,"Binney & Smith Crayola Metallic Crayons, 16-Color Pack",13.48,4,0.0,5.931200000000001
CA-2014-147956,2019-12-24,2019-12-31,Standard Class,AH-10210,Alan Hwang,Consumer,Seattle,Washington,98105,OFF-ST-10001097,Office Supplies,Storage,Office Impressions Heavy Duty Welded Shelving & Multimedia Storage Drawers,1003.6200000000001,6,0.0,0.0
CA-2014-145219,2019-12-24,2019-12-25,First Class,RM-19675,Robert Marley,Home Office,Los Angeles,California,90049,TEC-CO-10001449,Technology,Copiers,Hewlett Packard LaserJet 3310 Copier,2879.952,6,0.2,1007.9831999999999
CA-2014-145219,2019-12-24,2019-12-25,First Class,RM-19675,Robert Marley,Home Office,Los Angeles,California,90049,OFF-BI-10001670,Office Supplies,Binders,Vinyl Sectional Post Binders,90.48000000000002,3,0.2,33.93
CA-2014-128734,2019-12-24,2019-12-31,Standard Class,JL-15175,James Lanier,Home Office,Chandler,Arizona,85224,FUR-FU-10001731,Furniture,Furnishings,Acrylic Self-Standing Desk Frames,8.544,4,0.2,1.9223999999999997
CA-2014-128734,2019-12-24,2019-12-31,Standard Class,JL-15175,James Lanier,Home Office,Chandler,Arizona,85224,FUR-CH-10001394,Furniture,Chairs,Global Leather Executive Chair,842.3760000000001,3,0.2,105.29699999999988
CA-2014-163671,2019-12-24,2019-12-30,Standard Class,DP-13105,Dave Poirier,Corporate,Meridian,Idaho,83642,OFF-BI-10001679,Office Supplies,Binders,GBC Instant Index System for Binding Systems,21.312000000000005,3,0.2,7.991999999999999
CA-2014-121398,2019-12-25,2019-12-29,Standard Class,FH-14365,Fred Hopkins,Corporate,Los Angeles,California,90008,OFF-BI-10001718,Office Supplies,Binders,GBC DocuBind P50 Personal Binding Machine,153.552,3,0.2,51.8238
CA-2014-121398,2019-12-25,2019-12-29,Standard Class,FH-14365,Fred Hopkins,Corporate,Los Angeles,California,90008,OFF-ST-10002756,Office Supplies,Storage,"Tennsco Stur-D-Stor Boltless Shelving, 5 Shelves, 24"" Deep, Sand",270.62,2,0.0,2.706200000000024
CA-2014-162880,2019-12-25,2019-12-29,Standard Class,GD-14590,Giulietta Dortch,Corporate,Everett,Washington,98208,OFF-BI-10003314,Office Supplies,Binders,Tuff Stuff Recycled Round Ring Binders,3.8560000000000003,1,0.2,1.3978000000000002
CA-2014-163979,2019-12-28,2020-01-02,Second Class,KH-16690,Kristen Hastings,Corporate,San Francisco,California,94110,OFF-ST-10003208,Office Supplies,Storage,Adjustable Depth Letter/Legal Cart,725.84,4,0.0,210.4935999999999
CA-2014-129805,2019-12-28,2020-01-02,Standard Class,HM-14860,Harry Marie,Corporate,Seattle,Washington,98103,FUR-FU-10001935,Furniture,Furnishings,3M Hangers With Command Adhesive,7.4,2,0.0,3.0340000000000007
US-2014-162068,2019-12-28,2019-12-31,Second Class,PC-18745,Pamela Coakley,Corporate,Loveland,Colorado,80538,OFF-BI-10002813,Office Supplies,Binders,Avery Reinforcements for Hole-Punch Pages,1.1880000000000002,2,0.7,-0.9899999999999998
CA-2014-101322,2019-12-28,2019-12-31,First Class,JG-15310,Jason Gross,Corporate,Long Beach,California,90805,FUR-CH-10003968,Furniture,Chairs,Novimex Turbo Task Chair,340.70400000000006,6,0.2,-34.07040000000001
CA-2014-122798,2019-12-28,2020-01-01,Standard Class,SV-20935,Susan Vittorini,Consumer,Albuquerque,New Mexico,87105,OFF-ST-10003058,Office Supplies,Storage,Eldon Mobile Mega Data Cart  Mega Stackable  Add-On Trays,118.25,5,0.0,34.2925
CA-2014-122798,2019-12-28,2020-01-01,Standard Class,SV-20935,Susan Vittorini,Consumer,Albuquerque,New Mexico,87105,OFF-PA-10004239,Office Supplies,Paper,Xerox 1953,4.28,1,0.0,1.9259999999999997
CA-2014-118885,2019-12-29,2020-01-02,Standard Class,JG-15160,James Galang,Consumer,Los Angeles,California,90049,FUR-CH-10002880,Furniture,Chairs,"Global High-Back Leather Tilter, Burgundy",393.568,4,0.2,-44.276400000000024
CA-2014-118885,2019-12-29,2020-01-02,Standard Class,JG-15160,James Galang,Consumer,Los Angeles,California,90049,TEC-PH-10002563,Technology,Phones,Adtran 1202752G1,302.376,3,0.2,22.678200000000018
CA-2014-146626,2019-12-29,2020-01-05,Standard Class,BP-11185,Ben Peterman,Corporate,Anaheim,California,92804,FUR-FU-10002501,Furniture,Furnishings,Nu-Dell Executive Frame,101.12,8,0.0,37.4144
CA-2014-130631,2019-12-29,2020-01-02,Standard Class,BS-11755,Bruce Stewart,Consumer,Edmonds,Washington,98026,OFF-FA-10000089,Office Supplies,Fasteners,Acco Glide Clips,19.6,5,0.0,9.604
CA-2014-130631,2019-12-29,2020-01-02,Standard Class,BS-11755,Bruce Stewart,Consumer,Edmonds,Washington,98026,FUR-FU-10004093,Furniture,Furnishings,Hand-Finished Solid Wood Document Frame,68.46,2,0.0,20.537999999999997
CA-2014-115427,2019-12-30,2020-01-03,Standard Class,EB-13975,Erica Bern,Corporate,Fairfield,California,94533,OFF-BI-10002103,Office Supplies,Binders,"Cardinal Slant-D Ring Binder, Heavy Gauge Vinyl",13.904,2,0.2,4.5188
CA-2014-115427,2019-12-30,2020-01-03,Standard Class,EB-13975,Erica Bern,Corporate,Fairfield,California,94533,OFF-BI-10004632,Office Supplies,Binders,GBC Binding covers,20.72,2,0.2,6.474999999999998
CA-2014-156720,2019-12-30,2020-01-03,Standard Class,JM-15580,Jill Matthias,Consumer,Loveland,Colorado,80538,OFF-FA-10003472,Office Supplies,Fasteners,Bagged Rubber Bands,3.024,3,0.2,-0.6048
